step,phase,obs,action_scaled,smoothed_joint_pos
0,,,,"[0.0, 0.0, 0.0, 0.0, 0.0, 0.0, 0.0, 0.0, 0.0, 0.0]"
10,0.0703125,"[ 2.00000003e-01  0.00000000e+00  0.00000000e+00 -1.11002941e-04
 -2.30032648e-03  1.11374701e-03  4.93944027e-02  1.60062555e-02
 -9.98651028e-01 -3.62977982e-02  1.60763543e-02  8.28338601e-03
 -9.52930450e-02  1.08854979e-01  3.97310257e-02 -2.17984002e-02
 -1.55313108e-02  6.93521500e-02 -1.52663380e-01 -4.39643860e-04
 -1.31874089e-03 -4.39643860e-04 -4.39643860e-04 -4.46782302e-04
 -4.39643860e-04 -4.39643860e-04 -4.39643860e-04 -4.39643860e-04
 -2.15929045e-04 -5.13929352e-02  2.25702941e-01  1.08604535e-01
  8.57063085e-02 -1.83376923e-01 -9.75974426e-02 -4.75049727e-02
  6.05607778e-02  2.66339108e-02  9.51636955e-02]","[-0.05109587  0.22586349  0.10845975  0.08522942 -0.18367146 -0.09810729
 -0.04727018  0.0604281   0.02692793  0.09536708]","[-0.3012095093727112, 0.19575977325439453, 0.09847842901945114, -0.41456323862075806, -0.03358348831534386, 0.15214014053344727, -0.017539450898766518, 0.07050573825836182, 0.5268548130989075, -0.05469011887907982]"
20,0.1484375,"[ 2.0000000e-01  0.0000000e+00  0.0000000e+00  7.3254958e-04
  1.1787431e-03 -1.1821116e-03  4.9346466e-02  1.6024055e-02
 -9.9865329e-01 -3.6679268e-02  1.6076354e-02  8.2833860e-03
 -9.5293045e-02  1.0885498e-01  3.9731026e-02 -2.1798400e-02
 -1.5531311e-02  6.9352150e-02 -1.5266338e-01 -4.3964386e-04
 -4.3964386e-04 -4.3964386e-04  4.3964386e-04  8.9207367e-04
 -4.3964386e-04 -4.3964386e-04  4.3964386e-04 -2.1978379e-03
  2.1592905e-04 -5.1230423e-02  2.2581401e-01  1.0835783e-01
  8.5346542e-02 -1.8350062e-01 -9.7956702e-02 -4.7371332e-02
  6.0534388e-02  2.6785113e-02  9.5257133e-02]","[-0.05122897  0.2258136   0.10839777  0.08553885 -0.18338694 -0.0976951
 -0.04766898  0.06050757  0.0268231   0.09528778]","[-0.3012210428714752, 0.1956290602684021, 0.0985100269317627, -0.4145469665527344, -0.0335591584444046, 0.15222004055976868, -0.017573513090610504, 0.07052939385175705, 0.5268067121505737, -0.05474558472633362]"
30,0.22656249999999997,"[ 2.0000000e-01  0.0000000e+00  0.0000000e+00  4.6944121e-04
 -1.9575788e-03 -1.0140363e-04  4.9327776e-02  1.6018037e-02
 -9.9865413e-01 -3.6297798e-02  1.6076354e-02  8.2833860e-03
 -9.5293045e-02  1.0885498e-01  3.9731026e-02 -2.1798400e-02
 -1.5531311e-02  6.9352150e-02 -1.5266338e-01  4.3964386e-04
 -1.3187409e-03 -4.3964386e-04 -4.3964386e-04  2.2553133e-04
 -2.1978379e-03 -3.0769350e-03  1.3187409e-03 -4.3964386e-04
 -2.1592905e-04 -5.1303796e-02  2.2578746e-01  1.0837467e-01
  8.5474700e-02 -1.8366119e-01 -9.7586289e-02 -4.7705743e-02
  6.0449734e-02  2.6826397e-02  9.5300324e-02]","[-0.05140737  0.22579725  0.1084771   0.08537672 -0.1836043  -0.09768359
 -0.04721101  0.06041731  0.02664698  0.09525402]","[-0.30130353569984436, 0.19572992622852325, 0.09842990338802338, -0.41455018520355225, -0.03342495113611221, 0.15216486155986786, -0.017407715320587158, 0.07055232673883438, 0.526748776435852, -0.05478673055768013]"
40,0.3046875,"[ 2.00000003e-01  0.00000000e+00  0.00000000e+00 -3.53308744e-03
 -5.25885145e-04 -3.36522167e-03  4.92618531e-02  1.59993526e-02
 -9.98657703e-01 -3.62977982e-02  1.60763543e-02  8.28338601e-03
 -9.52930450e-02  1.08854979e-01  3.97310257e-02 -2.17984002e-02
 -1.55313108e-02  6.93521500e-02 -1.52663380e-01 -4.39643860e-04
 -4.39643860e-04 -1.31874089e-03 -4.39643860e-04 -6.73707982e-04
 -4.39643860e-04 -1.31874089e-03  1.31874089e-03 -1.31874089e-03
 -4.32315370e-04 -5.11849895e-02  2.25512117e-01  1.08499065e-01
  8.53194669e-02 -1.83490798e-01 -9.79956537e-02 -4.75414135e-02
  6.06586784e-02  2.68935189e-02  9.52553079e-02]","[-0.05112395  0.22568274  0.10842065  0.08530042 -0.18368092 -0.09784582
 -0.04768488  0.06037162  0.02692611  0.09526614]","[-0.30119580030441284, 0.19571946561336517, 0.09840748459100723, -0.41468340158462524, -0.033639293164014816, 0.15211980044841766, -0.017486058175563812, 0.07052326947450638, 0.5268727540969849, -0.054735299199819565]"
50,0.3828125,"[ 0.2         0.          0.          0.10361884  0.08665317  0.24530344
  0.05161468  0.00856825 -0.9986303  -0.03934956  0.04888275  0.07084537
 -0.08499241  0.08394416  0.0324831  -0.01722076  0.00506805  0.06591892
 -0.14683864 -0.00131874  0.03648357  0.15340653  0.0320879  -0.05040663
 -0.0101099   0.02505493  0.04879112 -0.00571423  0.00457031 -0.06367309
  0.22532478  0.11665261  0.09892711 -0.1830398  -0.09361301 -0.0464569
  0.06082829  0.03021134  0.09608472]","[-0.06649991  0.22306524  0.11836243  0.10235225 -0.18014252 -0.09264693
 -0.04572744  0.06401203  0.02875619  0.09338862]","[-0.31063613295555115, 0.19573478400707245, 0.10470985621213913, -0.4039211571216583, -0.032743848860263824, 0.15408389270305634, -0.014031041413545609, 0.07100291550159454, 0.5286681652069092, -0.05519946664571762]"
60,0.46093749999999994,"[ 2.00000003e-01  0.00000000e+00  0.00000000e+00  4.85096611e-02
 -5.22956531e-03  6.61307693e-01  5.85012548e-02  3.18273262e-04
 -9.98287201e-01 -5.11751175e-02  8.09271634e-02  1.33407369e-01
 -5.48563004e-02  5.26887774e-02  3.40089798e-02  1.25348289e-02
  5.77118322e-02  6.28671646e-02 -1.48236364e-01 -1.71428677e-02
  2.32967380e-02  7.47261057e-03  1.45055773e-02 -3.69965434e-02
  5.71422605e-03  2.15385444e-02  3.56044769e-02 -5.71422605e-03
  3.27538326e-03 -6.89292625e-02  2.22888544e-01  1.38529375e-01
  1.00235611e-01 -1.79687709e-01 -1.20808154e-01 -2.93691568e-02
  7.91239962e-02  4.02808711e-02  8.75308067e-02]","[-0.06827817  0.22375101  0.1381598   0.09874196 -0.18103233 -0.12300701
 -0.02807433  0.07962159  0.04121801  0.08727571]","[-0.3198871612548828, 0.1933070719242096, 0.12797096371650696, -0.39838191866874695, -0.029906924813985825, 0.13224971294403076, -0.0022607664577662945, 0.08884415775537491, 0.5394436120986938, -0.06277123838663101]"
70,0.5390625,"[ 2.0000000e-01  0.0000000e+00  0.0000000e+00  2.8196666e-03
 -9.1285206e-02  3.5063285e-01  5.1332857e-02 -4.6994304e-03
 -9.9867058e-01 -5.7278633e-02  1.0038212e-01  1.5400673e-01
 -4.0360451e-02  2.5593549e-02  3.7442207e-02  3.2371253e-02
  7.4115030e-02  6.1722755e-02 -1.4120612e-01 -3.9560320e-03
  2.0659257e-02  2.1538544e-02  9.2308046e-03 -2.4678824e-02
 -3.9560320e-03  2.0659257e-02  2.9450608e-02 -4.3964386e-04
  4.4200239e-03 -6.3742287e-02  2.2417961e-01  1.3147722e-01
  8.8643149e-02 -1.9475015e-01 -1.2839945e-01 -3.2168481e-02
  7.4833371e-02  4.3698259e-02  9.3717225e-02]","[-0.06334373  0.22430533  0.12988986  0.08993366 -0.1964281  -0.12480358
 -0.03473387  0.07393686  0.0419411   0.09439648]","[-0.3138723075389862, 0.19428937137126923, 0.12231824547052383, -0.4106985926628113, -0.043497342616319656, 0.12160272896289825, -0.0013782393652945757, 0.08516581356525421, 0.5440389513969421, -0.056714218109846115]"
80,0.6171875,"[ 0.2         0.          0.         -0.02758547 -0.02529881  0.07417481
  0.04567579 -0.00529877 -0.99894226 -0.06338215  0.11754826  0.16888501
 -0.02853394 -0.00221367  0.03782368  0.0506818   0.09433388  0.06057835
 -0.12744632 -0.00483513  0.0101099  -0.00307693  0.01626377 -0.02444315
  0.00307693  0.01538467  0.00747261 -0.0118681   0.02205557 -0.06470204
  0.21609639  0.12514268  0.09632611 -0.19751309 -0.11115259 -0.04430838
  0.07456484  0.03491694  0.09480133]","[-0.06462219  0.21552329  0.12460224  0.09729062 -0.19699696 -0.10947017
 -0.04591601  0.07410771  0.03434392  0.09500323]","[-0.314333975315094, 0.18710070848464966, 0.11571046710014343, -0.40422019362449646, -0.04715766757726669, 0.13720957934856415, -0.013183828443288803, 0.08461403101682663, 0.5358424186706543, -0.05536641180515289]"
90,0.6953125,"[ 2.00000003e-01  0.00000000e+00  0.00000000e+00 -5.05449101e-02
  5.50654717e-02 -2.64094677e-02  4.68782745e-02 -6.68964116e-04
 -9.98900294e-01 -6.87227249e-02  1.24797136e-01  1.68503538e-01
 -1.21307373e-02 -2.36101598e-02  4.20198441e-02  5.56409061e-02
  9.54782888e-02  4.07419205e-02 -1.03326261e-01 -1.01099014e-02
  4.83512878e-03  4.39643860e-04  2.06592567e-02 -1.63585059e-02
  2.19783792e-03  2.19783792e-03 -1.31874089e-03 -2.50549316e-02
  2.67104842e-02 -6.62098601e-02  2.09610999e-01  1.22845426e-01
  1.07314184e-01 -1.95815980e-01 -9.73748416e-02 -5.51752038e-02
  7.28798658e-02  2.89311484e-02  9.61806476e-02]","[-0.06664271  0.20904349  0.12370525  0.10864043 -0.19609362 -0.0963098
 -0.05677405  0.07312008  0.02884603  0.09662001]","[-0.31610673666000366, 0.17973822355270386, 0.11326069384813309, -0.39358943700790405, -0.045908890664577484, 0.1522447168827057, -0.02506539225578308, 0.08266126364469528, 0.5292102694511414, -0.05386267602443695]"
100,0.7734375,"[ 0.2         0.          0.         -0.02257929  0.06687435 -0.00810362
  0.05299258  0.0033577  -0.9985894  -0.07635212  0.12975624  0.16697766
  0.00274658 -0.03946061  0.04736042  0.05754825  0.09090065  0.01976013
 -0.08239022 -0.00571423  0.00307693 -0.00395603  0.0092308  -0.01189046
  0.0092308   0.00131874 -0.00307693 -0.01626377  0.01724747 -0.06376527
  0.20701289  0.12536782  0.11414309 -0.19945526 -0.09540147 -0.05765501
  0.07326116  0.02805851  0.09982065]","[-0.06314551  0.20705612  0.12531285  0.11475245 -0.20010333 -0.09484911
 -0.05775496  0.07330077  0.02811357  0.10012925]","[-0.31489118933677673, 0.176953986287117, 0.11521746218204498, -0.3855184316635132, -0.048431333154439926, 0.15563897788524628, -0.02829585038125515, 0.0834985077381134, 0.527864933013916, -0.05092206597328186]"
110,0.8515625,"[ 2.00000003e-01  0.00000000e+00  0.00000000e+00 -1.31497988e-02
  2.44061090e-02 -3.75315435e-02  5.62371835e-02  5.89714432e-03
 -9.98400092e-01 -8.09297562e-02  1.33570939e-01  1.64687887e-01
  9.61303711e-03 -4.69065830e-02  5.19380569e-02  6.02185428e-02
  8.82303640e-02  7.17163086e-03 -7.02188760e-02 -1.31874089e-03
  1.31874089e-03  4.39643860e-04  6.59332285e-03 -5.50398836e-03
  2.19783792e-03 -1.31874089e-03 -1.31874089e-03 -9.23080463e-03
  8.17965157e-03 -5.79460189e-02  2.07310766e-01  1.26454026e-01
  1.13836855e-01 -2.07124010e-01 -9.69617367e-02 -5.79114743e-02
  7.07806051e-02  2.95120850e-02  1.04330264e-01]","[-0.05825108  0.2070604   0.12612404  0.11440685 -0.20680171 -0.09656151
 -0.05737798  0.07066079  0.02917597  0.10415761]","[-0.3082382082939148, 0.17730127274990082, 0.11614803969860077, -0.3862204849720001, -0.05637264996767044, 0.15297554433345795, -0.02734736166894436, 0.0807633176445961, 0.5292948484420776, -0.04600512236356735]"
120,0.9296874999999999,"[ 2.00000003e-01  0.00000000e+00  0.00000000e+00  6.93696830e-03
  1.94567908e-02  1.21108396e-03  5.83210140e-02  6.30600564e-03
 -9.98278022e-01 -8.05482864e-02  1.37004167e-01  1.63162008e-01
  1.64794922e-02 -5.12557924e-02  5.27009964e-02  6.28888309e-02
  8.70859548e-02  2.59399414e-03 -6.65202439e-02 -1.31874089e-03
  3.95603199e-03 -4.39643860e-04  3.07693495e-03 -1.44304673e-03
 -4.39643860e-04  4.39643860e-04 -4.39643860e-04 -4.83512878e-03
  2.49402667e-03 -5.80419675e-02  2.07495034e-01  1.27746716e-01
  1.15999565e-01 -2.08280265e-01 -9.70550776e-02 -5.68583645e-02
  7.10946694e-02  2.91739628e-02  1.05204605e-01]","[-0.05769663  0.20748588  0.1279017   0.11595854 -0.20825408 -0.09726143
 -0.05690168  0.07108393  0.02915698  0.10541286]","[-0.3079420030117035, 0.17711251974105835, 0.1178925409913063, -0.3842310607433319, -0.058484289795160294, 0.15310712158679962, -0.027440806850790977, 0.08107957988977432, 0.5294216275215149, -0.044851597398519516]"
130,1.0078125,"[ 2.00000003e-01  0.00000000e+00  0.00000000e+00  8.66371021e-03
  4.91081551e-03 -4.14705928e-03  5.90605363e-02  6.30848482e-03
 -9.98234391e-01 -8.01668167e-02  1.38148576e-01  1.63162008e-01
  1.83868408e-02 -5.22954985e-02  5.27009964e-02  6.36517704e-02
  8.70859548e-02  1.44958496e-03 -6.57295138e-02  1.31874089e-03
  4.39643860e-04 -4.39643860e-04  1.31874089e-03 -4.72563319e-04
 -4.39643860e-04 -4.39643860e-04  4.39643860e-04  4.39643860e-04
  2.05672972e-04 -5.64774126e-02  2.07304180e-01  1.28126815e-01
  1.14582375e-01 -2.10151151e-01 -9.90517735e-02 -5.59592061e-02
  7.08021075e-02  2.96737924e-02  1.06191963e-01]","[-0.05655052  0.2075508   0.127854    0.11486789 -0.21000226 -0.09861389
 -0.05589828  0.07065327  0.02947737  0.10617738]","[-0.306509792804718, 0.1775376945734024, 0.1180574968457222, -0.3853006362915039, -0.0601307675242424, 0.151073157787323, -0.025836410000920296, 0.08072265982627869, 0.5296545624732971, -0.04376916587352753]"
140,1.0859375,"[ 2.0000000e-01  0.0000000e+00  0.0000000e+00  3.2130464e-03
 -4.1821930e-03 -7.0359459e-04  5.9045870e-02  5.7180580e-03
 -9.9823904e-01 -7.9785347e-02  1.3814858e-01  1.6316201e-01
  1.9149780e-02 -5.3011589e-02  5.2700996e-02  6.3651770e-02
  8.7085955e-02  1.4495850e-03 -6.5729514e-02 -4.3964386e-04
 -1.3187409e-03 -4.3964386e-04 -4.3964386e-04 -1.1779267e-03
 -4.3964386e-04 -1.3187409e-03 -1.3187409e-03 -4.3964386e-04
  6.8352750e-04 -5.6236804e-02  2.0755640e-01  1.2778606e-01
  1.1373423e-01 -2.1061419e-01 -9.9949509e-02 -5.5266153e-02
  7.0429966e-02  2.9673792e-02  1.0662570e-01]","[-0.05621347  0.20752469  0.12777455  0.11373898 -0.21054833 -0.09993401
 -0.05519779  0.07040188  0.02969038  0.10662463]","[-0.3062008321285248, 0.17752684652805328, 0.11782624572515488, -0.38620296120643616, -0.060597557574510574, 0.1500938981771469, -0.025313163176178932, 0.08045454323291779, 0.5297304391860962, -0.04341625049710274]"
150,1.1640625,"[ 2.0000000e-01  0.0000000e+00  0.0000000e+00 -2.5662624e-03
  1.9394099e-03  6.6447654e-03  5.8748025e-02  5.5474322e-03
 -9.9825752e-01 -7.9785347e-02  1.3776711e-01  1.6316201e-01
  1.9531250e-02 -5.3838693e-02  5.2700996e-02  6.3651770e-02
  8.7085955e-02  1.4495850e-03 -6.5633044e-02 -1.3187409e-03
 -4.3964386e-04  4.3964386e-04 -4.3964386e-04  2.4270875e-04
 -1.3187409e-03 -4.3964386e-04 -4.3964386e-04 -4.3964386e-04
  4.3912261e-04 -5.6743264e-02  2.0726579e-01  1.2803338e-01
  1.1415100e-01 -2.1055843e-01 -9.9498495e-02 -5.5706333e-02
  7.0812024e-02  2.9703245e-02  1.0654398e-01]","[-0.0568483   0.2072329   0.12808494  0.1141841  -0.21052465 -0.09930216
 -0.05600755  0.07063189  0.02967554  0.10656451]","[-0.30668455362319946, 0.17726638913154602, 0.11805065721273422, -0.3859978914260864, -0.06061932444572449, 0.15043744444847107, -0.02581583522260189, 0.08062095940113068, 0.5297892689704895, -0.04340411350131035]"
160,1.2421875,"[ 2.0000000e-01  0.0000000e+00  0.0000000e+00  3.9104102e-04
  4.6005482e-03 -7.4827150e-03  5.9001442e-02  5.5743195e-03
 -9.9824250e-01 -7.9785347e-02  1.3776711e-01  1.6316201e-01
  1.9912720e-02 -5.4044940e-02  5.2700996e-02  6.3651770e-02
  8.7085955e-02  1.4495850e-03 -6.5633044e-02  4.3964386e-04
 -4.3964386e-04 -4.3964386e-04 -1.3187409e-03  4.7283177e-04
 -4.3964386e-04  1.3187409e-03  4.3964386e-04  1.3187409e-03
 -2.3887768e-04 -5.6486078e-02  2.0709726e-01  1.2760998e-01
  1.1414687e-01 -2.1025892e-01 -9.8897099e-02 -5.6100454e-02
  7.0166223e-02  2.9343978e-02  1.0666672e-01]","[-0.05641507  0.206974    0.12780984  0.1143101  -0.21054588 -0.09864043
 -0.05636501  0.07038819  0.02944684  0.10663412]","[-0.3065822124481201, 0.17706270515918732, 0.11769658327102661, -0.38569188117980957, -0.06026753783226013, 0.15114545822143555, -0.02609741874039173, 0.08043354004621506, 0.5293989181518555, -0.04343295842409134]"
170,1.3203125,"[ 2.0000000e-01  0.0000000e+00  0.0000000e+00  3.7059623e-03
 -3.3133329e-04  5.7498822e-03  5.9182011e-02  5.4502459e-03
 -9.9823236e-01 -7.9785347e-02  1.3776711e-01  1.6316201e-01
  2.0675659e-02 -5.4146975e-02  5.3082466e-02  6.3651770e-02
  8.7085955e-02  1.4495850e-03 -6.5633044e-02 -4.3964386e-04
  4.3964386e-04 -4.3964386e-04 -1.3187409e-03  4.7285837e-04
 -1.3187409e-03  1.3187409e-03 -1.3187409e-03  4.3964386e-04
  2.1680146e-04 -5.6225449e-02  2.0749630e-01  1.2759016e-01
  1.1380406e-01 -2.1071981e-01 -9.9580422e-02 -5.5659790e-02
  7.0340067e-02  2.9551014e-02  1.0684353e-01]","[-0.05642977  0.20722827  0.12807585  0.11399178 -0.2106215  -0.09951252
 -0.05572191  0.07052887  0.02960505  0.10695142]","[-0.30634868144989014, 0.17722927033901215, 0.11776502430438995, -0.38615143299102783, -0.060596950352191925, 0.15044961869716644, -0.025731414556503296, 0.08042346686124802, 0.5296034216880798, -0.04320434108376503]"
180,1.3984375,"[ 2.0000000e-01  0.0000000e+00  0.0000000e+00  3.5776107e-03
  1.5905186e-03  3.9113355e-03  5.9008926e-02  5.4383851e-03
 -9.9824250e-01 -7.9785347e-02  1.3776711e-01  1.6316201e-01
  2.0675659e-02 -5.4453120e-02  5.3082466e-02  6.3651770e-02
  8.7085955e-02  1.4495850e-03 -6.5536559e-02 -4.3964386e-04
 -4.3964386e-04  1.3187409e-03 -2.1978379e-03 -2.4856272e-06
 -1.3187409e-03 -1.3187409e-03  4.3964386e-04 -1.3187409e-03
  5.5001528e-06 -5.6379385e-02  2.0690976e-01  1.2802754e-01
  1.1385751e-01 -2.1087062e-01 -9.9532701e-02 -5.5857439e-02
  7.0548549e-02  2.9682226e-02  1.0685367e-01]","[-0.05678193  0.20730397  0.12785794  0.11414126 -0.21043342 -0.09929955
 -0.05554428  0.07035056  0.02943357  0.10686056]","[-0.30655524134635925, 0.17709669470787048, 0.11786945909261703, -0.3860493302345276, -0.060652025043964386, 0.15059638023376465, -0.025725139304995537, 0.08046137541532516, 0.529559850692749, -0.04318959265947342]"
190,1.4765625,"[ 2.00000003e-01  0.00000000e+00  0.00000000e+00 -5.26845048e-04
  5.99963916e-03 -1.19820342e-03  5.93046471e-02  5.23209712e-03
 -9.98226285e-01 -7.97853470e-02  1.37767106e-01  1.63162008e-01
  2.10571289e-02 -5.47614768e-02  5.34639359e-02  6.36517704e-02
  8.70859548e-02  1.44958496e-03 -6.55365586e-02 -4.39643860e-04
 -4.39643860e-04 -4.39643860e-04 -4.39643860e-04 -7.03234808e-04
 -4.39643860e-04  4.39643860e-04 -4.39643860e-04  4.39643860e-04
 -2.27902550e-04 -5.68904206e-02  2.06863970e-01  1.27558738e-01
  1.14343986e-01 -2.10094407e-01 -9.87356529e-02 -5.59998341e-02
  7.04334974e-02  2.92840824e-02  1.06730260e-01]","[-0.05679844  0.2068574   0.12768123  0.11430867 -0.21034846 -0.0987156
 -0.05614963  0.07045012  0.02930143  0.10677759]","[-0.30681195855140686, 0.1769653856754303, 0.1176481693983078, -0.38567236065864563, -0.060230132192373276, 0.1511981189250946, -0.02604507841169834, 0.08044541627168655, 0.5292909145355225, -0.04324451833963394]"
200,1.5546875,"[ 2.00000003e-01  0.00000000e+00  0.00000000e+00  3.81162448e-04
 -1.01229102e-06 -1.15020690e-03  5.94494604e-02  5.26271481e-03
 -9.98217463e-01 -7.97853470e-02  1.37767106e-01  1.63162008e-01
  2.14385986e-02 -5.49677759e-02  5.38454056e-02  6.36517704e-02
  8.70859548e-02  1.44958496e-03 -6.53388053e-02  1.31874089e-03
 -4.39643860e-04 -4.39643860e-04  4.39643860e-04  2.42643218e-04
  4.39643860e-04  4.39643860e-04 -4.39643860e-04  4.39643860e-04
 -2.27925164e-04 -5.63302487e-02  2.07046777e-01  1.27850324e-01
  1.13762096e-01 -2.11067140e-01 -9.94094238e-02 -5.59099428e-02
  7.01954812e-02  2.95537412e-02  1.07126810e-01]","[-0.05647074  0.20689622  0.12765595  0.11390433 -0.21070305 -0.09928775
 -0.05579133  0.07032514  0.02950714  0.10708147]","[-0.306439071893692, 0.17697200179100037, 0.11758404225111008, -0.3862157464027405, -0.06062514707446098, 0.15061421692371368, -0.025759752839803696, 0.08022329211235046, 0.5294522047042847, -0.04295417666435242]"
210,1.6328124999999998,"[ 2.0000000e-01  0.0000000e+00  0.0000000e+00  1.1441157e-03
 -6.8834040e-04  5.9515727e-04  5.9380893e-02  5.2353479e-03
 -9.9822164e-01 -8.0166817e-02  1.3776711e-01  1.6316201e-01
  2.1438599e-02 -5.5380404e-02  5.3845406e-02  6.3651770e-02
  8.7085955e-02  1.4495850e-03 -6.5145776e-02 -4.3964386e-04
 -4.3964386e-04  1.3187409e-03 -4.3964386e-04 -2.3282848e-04
  4.3964386e-04 -1.3187409e-03  4.3964386e-04  4.3964386e-04
  2.1699043e-04 -5.6434371e-02  2.0710741e-01  1.2761475e-01
  1.1377303e-01 -2.1075960e-01 -9.9703729e-02 -5.5260669e-02
  7.0372730e-02  2.9518209e-02  1.0710675e-01]","[-0.05645678  0.20700496  0.12751965  0.11377086 -0.21074595 -0.09952836
 -0.05548799  0.07030103  0.02951577  0.10712699]","[-0.3064148724079132, 0.1770929992198944, 0.11763396114110947, -0.3861849904060364, -0.06081916764378548, 0.15048295259475708, -0.025566672906279564, 0.08030258864164352, 0.5295207500457764, -0.042877111583948135]"
220,1.7109375,"[ 2.0000000e-01  0.0000000e+00  0.0000000e+00 -9.6117030e-04
  2.4785595e-03  3.2021555e-03  5.9330013e-02  5.1528867e-03
 -9.9822509e-01 -8.0166817e-02  1.3776711e-01  1.6316201e-01
  2.1820068e-02 -5.5484630e-02  5.4226875e-02  6.3651770e-02
  8.7085955e-02  1.4495850e-03 -6.4745426e-02 -1.3187409e-03
 -4.3964386e-04 -4.3964386e-04  4.3964386e-04 -9.5346331e-04
  4.3964386e-04 -1.3187409e-03 -4.3964386e-04 -4.3964386e-04
  6.8387954e-04 -5.6888074e-02  2.0703512e-01  1.2735850e-01
  1.1416280e-01 -2.1053109e-01 -9.8848224e-02 -5.5745941e-02
  7.0273690e-02  2.9221706e-02  1.0705341e-01]","[-0.05676742  0.2068342   0.12751979  0.11403357 -0.21046938 -0.09921866
 -0.05571308  0.07044137  0.02936896  0.10704118]","[-0.3066585958003998, 0.17685478925704956, 0.11751881241798401, -0.38597530126571655, -0.06057664752006531, 0.15081574022769928, -0.025644617155194283, 0.0803874135017395, 0.5293379426002502, -0.04291864484548569]"
230,1.7890625,"[ 2.0000000e-01  0.0000000e+00  0.0000000e+00  2.4432691e-03
 -3.7779397e-04  3.0360352e-03  5.9490614e-02  5.0427299e-03
 -9.9821615e-01 -7.9785347e-02  1.3776711e-01  1.6316201e-01
  2.2583008e-02 -5.5690959e-02  5.4226875e-02  6.3651770e-02
  8.7085955e-02  1.4495850e-03 -6.4644128e-02  1.3187409e-03
 -1.3187409e-03 -2.1978379e-03  4.3964386e-04 -2.3780037e-04
 -4.3964386e-04 -2.1978379e-03  4.3964386e-04  1.3187409e-03
  4.5045823e-04 -5.6581728e-02  2.0693509e-01  1.2769105e-01
  1.1403699e-01 -2.1065478e-01 -9.9292189e-02 -5.5832412e-02
  7.0131779e-02  2.9278420e-02  1.0734426e-01]","[-0.05679288  0.20678407  0.12748045  0.11400057 -0.21057199 -0.09925368
 -0.05531999  0.07050022  0.02922241  0.1071161 ]","[-0.30674004554748535, 0.17687126994132996, 0.11757496744394302, -0.3860054016113281, -0.06059490889310837, 0.15076225996017456, -0.02563445270061493, 0.0802723690867424, 0.5292707085609436, -0.0427931509912014]"
240,1.8671875,"[ 2.0000000e-01  0.0000000e+00  0.0000000e+00 -4.7509954e-03
  5.9358648e-04 -1.4430557e-03  5.9526056e-02  5.0199134e-03
 -9.9821413e-01 -7.9785347e-02  1.3776711e-01  1.6316201e-01
  2.2583008e-02 -5.5690959e-02  5.4226875e-02  6.3651770e-02
  8.7085955e-02  1.4495850e-03 -6.4542815e-02 -4.3964386e-04
 -1.3187409e-03  4.3964386e-04 -4.3964386e-04  2.4756181e-04
 -4.3964386e-04 -1.3187409e-03  1.3187409e-03  4.3964386e-04
 -5.5120881e-06 -5.6549214e-02  2.0654285e-01  1.2768129e-01
  1.1397792e-01 -2.1054780e-01 -9.9377289e-02 -5.5432010e-02
  7.0314914e-02  2.9171608e-02  1.0719948e-01]","[-0.05661849  0.2067078   0.12750453  0.11378742 -0.2109988  -0.09923457
 -0.0559262   0.07017051  0.02937417  0.10721105]","[-0.3066663444042206, 0.17673783004283905, 0.11752694845199585, -0.3860583007335663, -0.06069531291723251, 0.15079165995121002, -0.02567783184349537, 0.08026090264320374, 0.5292333364486694, -0.04279427230358124]"
250,1.9453125000000002,"[ 2.0000000e-01  0.0000000e+00  0.0000000e+00  4.4909241e-03
  3.0581136e-03  3.5723923e-03  5.9469812e-02  5.0748102e-03
 -9.9821723e-01 -7.9785347e-02  1.3814858e-01  1.6316201e-01
  2.2583008e-02 -5.5793069e-02  5.4226875e-02  6.3651770e-02
  8.7085955e-02  1.4495850e-03 -6.4542815e-02 -1.3187409e-03
  4.3964386e-04 -4.3964386e-04 -4.3964386e-04  7.3287360e-06
 -4.3964386e-04 -4.3964386e-04  1.3187409e-03  4.3964386e-04
  2.2801085e-04 -5.6422465e-02  2.0677666e-01  1.2758553e-01
  1.1387578e-01 -2.1054290e-01 -9.9655546e-02 -5.5383090e-02
  7.0188493e-02  2.9341869e-02  1.0722893e-01]","[-0.05666869  0.2070856   0.12758286  0.11418635 -0.21071304 -0.09925312
 -0.0557188   0.07034539  0.02929769  0.10717653]","[-0.30657699704170227, 0.17689260840415955, 0.11762213706970215, -0.38596826791763306, -0.06065407767891884, 0.15060415863990784, -0.025712227448821068, 0.08025223761796951, 0.5293459892272949, -0.04281435161828995]"
260,2.0234375,"[ 2.0000000e-01  0.0000000e+00  0.0000000e+00 -2.5110226e-03
 -3.3236307e-04 -7.2040211e-04  5.9510529e-02  5.0563486e-03
 -9.9821496e-01 -7.9785347e-02  1.3776711e-01  1.6316201e-01
  2.2964478e-02 -5.5897303e-02  5.4226875e-02  6.3651770e-02
  8.7085955e-02  1.4495850e-03 -6.4446285e-02 -4.3964386e-04
 -4.3964386e-04 -4.3964386e-04  2.1978379e-03 -2.3286312e-04
  1.3187409e-03 -4.3964386e-04 -1.3187409e-03 -4.3964386e-04
  2.1699074e-04 -5.6660242e-02  2.0688143e-01  1.2763426e-01
  1.1399257e-01 -2.1069646e-01 -9.9265859e-02 -5.5685680e-02
  7.0179693e-02  2.9163845e-02  1.0729100e-01]","[-0.05650274  0.2067011   0.12736726  0.11374107 -0.2106688  -0.09950928
 -0.05583606  0.07024348  0.02937173  0.10723192]","[-0.30663755536079407, 0.1768307387828827, 0.11747763305902481, -0.38604438304901123, -0.06069042161107063, 0.15073710680007935, -0.025751667097210884, 0.08023227751255035, 0.5292506814002991, -0.042753007262945175]"
270,2.1015625,"[ 2.00000003e-01  0.00000000e+00  0.00000000e+00 -5.31976344e-03
 -2.16281204e-03  1.67089095e-03  5.94716445e-02  5.12327813e-03
 -9.98216987e-01 -7.97853470e-02  1.37767106e-01  1.63162008e-01
  2.29644775e-02 -5.59994131e-02  5.46083450e-02  6.36517704e-02
  8.70859548e-02  1.44958496e-03 -6.44462854e-02  4.39643860e-04
 -1.31874089e-03  4.39643860e-04  1.31874089e-03  2.43795216e-06
 -4.39643860e-04  1.31874089e-03  4.39643860e-04  4.39643860e-04
 -2.28024350e-04 -5.63606396e-02  2.06711516e-01  1.27611756e-01
  1.13782465e-01 -2.11036310e-01 -9.95217413e-02 -5.55091761e-02
  7.01260567e-02  2.94083580e-02  1.07438244e-01]","[-0.0565413   0.20669353  0.12765299  0.11364561 -0.21132912 -0.09938547
 -0.0560442   0.07013122  0.02960709  0.10745504]","[-0.30640390515327454, 0.17680294811725616, 0.11758419126272202, -0.3862926661968231, -0.06115000694990158, 0.15049968659877777, -0.025800425559282303, 0.08010668307542801, 0.5294509530067444, -0.04254300892353058]"
280,2.1796875,"[ 2.0000000e-01  0.0000000e+00  0.0000000e+00 -8.2522654e-04
  7.9597480e-04 -8.5992372e-04  5.9484217e-02  5.1293727e-03
 -9.9821591e-01 -7.9785347e-02  1.3814858e-01  1.6316201e-01
  2.2964478e-02 -5.5999413e-02  5.4608345e-02  6.3651770e-02
  8.7085955e-02  1.4495850e-03 -6.4446285e-02  4.3964386e-04
 -4.3964386e-04 -1.3187409e-03 -4.3964386e-04 -4.6822146e-04
 -2.1978379e-03 -1.3187409e-03 -4.3964386e-04  4.3964386e-04
 -2.3895901e-04 -5.6722157e-02  2.0656443e-01  1.2775345e-01
  1.1405818e-01 -2.1112326e-01 -9.9003486e-02 -5.6112070e-02
  7.0230134e-02  2.9453434e-02  1.0734385e-01]","[-0.05683754  0.20671639  0.127714    0.1140999  -0.21090941 -0.09900054
 -0.05581458  0.07019769  0.02918389  0.10729352]","[-0.3066295087337494, 0.1767357885837555, 0.11768101900815964, -0.3859766721725464, -0.060941845178604126, 0.15082179009914398, -0.025838302448391914, 0.0801970362663269, 0.5293359160423279, -0.04266614839434624]"
290,2.2578125,"[ 2.00000003e-01  0.00000000e+00  0.00000000e+00 -7.27872073e-04
 -6.28318521e-04 -1.08058564e-03  5.94675317e-02  5.02099283e-03
 -9.98217702e-01 -7.97853470e-02  1.37767106e-01  1.63162008e-01
  2.29644775e-02 -5.63078970e-02  5.46083450e-02  6.36517704e-02
  8.70859548e-02  1.44958496e-03 -6.44462854e-02  4.39643860e-04
 -1.31874089e-03 -4.39643860e-04  4.39643860e-04 -4.73200576e-04
 -4.39643860e-04  4.39643860e-04 -4.39643860e-04 -2.19783792e-03
 -2.38959008e-04 -5.67272231e-02  2.07150146e-01  1.27158165e-01
  1.13595903e-01 -2.11003944e-01 -9.94385928e-02 -5.54777719e-02
  6.99334592e-02  2.92886868e-02  1.07530005e-01]","[-0.05668791  0.20680034  0.12748444  0.11378636 -0.21073951 -0.09928946
 -0.05575811  0.07005903  0.02933941  0.10744353]","[-0.30667808651924133, 0.17688676714897156, 0.117442786693573, -0.3862231373786926, -0.06090066581964493, 0.15063586831092834, -0.025695428252220154, 0.08011531829833984, 0.5293146967887878, -0.04257179796695709]"
300,2.3359375,"[ 2.00000003e-01  0.00000000e+00  0.00000000e+00 -7.40647898e-04
  1.12189766e-04 -1.11261255e-03  5.94275780e-02  4.99171810e-03
 -9.98220086e-01 -7.97853470e-02  1.37767106e-01  1.63162008e-01
  2.33459473e-02 -5.63078970e-02  5.46083450e-02  6.36517704e-02
  8.70859548e-02  1.44958496e-03 -6.44462854e-02 -4.39643860e-04
 -1.31874089e-03 -4.39643860e-04 -4.39643860e-04 -4.78044152e-04
  1.31874089e-03 -4.39643860e-04 -4.39643860e-04 -4.39643860e-04
 -4.61490679e-04 -5.65156713e-02  2.06745952e-01  1.27510443e-01
  1.13540910e-01 -2.11001530e-01 -9.97042060e-02 -5.57085238e-02
  7.01361597e-02  2.94041783e-02  1.07472502e-01]","[-0.0564891   0.2067922   0.1273089   0.11367054 -0.21085599 -0.09955632
 -0.05557421  0.07010891  0.02933081  0.10745128]","[-0.30648568272590637, 0.1768368035554886, 0.11739328503608704, -0.3863467872142792, -0.060858242213726044, 0.1504235863685608, -0.025635220110416412, 0.08008027076721191, 0.5292737483978271, -0.04253409802913666]"
310,2.4140625,"[ 2.00000003e-01  0.00000000e+00  0.00000000e+00  1.74576556e-03
  1.54836883e-03  2.48576771e-03  5.94361871e-02  5.04068937e-03
 -9.98219252e-01 -7.97853470e-02  1.38148576e-01  1.63162008e-01
  2.33459473e-02 -5.64121306e-02  5.46083450e-02  6.36517704e-02
  8.70859548e-02  1.44958496e-03 -6.44462854e-02 -4.39643860e-04
 -3.95603199e-03 -4.39643860e-04 -2.19783792e-03 -9.39017162e-04
 -4.39643860e-04 -1.31874089e-03  1.31874089e-03  1.31874089e-03
 -5.49266133e-06 -5.65979704e-02  2.06662610e-01  1.27524719e-01
  1.13929644e-01 -2.10968480e-01 -9.90966707e-02 -5.57844974e-02
  7.02307299e-02  2.92684510e-02  1.07410356e-01]","[-0.05686367  0.20693961  0.12736325  0.11391373 -0.21099496 -0.09923272
 -0.05523993  0.07022149  0.0291995   0.1074005 ]","[-0.3066663444042206, 0.1767432987689972, 0.11747580021619797, -0.38612690567970276, -0.06090389937162399, 0.15077516436576843, -0.025689750909805298, 0.08014649897813797, 0.5292465090751648, -0.04259563982486725]"
320,2.4921875,"[ 2.0000000e-01  0.0000000e+00  0.0000000e+00 -9.4802794e-04
 -1.3264503e-05  4.5655025e-03  5.9409026e-02  5.0167781e-03
 -9.9822116e-01 -7.9785347e-02  1.3814858e-01  1.6316201e-01
  2.3345947e-02 -5.6412131e-02  5.4608345e-02  6.3651770e-02
  8.7085955e-02  1.4495850e-03 -6.4446285e-02 -4.3964386e-04
 -4.3964386e-04  4.3964386e-04  1.3187409e-03  2.4264205e-04
 -1.3187409e-03 -1.3187409e-03 -4.3964386e-04 -4.3964386e-04
 -5.4926613e-06 -5.6489162e-02  2.0690620e-01  1.2756954e-01
  1.1379124e-01 -2.1119681e-01 -9.9371873e-02 -5.5740658e-02
  7.0053160e-02  2.9455118e-02  1.0755370e-01]","[-0.05693307  0.20680115  0.12762499  0.11391108 -0.21083274 -0.09934939
 -0.05574531  0.07023369  0.02932992  0.10737946]","[-0.3066618740558624, 0.1767364889383316, 0.11749193072319031, -0.38619452714920044, -0.060878343880176544, 0.1506211906671524, -0.025655807927250862, 0.08017832785844803, 0.5293008685112, -0.042570315301418304]"
330,2.5703125,"[ 2.0000000e-01  0.0000000e+00  0.0000000e+00 -3.1461305e-04
 -6.2845816e-04 -3.3977022e-03  5.9432093e-02  5.0206557e-03
 -9.9821973e-01 -7.9785347e-02  1.3814858e-01  1.6316201e-01
  2.3345947e-02 -5.6514271e-02  5.4608345e-02  6.3651770e-02
  8.7085955e-02  1.4495850e-03 -6.4446285e-02  4.3964386e-04
  4.3964386e-04 -1.3187409e-03 -1.3187409e-03 -2.2812933e-04
 -4.3964386e-04 -4.3964386e-04  4.3964386e-04 -4.3964386e-04
 -4.6149068e-04 -5.6452714e-02  2.0659260e-01  1.2757459e-01
  1.1385216e-01 -2.1095377e-01 -9.9383034e-02 -5.5772092e-02
  7.0216142e-02  2.9389821e-02  1.0742434e-01]","[-0.0564519   0.20669712  0.12763558  0.1139016  -0.21098807 -0.09927922
 -0.05576422  0.0700429   0.02928164  0.10744125]","[-0.3066085875034332, 0.17669671773910522, 0.11754973977804184, -0.38607558608055115, -0.06087513267993927, 0.15074549615383148, -0.025796296074986458, 0.08016207814216614, 0.5292765498161316, -0.04260971024632454]"
340,2.6484375,"[ 2.00000003e-01  0.00000000e+00  0.00000000e+00  6.01475360e-04
  4.22858342e-04 -1.50168128e-03  5.94244413e-02  4.99813072e-03
 -9.98220205e-01 -7.97853470e-02  1.37767106e-01  1.63162008e-01
  2.33459473e-02 -5.65142706e-02  5.46083450e-02  6.36517704e-02
  8.70859548e-02  1.44958496e-03 -6.43497258e-02 -4.39643860e-04
 -1.31874089e-03 -4.39643860e-04 -1.31874089e-03 -7.08605978e-04
 -1.31874089e-03 -4.39643860e-04 -4.39643860e-04 -1.31874089e-03
 -2.28037825e-04 -5.66340908e-02  2.06953034e-01  1.27279937e-01
  1.13702916e-01 -2.10672021e-01 -9.95006114e-02 -5.53768612e-02
  6.99524209e-02  2.91850939e-02  1.07478663e-01]","[-0.0567005   0.20679814  0.12746167  0.11382781 -0.21077827 -0.09924883
 -0.05565232  0.07004651  0.02918812  0.10746302]","[-0.3067132532596588, 0.17679227888584137, 0.11743903905153275, -0.38614320755004883, -0.0607839897274971, 0.15073050558567047, -0.025699017569422722, 0.08009371161460876, 0.5292273759841919, -0.04259440675377846]"
350,2.7265625,"[ 2.0000000e-01  0.0000000e+00  0.0000000e+00  6.7950907e-04
  1.4278190e-03 -3.2166068e-03  5.9385646e-02  4.9875150e-03
 -9.9822259e-01 -7.9785347e-02  1.3814858e-01  1.6316201e-01
  2.3345947e-02 -5.6514271e-02  5.4608345e-02  6.3651770e-02
  8.7085955e-02  1.4495850e-03 -6.4349726e-02 -2.1978379e-03
  4.3964386e-04 -4.3964386e-04 -4.3964386e-04 -2.2812933e-04
 -4.3964386e-04 -1.3187409e-03  4.3964386e-04  4.3964386e-04
 -1.6417374e-05 -5.6758955e-02  2.0685536e-01  1.2727731e-01
  1.1399446e-01 -2.1062273e-01 -9.9163666e-02 -5.5653606e-02
  7.0131913e-02  2.9103361e-02  1.0736426e-01]","[-0.05652694  0.20685545  0.12739281  0.11390416 -0.2108688  -0.09927502
 -0.05578806  0.07006928  0.02917055  0.10738695]","[-0.30657845735549927, 0.17677684128284454, 0.11746387928724289, -0.3861105740070343, -0.06085413694381714, 0.15063053369522095, -0.02573498524725437, 0.08016463369131088, 0.5292832851409912, -0.042613230645656586]"
360,2.8046875,"[ 2.0000000e-01  0.0000000e+00  0.0000000e+00  1.5293796e-03
  1.3950941e-03 -3.0721287e-04  5.9324961e-02  5.0370470e-03
 -9.9822605e-01 -8.0166817e-02  1.3814858e-01  1.6316201e-01
  2.3345947e-02 -5.6514271e-02  5.4608345e-02  6.3651770e-02
  8.7085955e-02  1.4495850e-03 -6.4349726e-02 -1.3187409e-03
 -4.3964386e-04 -1.3187409e-03  4.3964386e-04 -2.3784736e-04
 -4.3964386e-04 -4.3964386e-04 -4.3964386e-04 -1.3187409e-03
 -2.2803782e-04 -5.7121359e-02  2.0659317e-01  1.2747592e-01
  1.1396989e-01 -2.1064906e-01 -9.9013954e-02 -5.5676084e-02
  7.0203073e-02  2.9135853e-02  1.0736854e-01]","[-0.05676036  0.20690022  0.1274212   0.11402199 -0.21065105 -0.09916998
 -0.05571773  0.07015559  0.02916185  0.10735466]","[-0.306684285402298, 0.17669770121574402, 0.11749190837144852, -0.3860795497894287, -0.060772307217121124, 0.15071943402290344, -0.025706486776471138, 0.08019816875457764, 0.5292523503303528, -0.04262174665927887]"
370,2.8828125,"[ 2.00000003e-01  0.00000000e+00  0.00000000e+00 -4.90030833e-03
  1.92384154e-03 -6.13675220e-04  5.93226813e-02  4.99152299e-03
 -9.98226404e-01 -7.97853470e-02  1.38148576e-01  1.63162008e-01
  2.33459473e-02 -5.65142706e-02  5.46083450e-02  6.36517704e-02
  8.70859548e-02  1.44958496e-03 -6.43497258e-02 -4.39643860e-04
 -1.31874089e-03  1.31874089e-03  1.31874089e-03  7.24996562e-06
 -4.39643860e-04  1.31874089e-03  2.19783792e-03 -1.31874089e-03
 -1.64173744e-05 -5.67469522e-02  2.06985176e-01  1.27538726e-01
  1.13998808e-01 -2.10970685e-01 -9.91800576e-02 -5.56833334e-02
  7.01358765e-02  2.91407481e-02  1.07466914e-01]","[-0.05681231  0.20677757  0.12756655  0.11396614 -0.21112938 -0.09895823
 -0.05633981  0.07000764  0.02944811  0.10739418]","[-0.3066953718662262, 0.1767580807209015, 0.1175275593996048, -0.3860715329647064, -0.06093374639749527, 0.15074507892131805, -0.025872264057397842, 0.08020611852407455, 0.5292876362800598, -0.042600639164447784]"
380,2.9609375,"[ 2.0000000e-01  0.0000000e+00  0.0000000e+00 -5.9449399e-04
 -2.5165902e-04  2.0054358e-03  5.9317820e-02  4.9996087e-03
 -9.9822664e-01 -7.9785347e-02  1.3776711e-01  1.6316201e-01
  2.3345947e-02 -5.6514271e-02  5.4608345e-02  6.3651770e-02
  8.7085955e-02  1.4495850e-03 -6.4349726e-02 -1.3187409e-03
 -4.3964386e-04  4.3964386e-04  4.3964386e-04  7.2499656e-06
 -4.3964386e-04 -3.0769350e-03 -4.3964386e-04 -4.3964386e-04
 -2.2803782e-04 -5.6547321e-02  2.0682019e-01  1.2755488e-01
  1.1396993e-01 -2.1091782e-01 -9.9189773e-02 -5.5660356e-02
  7.0044205e-02  2.9208802e-02  1.0759276e-01]","[-0.0568113   0.20676479  0.1273791   0.11378179 -0.2106514  -0.09946985
 -0.05548822  0.07015645  0.02919277  0.1073653 ]","[-0.30676180124282837, 0.17678041756153107, 0.11744718253612518, -0.38610222935676575, -0.06076037511229515, 0.1507369726896286, -0.025691503658890724, 0.08014601469039917, 0.5292207598686218, -0.0425693541765213]"
390,3.0390625,"[ 2.00000003e-01  0.00000000e+00  0.00000000e+00  1.02023222e-03
  1.09173835e-03 -1.46572758e-03  5.93243837e-02  5.06586442e-03
 -9.98225927e-01 -8.01668167e-02  1.37767106e-01  1.63162008e-01
  2.33459473e-02 -5.65142706e-02  5.46083450e-02  6.36517704e-02
  8.70859548e-02  1.44958496e-03 -6.43497258e-02 -1.31874089e-03
 -1.31874089e-03  4.39643860e-04 -4.39643860e-04  4.82841482e-04
 -4.39643860e-04 -4.39643860e-04 -4.39643860e-04 -4.39643860e-04
 -1.64173744e-05 -5.64958453e-02  2.07023710e-01  1.27567083e-01
  1.13752067e-01 -2.11063623e-01 -9.95804518e-02 -5.58141358e-02
  7.00141042e-02  2.93913782e-02  1.07508756e-01]","[-0.05661251  0.20692353  0.12735532  0.11382045 -0.21087992 -0.0993132
 -0.05571989  0.07009115  0.02924212  0.10750078]","[-0.3066348731517792, 0.1767836958169937, 0.11757660657167435, -0.3861372470855713, -0.06111397594213486, 0.1507226526737213, -0.02589770406484604, 0.080146923661232, 0.5293349623680115, -0.04255497083067894]"
400,3.1171875,"[ 2.0000000e-01  0.0000000e+00  0.0000000e+00  2.7233069e-03
 -2.6114490e-03 -7.6448912e-04  5.9315991e-02  4.9933381e-03
 -9.9822676e-01 -7.9785347e-02  1.3776711e-01  1.6316201e-01
  2.3345947e-02 -5.6514271e-02  5.4608345e-02  6.3651770e-02
  8.7085955e-02  1.4495850e-03 -6.4349726e-02 -4.3964386e-04
 -4.3964386e-04  4.3964386e-04 -4.3964386e-04  7.1343890e-04
 -1.3187409e-03 -2.1978379e-03 -4.3964386e-04 -4.3964386e-04
  2.1704305e-04 -5.6927621e-02  2.0651716e-01  1.2758613e-01
  1.1403099e-01 -2.1077195e-01 -9.9059157e-02 -5.6101758e-02
  7.0294902e-02  2.9325448e-02  1.0723997e-01]","[-0.05671614  0.20694     0.1273576   0.11378209 -0.21073422 -0.09944201
 -0.05530125  0.07001972  0.02913176  0.10753144]","[-0.3067041039466858, 0.17673063278198242, 0.1175176128745079, -0.38612309098243713, -0.06071941554546356, 0.15064190328121185, -0.02564915269613266, 0.08010927587747574, 0.5292376279830933, -0.042577046900987625]"
410,3.1953125,"[ 2.00000003e-01  0.00000000e+00  0.00000000e+00 -2.48744327e-04
  1.07601297e-03  4.70889827e-05  5.93028739e-02  4.95294016e-03
 -9.98227835e-01 -7.97853470e-02  1.37767106e-01  1.63162008e-01
  2.33459473e-02 -5.65142706e-02  5.46083450e-02  6.36517704e-02
  8.70859548e-02  1.44958496e-03 -6.43497258e-02 -1.31874089e-03
 -4.39643860e-04 -4.39643860e-04 -1.31874089e-03 -2.37847358e-04
 -4.39643860e-04 -4.39643860e-04 -4.39643860e-04 -2.19783792e-03
 -2.38933673e-04 -5.64978644e-02  2.06791073e-01  1.27528131e-01
  1.13758855e-01 -2.10924223e-01 -9.95081067e-02 -5.56257851e-02
  6.99608773e-02  2.93407440e-02  1.07484140e-01]","[-0.05665048  0.20686059  0.12750538  0.11384856 -0.21075174 -0.09938993
 -0.05574972  0.07003917  0.02924207  0.10746292]","[-0.30655401945114136, 0.17680293321609497, 0.11751411855220795, -0.38624143600463867, -0.0609341524541378, 0.15050069987773895, -0.02569892257452011, 0.08011428266763687, 0.5292743444442749, -0.04254027083516121]"
420,3.2734375000000004,"[ 2.0000000e-01  0.0000000e+00  0.0000000e+00 -1.8079168e-03
  1.7618051e-03  1.6755509e-03  5.9353568e-02  5.0685033e-03
 -9.9822414e-01 -7.9785347e-02  1.3776711e-01  1.6316201e-01
  2.3345947e-02 -5.6514271e-02  5.4608345e-02  6.3651770e-02
  8.7085955e-02  1.4495850e-03 -6.4349726e-02 -4.3964386e-04
 -4.3964386e-04  4.3964386e-04 -4.3964386e-04 -2.3296229e-04
  4.3964386e-04 -1.3187409e-03 -4.3964386e-04  4.3964386e-04
 -4.6149828e-04 -5.6740649e-02  2.0665343e-01  1.2785242e-01
  1.1406559e-01 -2.1085313e-01 -9.9200740e-02 -5.6141842e-02
  7.0181757e-02  2.9437102e-02  1.0738085e-01]","[-0.05674355  0.20665357  0.1275022   0.11395947 -0.21080662 -0.09928102
 -0.05576429  0.07021007  0.02927253  0.10737085]","[-0.3066104054450989, 0.1766451895236969, 0.11755562573671341, -0.38615819811820984, -0.060970552265644073, 0.15068325400352478, -0.025916697457432747, 0.08015258610248566, 0.5293615460395813, -0.04255468398332596]"
430,3.3515625,"[ 2.0000000e-01  0.0000000e+00  0.0000000e+00 -8.6650363e-04
 -1.9295313e-03  6.1229646e-04  5.9360523e-02  5.0703655e-03
 -9.9822378e-01 -7.9785347e-02  1.3776711e-01  1.6316201e-01
  2.3345947e-02 -5.6514271e-02  5.4608345e-02  6.3651770e-02
  8.7085955e-02  1.4495850e-03 -6.4349726e-02 -4.3964386e-04
 -4.3964386e-04  4.3964386e-04 -2.1978379e-03  4.8284148e-04
 -4.3964386e-04 -4.3964386e-04 -4.3964386e-04  4.3964386e-04
 -2.2803782e-04 -5.6652151e-02  2.0690382e-01  1.2743899e-01
  1.1372723e-01 -2.1088868e-01 -9.9417262e-02 -5.5549469e-02
  7.0075974e-02  2.9208072e-02  1.0749009e-01]","[-0.05645429  0.20672509  0.12762634  0.1136627  -0.21107464 -0.09955484
 -0.0556144   0.07007819  0.02936314  0.10759503]","[-0.30664804577827454, 0.17677079141139984, 0.11759818345308304, -0.38619399070739746, -0.06094812974333763, 0.1506323516368866, -0.025725286453962326, 0.08012404292821884, 0.5292625427246094, -0.042494915425777435]"
440,3.4296874999999996,"[ 2.00000003e-01  0.00000000e+00  0.00000000e+00 -1.23438414e-03
 -9.34554031e-04  2.03076028e-03  5.93625456e-02  5.07405913e-03
 -9.98223662e-01 -7.97853470e-02  1.37767106e-01  1.63162008e-01
  2.33459473e-02 -5.65142706e-02  5.46083450e-02  6.36517704e-02
  8.70859548e-02  1.44958496e-03 -6.43497258e-02  1.31874089e-03
  4.39643860e-04 -4.39643860e-04 -4.39643860e-04  2.42629249e-04
 -4.39643860e-04 -4.39643860e-04 -1.31874089e-03  4.39643860e-04
  2.17043053e-04 -5.66673353e-02  2.06754431e-01  1.27496004e-01
  1.13865457e-01 -2.10921794e-01 -9.92788076e-02 -5.57040013e-02
  7.00087845e-02  2.92728394e-02  1.07414596e-01]","[-0.0566731   0.20647909  0.12771295  0.11389397 -0.21083757 -0.09928982
 -0.05578033  0.07029366  0.02934346  0.10744063]","[-0.3067224323749542, 0.17671577632427216, 0.11755917221307755, -0.3860352635383606, -0.06092783436179161, 0.15088023245334625, -0.025817185640335083, 0.08016359806060791, 0.5292345881462097, -0.042598478496074677]"
450,3.5078125,"[ 2.0000000e-01  0.0000000e+00  0.0000000e+00  2.5067115e-03
  4.0914008e-04  3.6421181e-03  5.9452303e-02  4.9865888e-03
 -9.9821866e-01 -7.9785347e-02  1.3776711e-01  1.6316201e-01
  2.3345947e-02 -5.6514271e-02  5.4608345e-02  6.3651770e-02
  8.7085955e-02  1.4495850e-03 -6.4349726e-02 -4.3964386e-04
 -3.0769350e-03 -4.3964386e-04 -4.3964386e-04  2.4170047e-06
 -2.1978379e-03 -1.3187409e-03 -4.3964386e-04 -4.3964386e-04
  5.4732495e-06 -5.6399666e-02  2.0680344e-01  1.2763098e-01
  1.1399393e-01 -2.1108940e-01 -9.9206820e-02 -5.5994596e-02
  7.0198096e-02  2.9266797e-02  1.0744118e-01]","[-0.05703456  0.20696186  0.12740792  0.11392859 -0.2107475  -0.09923838
 -0.0553217   0.07018171  0.02910955  0.10742998]","[-0.3067941665649414, 0.17685049772262573, 0.11751734465360641, -0.3859887719154358, -0.06074148789048195, 0.1508023589849472, -0.025719836354255676, 0.08017486333847046, 0.529173731803894, -0.042612478137016296]"
460,3.5859375,"[ 2.0000000e-01  0.0000000e+00  0.0000000e+00  1.4371565e-03
  2.9801499e-04  1.3998762e-03  5.9422456e-02  5.0514443e-03
 -9.9822009e-01 -7.9785347e-02  1.3776711e-01  1.6316201e-01
  2.3345947e-02 -5.6514271e-02  5.4608345e-02  6.3651770e-02
  8.7085955e-02  1.4495850e-03 -6.4349726e-02 -1.3187409e-03
 -4.3964386e-04 -4.3964386e-04  4.3964386e-04 -4.7322665e-04
  4.3964386e-04 -4.3964386e-04 -1.3187409e-03 -1.3187409e-03
 -2.2803782e-04 -5.6615293e-02  2.0669140e-01  1.2755291e-01
  1.1369607e-01 -2.1112819e-01 -9.9390589e-02 -5.5586565e-02
  7.0114195e-02  2.9250614e-02  1.0745492e-01]","[-0.0566388   0.20688927  0.12736441  0.11379016 -0.21068424 -0.09953922
 -0.05557213  0.07012221  0.02925647  0.10744341]","[-0.3067247271537781, 0.17670302093029022, 0.11752312630414963, -0.3861311376094818, -0.06086599826812744, 0.1507149338722229, -0.02571631595492363, 0.08017531037330627, 0.5292472243309021, -0.042584843933582306]"
470,3.6640625000000004,"[ 2.0000000e-01  0.0000000e+00  0.0000000e+00  5.1033427e-04
 -6.5236911e-04 -5.6761596e-04  5.9409477e-02  4.8786011e-03
 -9.9822164e-01 -7.9785347e-02  1.3814858e-01  1.6316201e-01
  2.3345947e-02 -5.6514271e-02  5.4608345e-02  6.3651770e-02
  8.7085955e-02  1.4495850e-03 -6.4349726e-02 -4.3964386e-04
 -4.3964386e-04  4.3964386e-04  4.3964386e-04  2.3784736e-04
 -1.3187409e-03 -1.3187409e-03 -1.3187409e-03 -3.0769350e-03
 -2.1704305e-04 -5.6532927e-02  2.0692053e-01  1.2725639e-01
  1.1380882e-01 -2.1063514e-01 -9.9416226e-02 -5.5534784e-02
  7.0072360e-02  2.9146470e-02  1.0741451e-01]","[-0.05683088  0.20683473  0.12745878  0.11385277 -0.2105037  -0.09940593
 -0.05559665  0.06998622  0.02918515  0.10741338]","[-0.30678725242614746, 0.17683358490467072, 0.11742027848958969, -0.386045902967453, -0.060567326843738556, 0.15073704719543457, -0.025605279952287674, 0.08011694997549057, 0.5291364192962646, -0.04260849207639694]"
480,3.7421875,"[ 2.00000003e-01  0.00000000e+00  0.00000000e+00 -2.36003427e-04
  3.86119192e-03 -2.19124346e-03  5.94928637e-02  4.91498969e-03
 -9.98216510e-01 -7.97853470e-02  1.38148576e-01  1.63162008e-01
  2.33459473e-02 -5.65142706e-02  5.46083450e-02  6.36517704e-02
  8.70859548e-02  1.44958496e-03 -6.43497258e-02 -4.39643860e-04
 -4.39643860e-04  4.39643860e-04 -4.39643860e-04 -4.73226653e-04
 -4.39643860e-04 -4.39643860e-04  4.39643860e-04 -4.39643860e-04
 -5.47324953e-06 -5.68562821e-02  2.06525370e-01  1.27404988e-01
  1.14082165e-01 -2.10374966e-01 -9.90924686e-02 -5.56594320e-02
  7.03670308e-02  2.92159915e-02  1.07275836e-01]","[-0.05683222  0.20671596  0.127433    0.1141381  -0.21070023 -0.09892696
 -0.05595041  0.07012203  0.02916238  0.10731683]","[-0.3068251609802246, 0.17670957744121552, 0.11746557056903839, -0.38601425290107727, -0.06057950109243393, 0.15082387626171112, -0.025695260614156723, 0.08015134930610657, 0.5291668772697449, -0.04263314604759216]"
490,3.8203124999999996,"[ 2.00000003e-01  0.00000000e+00  0.00000000e+00 -1.66708615e-03
 -8.85894231e-04  1.18106441e-03  5.95366955e-02  4.90846112e-03
 -9.98214006e-01 -7.97853470e-02  1.38148576e-01  1.63162008e-01
  2.33459473e-02 -5.65142706e-02  5.46083450e-02  6.36517704e-02
  8.70859548e-02  1.44958496e-03 -6.43497258e-02 -4.39643860e-04
 -4.39643860e-04  4.39643860e-04 -4.39643860e-04 -4.68341605e-04
 -4.39643860e-04 -1.31874089e-03 -4.39643860e-04  4.39643860e-04
  2.17043053e-04 -5.66824600e-02  2.06759930e-01  1.27304882e-01
  1.13802634e-01 -2.10674629e-01 -9.92083028e-02 -5.59732132e-02
  7.00213537e-02  2.92478576e-02  1.07363455e-01]","[-0.05664138  0.20664282  0.1275252   0.11375646 -0.21092395 -0.09946189
 -0.05561404  0.07014398  0.0293185   0.10744131]","[-0.3066517412662506, 0.17674396932125092, 0.11745233088731766, -0.3861614763736725, -0.0606842115521431, 0.15063431859016418, -0.025780320167541504, 0.08007121831178665, 0.5292351841926575, -0.042604394257068634]"
500,3.8984375,"[ 2.0000000e-01  0.0000000e+00  0.0000000e+00 -3.1910902e-03
 -1.4329154e-05 -1.0408097e-03  5.9499975e-02  4.9136980e-03
 -9.9821627e-01 -7.9785347e-02  1.3814858e-01  1.6316201e-01
  2.3345947e-02 -5.6514271e-02  5.4608345e-02  6.3651770e-02
  8.7085955e-02  1.4495850e-03 -6.4349726e-02  1.3187409e-03
  4.3964386e-04  4.3964386e-04  4.3964386e-04 -2.3296229e-04
 -4.3964386e-04 -2.1978379e-03  1.3187409e-03  4.3964386e-04
 -2.2803782e-04 -5.6604393e-02  2.0683616e-01  1.2745745e-01
  1.1392600e-01 -2.1053869e-01 -9.9524215e-02 -5.5418614e-02
  7.0149183e-02  2.9218875e-02  1.0739523e-01]","[-0.05675463  0.20644772  0.1275749   0.11394694 -0.21086647 -0.09913684
 -0.05584907  0.07019547  0.02931608  0.1072806 ]","[-0.30673766136169434, 0.17663510143756866, 0.11749826371669769, -0.386050820350647, -0.06073623150587082, 0.15077638626098633, -0.02564241737127304, 0.08016827702522278, 0.5292438864707947, -0.042620111256837845]"
510,3.9765625,"[ 2.0000000e-01  0.0000000e+00  0.0000000e+00 -1.6786577e-04
  5.1525608e-04  5.4150587e-04  5.9435301e-02  4.8594130e-03
 -9.9822044e-01 -7.9785347e-02  1.3776711e-01  1.6316201e-01
  2.3345947e-02 -5.6514271e-02  5.4608345e-02  6.3651770e-02
  8.7085955e-02  1.4495850e-03 -6.4349726e-02  4.3964386e-04
 -1.3187409e-03 -4.3964386e-04  4.3964386e-04 -2.4170047e-06
 -4.3964386e-04 -4.3964386e-04 -4.3964386e-04 -4.3964386e-04
 -5.4732495e-06 -5.6776583e-02  2.0660210e-01  1.2731791e-01
  1.1388026e-01 -2.1053018e-01 -9.9323854e-02 -5.5730570e-02
  7.0275418e-02  2.9233977e-02  1.0732277e-01]","[-0.05684263  0.2066966   0.12737012  0.1138918  -0.21068446 -0.09919773
 -0.05564443  0.07020017  0.02921879  0.10739274]","[-0.3066728711128235, 0.1767204850912094, 0.11748974025249481, -0.38609883189201355, -0.0607357993721962, 0.15066345036029816, -0.025641636922955513, 0.08021052926778793, 0.5292484760284424, -0.04259541630744934]"
520,4.0546875,"[ 2.0000000e-01  0.0000000e+00  0.0000000e+00 -1.7966768e-03
 -3.4533086e-04 -1.6189674e-04  5.9434652e-02  4.7769351e-03
 -9.9822068e-01 -7.9785347e-02  1.3814858e-01  1.6316201e-01
  2.3345947e-02 -5.6514271e-02  5.4608345e-02  6.3651770e-02
  8.7085955e-02  1.4495850e-03 -6.4349726e-02 -4.3964386e-04
 -4.3964386e-04 -4.3964386e-04 -4.3964386e-04 -4.7322665e-04
 -4.3964386e-04 -1.3187409e-03  4.3964386e-04 -4.3964386e-04
 -5.4732495e-06 -5.6752525e-02  2.0666018e-01  1.2725915e-01
  1.1372940e-01 -2.1077242e-01 -9.9351630e-02 -5.5613797e-02
  7.0221663e-02  2.9233292e-02  1.0741826e-01]","[-0.05670751  0.20669273  0.12747616  0.11378992 -0.21088792 -0.09936477
 -0.05565054  0.07011458  0.02927443  0.10740764]","[-0.30673471093177795, 0.17676997184753418, 0.11741489917039871, -0.3861537575721741, -0.06071845442056656, 0.15062947571277618, -0.025618230924010277, 0.08015967905521393, 0.5292086601257324, -0.042583320289850235]"
530,4.1328125,"[ 2.0000000e-01  0.0000000e+00  0.0000000e+00  7.2117004e-04
 -1.1068180e-03 -5.0773373e-04  5.9418086e-02  4.8531285e-03
 -9.9822140e-01 -7.9785347e-02  1.3814858e-01  1.6316201e-01
  2.3345947e-02 -5.6514271e-02  5.4608345e-02  6.3651770e-02
  8.7085955e-02  1.4495850e-03 -6.4349726e-02 -4.3964386e-04
  4.3964386e-04  4.3964386e-04  4.3964386e-04 -4.6834160e-04
 -4.3964386e-04 -1.3187409e-03 -1.3187409e-03  4.3964386e-04
 -2.3893367e-04 -5.6892224e-02  2.0674683e-01  1.2778831e-01
  1.1407825e-01 -2.1096079e-01 -9.9097893e-02 -5.5859435e-02
  7.0205107e-02  2.9279910e-02  1.0734985e-01]","[-0.05668189  0.20674844  0.12746231  0.11385366 -0.21082257 -0.09943286
 -0.05556588  0.07008215  0.02921499  0.10744981]","[-0.3066841661930084, 0.17681162059307098, 0.11757975816726685, -0.3861101567745209, -0.06085796654224396, 0.1506471037864685, -0.025688307359814644, 0.08008494973182678, 0.5292643904685974, -0.042548246681690216]"
540,4.2109375,"[ 2.0000000e-01  0.0000000e+00  0.0000000e+00 -1.4433349e-03
 -8.2700682e-04  7.9121010e-04  5.9391499e-02  4.7921576e-03
 -9.9822342e-01 -7.9785347e-02  1.3776711e-01  1.6316201e-01
  2.3345947e-02 -5.6514271e-02  5.4608345e-02  6.3651770e-02
  8.7085955e-02  1.4495850e-03 -6.4349726e-02 -4.3964386e-04
 -2.1978379e-03 -4.3964386e-04  4.3964386e-04 -2.3784736e-04
 -4.3964386e-04 -4.3964386e-04 -4.3964386e-04 -2.1978379e-03
 -5.4732495e-06 -5.6633137e-02  2.0664136e-01  1.2774953e-01
  1.1378213e-01 -2.1114422e-01 -9.9399999e-02 -5.5919129e-02
  7.0134901e-02  2.9425301e-02  1.0751460e-01]","[-0.05681983  0.20688821  0.12734494  0.11371386 -0.21080731 -0.0994467
 -0.05557545  0.07003517  0.02926273  0.10747739]","[-0.3066917061805725, 0.17678457498550415, 0.11749029904603958, -0.38619181513786316, -0.06083657965064049, 0.15056855976581573, -0.025622176006436348, 0.080105721950531, 0.5292834043502808, -0.04252368584275246]"
550,4.2890625,"[ 2.00000003e-01  0.00000000e+00  0.00000000e+00  2.43311096e-03
 -9.74940951e-04 -2.38359615e-04  5.94524220e-02  4.73077875e-03
 -9.98219848e-01 -7.97853470e-02  1.38148576e-01  1.63162008e-01
  2.33459473e-02 -5.65142706e-02  5.46083450e-02  6.36517704e-02
  8.70859548e-02  1.44958496e-03 -6.43497258e-02 -4.39643860e-04
  4.39643860e-04  1.31874089e-03 -1.31874089e-03 -4.68341605e-04
 -1.31874089e-03  4.39643860e-04 -4.39643860e-04  4.39643860e-04
  2.17043053e-04 -5.69088459e-02  2.06790730e-01  1.27336472e-01
  1.13916695e-01 -2.10747555e-01 -9.90747139e-02 -5.57092316e-02
  7.01384619e-02  2.91719511e-02  1.07407905e-01]","[-0.05661338  0.2068203   0.12756932  0.11384504 -0.21098007 -0.09931903
 -0.05564082  0.06999207  0.02925507  0.10760999]","[-0.30672284960746765, 0.17681139707565308, 0.11745352298021317, -0.3861023783683777, -0.060786549001932144, 0.15074384212493896, -0.025737615302205086, 0.0800745040178299, 0.5291695594787598, -0.04251991584897041]"
560,4.3671875,"[ 2.00000003e-01  0.00000000e+00  0.00000000e+00 -2.74952198e-03
  7.34609130e-05 -3.26917623e-04  5.95038012e-02  4.69198264e-03
 -9.98216987e-01 -7.97853470e-02  1.37767106e-01  1.63162008e-01
  2.33459473e-02 -5.65142706e-02  5.46083450e-02  6.36517704e-02
  8.70859548e-02  1.44958496e-03 -6.43497258e-02 -1.31874089e-03
 -4.39643860e-04 -4.39643860e-04 -4.39643860e-04 -2.32962295e-04
 -4.39643860e-04 -4.39643860e-04  4.39643860e-04 -1.31874089e-03
 -2.28037825e-04 -5.67028001e-02  2.06804499e-01  1.27461284e-01
  1.14034377e-01 -2.10761905e-01 -9.91961211e-02 -5.57685830e-02
  7.02264607e-02  2.91634724e-02  1.07380815e-01]","[-0.05663046  0.2067531   0.12746562  0.11375751 -0.21088731 -0.0993679
 -0.05580301  0.07002299  0.02926248  0.10746475]","[-0.30664077401161194, 0.17666451632976532, 0.11753132939338684, -0.3860735297203064, -0.06085892394185066, 0.15072883665561676, -0.025818990543484688, 0.0801786482334137, 0.529251754283905, -0.04260007664561272]"
570,4.4453125,"[ 2.0000000e-01  0.0000000e+00  0.0000000e+00  2.0345302e-04
  1.1858291e-03 -1.0895218e-03  5.9500929e-02  4.6501183e-03
 -9.9821758e-01 -7.9785347e-02  1.3776711e-01  1.6316201e-01
  2.3345947e-02 -5.6514271e-02  5.4608345e-02  6.3651770e-02
  8.7085955e-02  1.4495850e-03 -6.4349726e-02 -4.3964386e-04
 -4.3964386e-04 -2.1978379e-03  1.3187409e-03  2.4170047e-06
  4.3964386e-04 -4.3964386e-04 -2.1978379e-03 -1.3187409e-03
  4.5055413e-04 -5.6988828e-02  2.0663585e-01  1.2730868e-01
  1.1392354e-01 -2.1056832e-01 -9.9043123e-02 -5.5822153e-02
  7.0215546e-02  2.9130802e-02  1.0728834e-01]","[-0.05677945  0.20667616  0.12723988  0.11387013 -0.21038903 -0.09930553
 -0.05566103  0.07025054  0.02910915  0.10735038]","[-0.3068092465400696, 0.17675921320915222, 0.11728410422801971, -0.3861737549304962, -0.06067274883389473, 0.15072406828403473, -0.025569068267941475, 0.08019660413265228, 0.5291517972946167, -0.04256623610854149]"
580,4.5234375,"[ 2.00000003e-01  0.00000000e+00  0.00000000e+00 -1.29859475e-03
  2.86425988e-04  8.37077387e-04  5.94733134e-02  4.52060904e-03
 -9.98219609e-01 -7.97853470e-02  1.37767106e-01  1.63162008e-01
  2.33459473e-02 -5.65142706e-02  5.46083450e-02  6.36517704e-02
  8.70859548e-02  1.44958496e-03 -6.43497258e-02 -4.39643860e-04
 -1.31874089e-03 -1.31874089e-03 -1.31874089e-03  4.78059606e-04
 -4.39643860e-04 -2.19783792e-03  4.39643860e-04  4.39643860e-04
 -4.61498275e-04 -5.62808514e-02  2.07191482e-01  1.27381086e-01
  1.13460347e-01 -2.10989520e-01 -1.00041375e-01 -5.53253107e-02
  6.98599368e-02  2.92944759e-02  1.07739039e-01]","[-0.05671946  0.20666888  0.12738325  0.11367573 -0.2108535  -0.09949279
 -0.05549172  0.07022922  0.02921016  0.10742848]","[-0.3066829741001129, 0.17679552733898163, 0.11735928803682327, -0.3863227367401123, -0.060892391949892044, 0.1504603773355484, -0.025465192273259163, 0.080132395029068, 0.5292412042617798, -0.04249214380979538]"
590,4.6015625,"[ 2.00000003e-01  0.00000000e+00  0.00000000e+00 -2.47477205e-03
  8.34913168e-04 -4.46977047e-03  5.94781935e-02  4.52855229e-03
 -9.98219252e-01 -7.97853470e-02  1.37767106e-01  1.63162008e-01
  2.33459473e-02 -5.65142706e-02  5.46083450e-02  6.36517704e-02
  8.70859548e-02  1.44958496e-03 -6.43497258e-02 -4.39643860e-04
 -1.31874089e-03  4.39643860e-04 -4.39643860e-04 -4.73226653e-04
 -1.31874089e-03 -4.39643860e-04 -1.31874089e-03 -4.39643860e-04
  2.17043053e-04 -5.69260865e-02  2.06838712e-01  1.27186030e-01
  1.13841906e-01 -2.10997984e-01 -9.89025384e-02 -5.60041703e-02
  6.99960738e-02  2.91678011e-02  1.07468508e-01]","[-0.05681705  0.20659965  0.12732261  0.11372729 -0.2108171  -0.09909149
 -0.05583819  0.06997859  0.02911936  0.10752892]","[-0.30676576495170593, 0.17677545547485352, 0.11730355769395828, -0.3861843943595886, -0.06085643917322159, 0.15077657997608185, -0.025782017037272453, 0.08008694648742676, 0.5292023420333862, -0.04253285750746727]"
600,4.6796875,"[ 2.0000000e-01  0.0000000e+00  0.0000000e+00 -2.2816865e-03
  9.1919512e-04 -1.3602223e-03  5.9471279e-02  4.4804518e-03
 -9.9822009e-01 -7.9785347e-02  1.3776711e-01  1.6316201e-01
  2.3345947e-02 -5.6514271e-02  5.4608345e-02  6.3651770e-02
  8.7085955e-02  1.4495850e-03 -6.4349726e-02 -2.1978379e-03
 -1.3187409e-03  4.3964386e-04  4.3964386e-04  2.4170047e-06
 -4.3964386e-04  4.3964386e-04 -1.3187409e-03  4.3964386e-04
 -5.4732495e-06 -5.6825869e-02  2.0692101e-01  1.2712976e-01
  1.1350488e-01 -2.1091403e-01 -9.9508606e-02 -5.5441249e-02
  7.0050068e-02  2.9251866e-02  1.0755393e-01]","[-0.05669145  0.20678267  0.12722857  0.11355522 -0.21097808 -0.09943467
 -0.05585748  0.07005969  0.02925909  0.10756898]","[-0.3067687749862671, 0.17682918906211853, 0.11721598356962204, -0.3863924741744995, -0.060769058763980865, 0.15051180124282837, -0.025504285469651222, 0.08007370680570602, 0.5292062163352966, -0.04246959835290909]"
610,4.7578125,"[ 2.00000003e-01  0.00000000e+00  0.00000000e+00  1.57716672e-03
  1.17411790e-03 -2.55839084e-03  5.94398975e-02  4.56436584e-03
 -9.98221517e-01 -7.97853470e-02  1.37767106e-01  1.63162008e-01
  2.33459473e-02 -5.65142706e-02  5.46083450e-02  6.36517704e-02
  8.70859548e-02  1.44958496e-03 -6.43497258e-02 -4.39643860e-04
 -4.39643860e-04  4.39643860e-04 -1.31874089e-03 -4.73226653e-04
 -1.31874089e-03  4.39643860e-04 -1.31874089e-03 -4.39643860e-04
 -5.47324953e-06 -5.65421507e-02  2.06659853e-01  1.27527252e-01
  1.13701925e-01 -2.11065248e-01 -9.94031578e-02 -5.57125844e-02
  7.00917765e-02  2.92634070e-02  1.07542522e-01]","[-0.05672345  0.20676029  0.12739523  0.11382233 -0.21083723 -0.09920284
 -0.05573021  0.06998485  0.02913553  0.10756841]","[-0.3067919909954071, 0.17670825123786926, 0.11744631081819534, -0.38624006509780884, -0.06092679128050804, 0.15071004629135132, -0.02568642981350422, 0.08007330447435379, 0.5292071104049683, -0.042494770139455795]"
620,4.8359375,"[ 2.00000003e-01  0.00000000e+00  0.00000000e+00  2.27086525e-03
  8.12380982e-04 -2.21937802e-03  5.94688579e-02  4.57860902e-03
 -9.98219609e-01 -7.97853470e-02  1.37767106e-01  1.63162008e-01
  2.33459473e-02 -5.65142706e-02  5.46083450e-02  6.36517704e-02
  8.70859548e-02  1.44958496e-03 -6.43497258e-02 -4.39643860e-04
 -2.19783792e-03 -4.39643860e-04  4.39643860e-04  2.42629249e-04
 -4.39643860e-04 -1.31874089e-03 -4.39643860e-04  2.19783792e-03
 -5.47324953e-06 -5.67913428e-02  2.06544489e-01  1.27450883e-01
  1.13750793e-01 -2.10901126e-01 -9.93742496e-02 -5.56674041e-02
  7.01946840e-02  2.93333456e-02  1.07474186e-01]","[-0.05683377  0.20682266  0.12705094  0.11375563 -0.21083336 -0.09923638
 -0.055404    0.0701905   0.0290752   0.10746661]","[-0.30681338906288147, 0.17669211328029633, 0.11738408356904984, -0.38614359498023987, -0.0607888326048851, 0.15076519548892975, -0.02567126788198948, 0.08018754422664642, 0.5292096138000488, -0.042544055730104446]"
630,4.9140625,"[ 2.0000000e-01  0.0000000e+00  0.0000000e+00  2.3048818e-04
 -1.5100763e-03 -3.1925561e-03  5.9509985e-02  4.5250589e-03
 -9.9821746e-01 -7.9785347e-02  1.3776711e-01  1.6316201e-01
  2.3345947e-02 -5.6514271e-02  5.4608345e-02  6.3651770e-02
  8.7085955e-02  1.4495850e-03 -6.4349726e-02  4.3964386e-04
 -2.1978379e-03 -4.3964386e-04 -4.3964386e-04 -2.3784736e-04
 -1.3187409e-03 -1.3187409e-03 -4.3964386e-04 -4.3964386e-04
 -2.2803782e-04 -5.6721747e-02  2.0704994e-01  1.2706158e-01
  1.1380380e-01 -2.1078920e-01 -9.9431470e-02 -5.5646706e-02
  7.0126817e-02  2.9212095e-02  1.0738877e-01]","[-0.05679164  0.20673464  0.12723896  0.11366379 -0.2107619  -0.09930454
 -0.05536455  0.07002207  0.02911323  0.10751838]","[-0.3067886531352997, 0.17684680223464966, 0.1172894611954689, -0.38622766733169556, -0.06074455752968788, 0.15065769851207733, -0.025563592091202736, 0.08006063848733902, 0.5291807651519775, -0.04253499582409859]"
640,4.9921875,"[ 2.00000003e-01  0.00000000e+00  0.00000000e+00  7.89586978e-04
 -4.85794939e-04  3.86852247e-04  5.95943667e-02  4.46325820e-03
 -9.98212814e-01 -7.97853470e-02  1.38148576e-01  1.63162008e-01
  2.33459473e-02 -5.65142706e-02  5.46083450e-02  6.36517704e-02
  8.70859548e-02  1.44958496e-03 -6.43497258e-02 -4.39643860e-04
  4.39643860e-04 -2.19783792e-03 -4.39643860e-04  2.41700468e-06
 -4.39643860e-04  4.39643860e-04 -4.39643860e-04  4.39643860e-04
 -4.61498275e-04 -5.67829385e-02  2.06827998e-01  1.27333581e-01
  1.13717645e-01 -2.10848108e-01 -9.93804410e-02 -5.55384345e-02
  7.01041892e-02  2.91286036e-02  1.07496612e-01]","[-0.05657228  0.20671183  0.12753488  0.1138159  -0.21090592 -0.09941886
 -0.05566627  0.07016889  0.02923498  0.10749174]","[-0.30672571063041687, 0.17681077122688293, 0.11742525547742844, -0.3861616849899292, -0.06081824749708176, 0.1507105529308319, -0.025661639869213104, 0.0801016092300415, 0.5291399955749512, -0.04248487576842308]"
650,5.0703125,"[ 2.0000000e-01  0.0000000e+00  0.0000000e+00 -2.7226438e-03
  4.0186208e-04 -9.2392496e-04  5.9545431e-02  4.4735675e-03
 -9.9821568e-01 -7.9785347e-02  1.3776711e-01  1.6316201e-01
  2.3345947e-02 -5.6514271e-02  5.4608345e-02  6.3651770e-02
  8.7085955e-02  1.4495850e-03 -6.4349726e-02  1.3187409e-03
 -1.3187409e-03 -4.3964386e-04 -4.3964386e-04 -2.4170047e-06
 -4.3964386e-04 -4.3964386e-04 -4.3964386e-04  1.3187409e-03
  2.1704305e-04 -5.6515254e-02  2.0694019e-01  1.2744442e-01
  1.1382645e-01 -2.1107237e-01 -9.9392563e-02 -5.5565607e-02
  6.9966093e-02  2.9261135e-02  1.0760901e-01]","[-0.05677903  0.20643091  0.1274471   0.11376977 -0.21094494 -0.09916151
 -0.05576807  0.0702398   0.02925363  0.10746555]","[-0.30674704909324646, 0.1767052412033081, 0.1174369677901268, -0.38617902994155884, -0.06084994971752167, 0.1506960541009903, -0.02562824822962284, 0.08013768494129181, 0.5292104482650757, -0.04253072291612625]"
660,5.1484375,"[ 2.00000003e-01  0.00000000e+00  0.00000000e+00  3.37202847e-03
 -1.97990146e-03 -2.05557887e-03  5.95826730e-02  4.40562796e-03
 -9.98213649e-01 -7.97853470e-02  1.38148576e-01  1.63162008e-01
  2.33459473e-02 -5.65142706e-02  5.46083450e-02  6.36517704e-02
  8.70859548e-02  1.44958496e-03 -6.43497258e-02 -4.39643860e-04
 -4.39643860e-04 -4.39643860e-04 -2.19783792e-03  2.41700468e-06
 -1.31874089e-03 -1.31874089e-03 -1.31874089e-03  4.39643860e-04
 -5.47324953e-06 -5.68128452e-02  2.06844985e-01  1.27184689e-01
  1.13708459e-01 -2.10644871e-01 -9.94936973e-02 -5.55307008e-02
  7.01783970e-02  2.91043147e-02  1.07448556e-01]","[-0.0565947   0.2068031   0.12736054  0.11367032 -0.21078649 -0.09956948
 -0.05519753  0.07002288  0.02907924  0.10759374]","[-0.30663391947746277, 0.17686153948307037, 0.1172817051410675, -0.3862878680229187, -0.06075958162546158, 0.1504848450422287, -0.025437986478209496, 0.08009879291057587, 0.5291675925254822, -0.0424756184220314]"
670,5.2265625,"[ 2.00000003e-01  0.00000000e+00  0.00000000e+00 -2.81765941e-04
  8.16622109e-04 -1.88026065e-03  5.96060567e-02  4.39069141e-03
 -9.98212337e-01 -7.97853470e-02  1.38148576e-01  1.63162008e-01
  2.33459473e-02 -5.65142706e-02  5.46083450e-02  6.36517704e-02
  8.70859548e-02  1.44958496e-03 -6.43497258e-02  1.31874089e-03
  4.39643860e-04 -4.39643860e-04 -2.19783792e-03  2.42629249e-04
 -4.39643860e-04 -1.31874089e-03 -4.39643860e-04  1.31874089e-03
 -5.47324953e-06 -5.68386242e-02  2.06928492e-01  1.27222002e-01
  1.13819525e-01 -2.10650399e-01 -9.94150043e-02 -5.52920364e-02
  7.01812357e-02  2.90583745e-02  1.07520841e-01]","[-0.05670635  0.20640543  0.12755224  0.11390981 -0.21075992 -0.09918731
 -0.05563496  0.07022879  0.0291509   0.1074452 ]","[-0.30671706795692444, 0.17663036286830902, 0.1174551248550415, -0.3861725330352783, -0.06078340858221054, 0.15063706040382385, -0.02552918717265129, 0.08019176125526428, 0.5292049646377563, -0.04251446574926376]"
680,5.3046875,"[ 2.00000003e-01  0.00000000e+00  0.00000000e+00 -2.59970268e-03
  2.10266793e-03  2.31954255e-04  5.95868751e-02  4.40031337e-03
 -9.98213530e-01 -7.97853470e-02  1.37767106e-01  1.63162008e-01
  2.33459473e-02 -5.65142706e-02  5.46083450e-02  6.36517704e-02
  8.70859548e-02  1.44958496e-03 -6.43497258e-02 -1.31874089e-03
 -1.31874089e-03 -2.19783792e-03  1.31874089e-03  2.42629249e-04
 -4.39643860e-04 -4.39643860e-04 -1.31874089e-03 -4.39643860e-04
  2.17043053e-04 -5.65352365e-02  2.06640601e-01  1.27424687e-01
  1.13772318e-01 -2.10869268e-01 -9.93166864e-02 -5.57015799e-02
  7.01930150e-02  2.91420147e-02  1.07463755e-01]","[-0.05687463  0.20665306  0.12725142  0.11377002 -0.21067894 -0.09928752
 -0.05581533  0.07025758  0.02914429  0.10734928]","[-0.3066565692424774, 0.17670220136642456, 0.11737570911645889, -0.3862076699733734, -0.060909204185009, 0.15067769587039948, -0.025717703625559807, 0.08015062659978867, 0.5292257070541382, -0.04252965748310089]"
690,5.3828125,"[ 2.00000003e-01  0.00000000e+00  0.00000000e+00  5.75557235e-04
 -1.65980819e-04 -1.38580892e-03  5.95907792e-02  4.35384782e-03
 -9.98213410e-01 -7.97853470e-02  1.37767106e-01  1.63162008e-01
  2.33459473e-02 -5.65142706e-02  5.46083450e-02  6.36517704e-02
  8.70859548e-02  1.44958496e-03 -6.42531663e-02 -4.39643860e-04
 -1.31874089e-03  4.39643860e-04  1.31874089e-03 -4.82841482e-04
 -2.19783792e-03  4.39643860e-04 -1.31874089e-03 -4.39643860e-04
 -2.28051314e-04 -5.67753538e-02  2.06727177e-01  1.27308264e-01
  1.13953039e-01 -2.10680336e-01 -9.92218554e-02 -5.57588972e-02
  7.01669753e-02  2.91482508e-02  1.07397296e-01]","[-0.05693256  0.20677567  0.12725893  0.11377573 -0.21078159 -0.0991556
 -0.0556932   0.06998201  0.02910534  0.10752966]","[-0.3068336546421051, 0.1767975091934204, 0.1172935962677002, -0.3861760199069977, -0.06074171140789986, 0.15078194439411163, -0.025724094361066818, 0.08002662658691406, 0.5291494131088257, -0.04248403012752533]"
700,5.4609375,"[ 2.00000003e-01  0.00000000e+00  0.00000000e+00 -3.75086977e-03
 -8.09832767e-04 -3.33888456e-03  5.95596582e-02  4.36904747e-03
 -9.98215199e-01 -8.01668167e-02  1.38148576e-01  1.63162008e-01
  2.33459473e-02 -5.65142706e-02  5.46083450e-02  6.36517704e-02
  8.70859548e-02  1.44958496e-03 -6.42531663e-02 -1.31874089e-03
 -4.39643860e-04 -2.19783792e-03 -1.31874089e-03 -2.28129327e-04
 -4.39643860e-04 -4.39643860e-04  4.39643860e-04 -4.39643860e-04
  2.17095323e-04 -5.68650588e-02  2.06663340e-01  1.27276093e-01
  1.14096776e-01 -2.10536689e-01 -9.90216956e-02 -5.57603650e-02
  7.01408014e-02  2.90940478e-02  1.07332788e-01]","[-0.05645943  0.20662986  0.1274564   0.11368985 -0.21103625 -0.0993582
 -0.05576542  0.07005632  0.02922723  0.10748219]","[-0.3067416250705719, 0.1766224503517151, 0.11740436404943466, -0.3862248659133911, -0.060802288353443146, 0.150669127702713, -0.025612661615014076, 0.08011125773191452, 0.5291510224342346, -0.04254414886236191]"
710,5.5390625,"[ 2.00000003e-01  0.00000000e+00  0.00000000e+00  4.78639093e-04
  3.30389082e-03 -1.27375871e-03  5.95503077e-02  4.41262359e-03
 -9.98215675e-01 -8.01668167e-02  1.38148576e-01  1.63162008e-01
  2.33459473e-02 -5.66185042e-02  5.46083450e-02  6.36517704e-02
  8.70859548e-02  1.44958496e-03 -6.42531663e-02 -2.19783792e-03
 -4.39643860e-04 -4.39643860e-04 -4.39643860e-04 -4.68331622e-04
 -4.39643860e-04 -4.39643860e-04  4.39643860e-04  4.39643860e-04
 -4.50600492e-04 -5.70239648e-02  2.06780747e-01  1.27382502e-01
  1.14138335e-01 -2.10510701e-01 -9.91159305e-02 -5.57002015e-02
  7.02655986e-02  2.91939601e-02  1.07336119e-01]","[-0.05675971  0.20682104  0.1273004   0.11398955 -0.21081771 -0.09911234
 -0.05577782  0.07011492  0.02910304  0.10741822]","[-0.3067777752876282, 0.17674699425697327, 0.11734563857316971, -0.38617199659347534, -0.060754526406526566, 0.1506929248571396, -0.025666406378149986, 0.0801045224070549, 0.5291803479194641, -0.042542729526758194]"
720,5.6171875,"[ 2.0000000e-01  0.0000000e+00  0.0000000e+00 -7.9077377e-04
  1.2073490e-03 -2.5098184e-03  5.9499625e-02  4.5242431e-03
 -9.9821818e-01 -7.9785347e-02  1.3814858e-01  1.6316201e-01
  2.3345947e-02 -5.6618504e-02  5.4608345e-02  6.3651770e-02
  8.7085955e-02  1.4495850e-03 -6.4253166e-02  4.3964386e-04
 -4.3964386e-04 -4.3964386e-04  4.3964386e-04  7.2649796e-06
  4.3964386e-04  1.3187409e-03 -4.3964386e-04  4.3964386e-04
  4.6150581e-04 -5.6792937e-02  2.0672473e-01  1.2736386e-01
  1.1372593e-01 -2.1068300e-01 -9.9409021e-02 -5.5646922e-02
  7.0036724e-02  2.9114805e-02  1.0750877e-01]","[-0.0566336   0.20660047  0.12737122  0.11386603 -0.21089733 -0.09918693
 -0.05594831  0.07014854  0.02928879  0.10745843]","[-0.3067744970321655, 0.17663893103599548, 0.1174480989575386, -0.3862491846084595, -0.06081453710794449, 0.15067173540592194, -0.025691192597150803, 0.08007467538118362, 0.5292028784751892, -0.042478155344724655]"
730,5.6953125,"[ 2.00000003e-01  0.00000000e+00  0.00000000e+00 -5.19322697e-04
 -2.93820957e-03  1.31880573e-03  5.94665371e-02  4.55688406e-03
 -9.98219967e-01 -7.97853470e-02  1.37767106e-01  1.63162008e-01
  2.33459473e-02 -5.66185042e-02  5.46083450e-02  6.36517704e-02
  8.70859548e-02  1.44958496e-03 -6.42531663e-02  4.39643860e-04
 -1.31874089e-03  4.39643860e-04 -4.39643860e-04  2.42201031e-06
 -1.31874089e-03 -4.39643860e-04  4.39643860e-04 -1.31874089e-03
 -1.63591903e-05 -5.68156168e-02  2.06619039e-01  1.27429530e-01
  1.13732636e-01 -2.10801780e-01 -9.93970707e-02 -5.55122904e-02
  7.01670945e-02  2.91574970e-02  1.07516356e-01]","[-0.05679955  0.20677546  0.12743159  0.11364679 -0.21091373 -0.0994333
 -0.0554661   0.06998648  0.02927469  0.10758247]","[-0.30682823061943054, 0.1767142415046692, 0.11737529188394547, -0.3862680494785309, -0.06071985512971878, 0.15052036941051483, -0.02540748380124569, 0.08012297004461288, 0.5291747450828552, -0.04250340163707733]"
740,5.7734375,"[ 2.00000003e-01  0.00000000e+00  0.00000000e+00  3.99558223e-04
  1.60065887e-03 -2.55397521e-03  5.94630539e-02  4.66906745e-03
 -9.98219609e-01 -7.97853470e-02  1.38148576e-01  1.63162008e-01
  2.33459473e-02 -5.66185042e-02  5.46083450e-02  6.36517704e-02
  8.70859548e-02  1.44958496e-03 -6.42531663e-02 -4.39643860e-04
 -4.39643860e-04 -1.31874089e-03 -4.39643860e-04  2.47484772e-04
 -4.39643860e-04 -4.39643860e-04  1.31874089e-03 -1.31874089e-03
 -6.94960356e-04 -5.67158833e-02  2.06792504e-01  1.27401203e-01
  1.13658801e-01 -2.10794523e-01 -9.95454937e-02 -5.55602573e-02
  7.00354427e-02  2.92024985e-02  1.07521646e-01]","[-0.05672005  0.2068225   0.1274131   0.11397099 -0.2107919  -0.09915918
 -0.05580655  0.07003611  0.02917632  0.10740054]","[-0.3066443204879761, 0.17673233151435852, 0.1173529252409935, -0.38624107837677, -0.06082300469279289, 0.15060637891292572, -0.02568729594349861, 0.08014916628599167, 0.5292260646820068, -0.04253789037466049]"
750,5.8515625,"[ 2.0000000e-01  0.0000000e+00  0.0000000e+00 -5.8536598e-04
 -8.1204931e-04  7.9391536e-04  5.9425402e-02  4.6760808e-03
 -9.9822176e-01 -7.9785347e-02  1.3776711e-01  1.6316201e-01
  2.3345947e-02 -5.6618504e-02  5.4608345e-02  6.3651770e-02
  8.7085955e-02  1.4495850e-03 -6.4253166e-02 -4.3964386e-04
  4.3964386e-04  4.3964386e-04  2.1978379e-03 -9.4398035e-04
 -1.3187409e-03 -1.3187409e-03 -2.1978379e-03 -4.3964386e-04
  2.1709532e-04 -5.6510545e-02  2.0683503e-01  1.2749265e-01
  1.1382510e-01 -2.1095617e-01 -9.9432088e-02 -5.5809621e-02
  7.0056245e-02  2.9350221e-02  1.0745192e-01]","[-0.05687306  0.20662545  0.12736872  0.11376744 -0.21067807 -0.09938952
 -0.05568388  0.07014022  0.02920602  0.10741157]","[-0.3067942261695862, 0.1766861081123352, 0.11748729646205902, -0.3861382007598877, -0.06082119420170784, 0.15071982145309448, -0.025736123323440552, 0.08012732118368149, 0.5292378664016724, -0.04253455623984337]"
760,5.9296875,"[ 2.0000000e-01  0.0000000e+00  0.0000000e+00 -2.0183860e-03
 -5.0731486e-04 -4.9235739e-05  5.9411518e-02  4.6659629e-03
 -9.9822283e-01 -7.9785347e-02  1.3776711e-01  1.6316201e-01
  2.3345947e-02 -5.6618504e-02  5.4608345e-02  6.3651770e-02
  8.7085955e-02  1.4495850e-03 -6.4253166e-02  4.3964386e-04
 -2.1978379e-03 -4.3964386e-04 -4.3964386e-04  2.4264181e-04
 -4.3964386e-04 -4.3964386e-04 -2.1978379e-03  4.3964386e-04
 -2.2805131e-04 -5.6792073e-02  2.0673159e-01  1.2763059e-01
  1.1400485e-01 -2.1088840e-01 -9.9204145e-02 -5.5894721e-02
  7.0121616e-02  2.9275499e-02  1.0737131e-01]","[-0.05682033  0.20658839  0.12738785  0.11375023 -0.21083093 -0.09935765
 -0.05556298  0.07016851  0.02920499  0.10749774]","[-0.30672866106033325, 0.17672567069530487, 0.11748389154672623, -0.38614410161972046, -0.060851745307445526, 0.1506175845861435, -0.025721635669469833, 0.08012936264276505, 0.5292813181877136, -0.04255347326397896]"
770,6.0078125,"[ 2.0000000e-01  0.0000000e+00  0.0000000e+00  1.6457232e-03
  2.3771384e-04  8.6880749e-04  5.9416309e-02  4.7027394e-03
 -9.9822223e-01 -7.9785347e-02  1.3814858e-01  1.6316201e-01
  2.3345947e-02 -5.6618504e-02  5.4608345e-02  6.3651770e-02
  8.7085955e-02  1.4495850e-03 -6.4253166e-02  1.3187409e-03
  4.3964386e-04  4.3964386e-04 -4.3964386e-04 -4.6833162e-04
 -1.3187409e-03  4.3964386e-04 -4.3964386e-04 -1.3187409e-03
  5.4538523e-06 -5.6833088e-02  2.0659553e-01  1.2763624e-01
  1.1394982e-01 -2.1100463e-01 -9.9175811e-02 -5.5911262e-02
  7.0171282e-02  2.9327989e-02  1.0741300e-01]","[-0.05688947  0.20669581  0.12765945  0.11409681 -0.21075745 -0.09908022
 -0.05576527  0.07006682  0.02922558  0.10748336]","[-0.30673712491989136, 0.17676660418510437, 0.11754245311021805, -0.38603654503822327, -0.060835100710392, 0.15077434480190277, -0.02577480673789978, 0.08008594065904617, 0.529231071472168, -0.04254951328039169]"
780,6.0859375,"[ 2.0000000e-01  0.0000000e+00  0.0000000e+00  1.4072066e-03
  3.9757905e-03 -3.8558862e-03  5.9423435e-02  4.7619203e-03
 -9.9822164e-01 -7.9785347e-02  1.3814858e-01  1.6316201e-01
  2.3345947e-02 -5.6618504e-02  5.4608345e-02  6.3651770e-02
  8.7085955e-02  1.4495850e-03 -6.4253166e-02  4.3964386e-04
 -4.3964386e-04 -4.3964386e-04 -4.3964386e-04 -2.3784989e-04
 -4.3964386e-04 -4.3964386e-04 -1.3187409e-03  4.3964386e-04
 -5.4538523e-06 -5.6797571e-02  2.0668113e-01  1.2768953e-01
  1.1386931e-01 -2.1085002e-01 -9.9269249e-02 -5.5711400e-02
  7.0061222e-02  2.9146619e-02  1.0747046e-01]","[-0.05687634  0.20660132  0.12737502  0.11415084 -0.21062899 -0.09891254
 -0.05587946  0.07018387  0.0290577   0.10733085]","[-0.3067187964916229, 0.17674855887889862, 0.11741210520267487, -0.38621270656585693, -0.06088251620531082, 0.15066388249397278, -0.025672612711787224, 0.0800984650850296, 0.5291945338249207, -0.04253890737891197]"
790,6.1640625,"[ 2.0000000e-01  0.0000000e+00  0.0000000e+00  4.9817981e-03
 -1.0916510e-03 -2.9387330e-03  5.9455141e-02  4.8248060e-03
 -9.9821925e-01 -8.0166817e-02  1.3776711e-01  1.6316201e-01
  2.3345947e-02 -5.6618504e-02  5.4608345e-02  6.3651770e-02
  8.7085955e-02  1.4495850e-03 -6.4253166e-02 -1.3187409e-03
 -2.1978379e-03 -4.3964386e-04 -4.3964386e-04  2.4748477e-04
 -4.3964386e-04  4.3964386e-04 -1.3187409e-03  1.3187409e-03
 -5.4538523e-06 -5.6834571e-02  2.0667060e-01  1.2750842e-01
  1.1373245e-01 -2.1081562e-01 -9.9434063e-02 -5.5732954e-02
  7.0087023e-02  2.9291905e-02  1.0745527e-01]","[-0.05649314  0.20704058  0.12710589  0.1136592  -0.21096513 -0.09946578
 -0.05532128  0.07005166  0.02914231  0.10763998]","[-0.3067305088043213, 0.17680692672729492, 0.11744897067546844, -0.3861492872238159, -0.06090358644723892, 0.15072354674339294, -0.02569536864757538, 0.0800987184047699, 0.5292028188705444, -0.04253077879548073]"
800,6.2421875,"[ 2.0000000e-01  0.0000000e+00  0.0000000e+00 -8.5379760e-04
  4.0081837e-03 -1.8629644e-04  5.9443764e-02  4.8832437e-03
 -9.9821973e-01 -7.9785347e-02  1.3814858e-01  1.6316201e-01
  2.3345947e-02 -5.6618504e-02  5.4608345e-02  6.3651770e-02
  8.7085955e-02  1.4495850e-03 -6.4253166e-02 -4.3964386e-04
  4.3964386e-04 -4.3964386e-04 -4.3964386e-04  7.0860353e-04
 -4.3964386e-04 -1.3187409e-03 -4.3964386e-04 -4.3964386e-04
 -2.3890837e-04 -5.6709617e-02  2.0639135e-01  1.2757166e-01
  1.1389303e-01 -2.1089879e-01 -9.9080473e-02 -5.5660035e-02
  7.0185490e-02  2.9258631e-02  1.0743829e-01]","[-0.05691154  0.20660847  0.12755647  0.11417095 -0.21063168 -0.09900212
 -0.05599292  0.07022914  0.02914435  0.10730275]","[-0.30685868859291077, 0.17661644518375397, 0.11745639890432358, -0.38605427742004395, -0.06077408418059349, 0.15088357031345367, -0.025752754881978035, 0.08018657565116882, 0.5291616320610046, -0.04261280596256256]"
810,6.3203125,"[ 2.0000000e-01  0.0000000e+00  0.0000000e+00 -3.4220670e-03
 -6.5425411e-04  1.0733949e-03  5.9528392e-02  4.8599076e-03
 -9.9821484e-01 -7.9785347e-02  1.3776711e-01  1.6316201e-01
  2.3345947e-02 -5.6618504e-02  5.4608345e-02  6.3651770e-02
  8.7085955e-02  1.4495850e-03 -6.4253166e-02 -4.3964386e-04
 -1.3187409e-03 -4.3964386e-04  4.3964386e-04  2.4220101e-06
  4.3964386e-04  4.3964386e-04 -4.3964386e-04 -1.3187409e-03
 -5.4538523e-06 -5.6371860e-02  2.0673509e-01  1.2756954e-01
  1.1385584e-01 -2.1108963e-01 -9.9444896e-02 -5.5688608e-02
  7.0145085e-02  2.9386528e-02  1.0750957e-01]","[-0.0565805   0.20671192  0.12747833  0.11369172 -0.21097232 -0.09951732
 -0.05581623  0.07010107  0.02940704  0.10749029]","[-0.30657216906547546, 0.17679695785045624, 0.11749056726694107, -0.38614434003829956, -0.06092526391148567, 0.15059874951839447, -0.02577029913663864, 0.0800962746143341, 0.529312252998352, -0.042529817670583725]"
820,6.398437499999999,"[ 2.0000000e-01  0.0000000e+00  0.0000000e+00  3.6929423e-04
  2.1848206e-03 -3.7405896e-04  5.9489150e-02  4.9687037e-03
 -9.9821651e-01 -7.9785347e-02  1.3814858e-01  1.6316201e-01
  2.3345947e-02 -5.6618504e-02  5.4608345e-02  6.3651770e-02
  8.7085955e-02  1.4495850e-03 -6.4253166e-02 -4.3964386e-04
  4.3964386e-04 -4.3964386e-04 -4.3964386e-04  4.7806968e-04
 -4.3964386e-04 -4.3964386e-04 -1.3187409e-03 -4.3964386e-04
 -2.3890837e-04 -5.6348532e-02  2.0696528e-01  1.2728392e-01
  1.1358385e-01 -2.1089098e-01 -9.9743478e-02 -5.5642013e-02
  7.0023887e-02  2.9369868e-02  1.0754632e-01]","[-0.05665509  0.20667386  0.12758541  0.11399686 -0.21072838 -0.09930466
 -0.05589486  0.07019887  0.0292464   0.10739582]","[-0.3065924346446991, 0.17681044340133667, 0.11740890890359879, -0.3861920237541199, -0.06078214570879936, 0.15053236484527588, -0.025651831179857254, 0.08011746406555176, 0.52928626537323, -0.042562928050756454]"
830,6.476562500000001,"[ 2.0000000e-01  0.0000000e+00  0.0000000e+00 -5.9726916e-04
  9.3856826e-04  1.8701552e-03  5.9470542e-02  4.9793879e-03
 -9.9821758e-01 -7.9785347e-02  1.3776711e-01  1.6316201e-01
  2.3345947e-02 -5.6618504e-02  5.4608345e-02  6.3651770e-02
  8.7085955e-02  1.4495850e-03 -6.4253166e-02  4.3964386e-04
 -2.1978379e-03 -4.3964386e-04  4.3964386e-04  7.2649796e-06
 -4.3964386e-04  4.3964386e-04  4.3964386e-04 -4.3964386e-04
 -5.4538523e-06 -5.6761436e-02  2.0655787e-01  1.2759884e-01
  1.1385601e-01 -2.1105486e-01 -9.9232867e-02 -5.5998702e-02
  7.0216663e-02  2.9400565e-02  1.0745809e-01]","[-0.05687303  0.2067915   0.12744425  0.11394756 -0.21090792 -0.09912866
 -0.05576171  0.07018296  0.02928714  0.10744265]","[-0.30670902132987976, 0.17675793170928955, 0.11752840131521225, -0.38611900806427, -0.06093663349747658, 0.15071870386600494, -0.02579830028116703, 0.08013809472322464, 0.5292950868606567, -0.04253637045621872]"
840,6.5546875,"[ 2.00000003e-01  0.00000000e+00  0.00000000e+00 -8.55944410e-04
  2.16895551e-03 -2.31490005e-03  5.94497398e-02  4.98343678e-03
 -9.98218894e-01 -7.97853470e-02  1.38148576e-01  1.63162008e-01
  2.33459473e-02 -5.66185042e-02  5.46083450e-02  6.36517704e-02
  8.70859548e-02  1.44958496e-03 -6.42531663e-02 -1.31874089e-03
 -4.39643860e-04  1.31874089e-03  4.39643860e-04  7.08603533e-04
  4.39643860e-04 -2.19783792e-03  4.39643860e-04 -2.19783792e-03
  2.28051314e-04 -5.64746037e-02  2.06883118e-01  1.27609730e-01
  1.13764353e-01 -2.10875750e-01 -9.96227264e-02 -5.55778630e-02
  6.99569806e-02  2.92986408e-02  1.07530035e-01]","[-0.05672745  0.2068648   0.12730017  0.11391141 -0.21061693 -0.09936807
 -0.05582144  0.07002272  0.02922403  0.10734362]","[-0.3066922128200531, 0.1766904890537262, 0.11747319251298904, -0.38610994815826416, -0.06082695350050926, 0.1506727784872055, -0.025673698633909225, 0.0801563560962677, 0.529249906539917, -0.04257658123970032]"
850,6.6328125,"[ 2.00000003e-01  0.00000000e+00  0.00000000e+00  1.59673195e-03
 -1.68670353e-03 -9.14796896e-04  5.95541224e-02  4.99680359e-03
 -9.98212695e-01 -8.01668167e-02  1.37767106e-01  1.63162008e-01
  2.33459473e-02 -5.67206442e-02  5.46083450e-02  6.36517704e-02
  8.70859548e-02  1.44958496e-03 -6.42531663e-02 -1.31874089e-03
 -2.19783792e-03 -4.39643860e-04 -1.31874089e-03  2.41170710e-06
 -2.19783792e-03 -1.31874089e-03 -1.31874089e-03  4.39643860e-04
 -5.45385228e-06 -5.68698868e-02  2.06694201e-01  1.27261743e-01
  1.13916665e-01 -2.10905492e-01 -9.89847928e-02 -5.59892766e-02
  7.01093897e-02  2.91659757e-02  1.07351460e-01]","[-0.05668106  0.20685169  0.12737343  0.11369558 -0.21094598 -0.09936033
 -0.05533877  0.07005904  0.02910113  0.10758362]","[-0.3067314624786377, 0.176682248711586, 0.11745314300060272, -0.38603347539901733, -0.06076982989907265, 0.15082554519176483, -0.02577257715165615, 0.08017411828041077, 0.529159665107727, -0.04260833188891411]"
860,6.7109375,"[ 2.0000000e-01  0.0000000e+00  0.0000000e+00 -2.6332133e-03
 -3.1115732e-04 -2.0153143e-03  5.9533112e-02  5.0025419e-03
 -9.9821389e-01 -7.9785347e-02  1.3776711e-01  1.6316201e-01
  2.3345947e-02 -5.6618504e-02  5.4608345e-02  6.3651770e-02
  8.7085955e-02  1.4495850e-03 -6.4253166e-02 -4.3964386e-04
 -4.3964386e-04  1.3187409e-03 -4.3964386e-04 -2.3784989e-04
 -1.3187409e-03  1.3187409e-03 -4.3964386e-04  2.1978379e-03
 -5.4538523e-06 -5.6494705e-02  2.0660670e-01  1.2761900e-01
  1.1380185e-01 -2.1108943e-01 -9.9469125e-02 -5.5745240e-02
  7.0137881e-02  2.9419430e-02  1.0751229e-01]","[-0.05647817  0.20662975  0.12758976  0.1137238  -0.21143483 -0.09922875
 -0.05610339  0.07003613  0.02939736  0.10760593]","[-0.3065393567085266, 0.17666879296302795, 0.11755554378032684, -0.3861681818962097, -0.0610271580517292, 0.1506475806236267, -0.025765983387827873, 0.08012711256742477, 0.5292970538139343, -0.04252800717949867]"
870,6.789062499999999,"[ 2.0000000e-01  0.0000000e+00  0.0000000e+00 -7.5974182e-05
 -4.1643558e-05  3.4413007e-03  5.9528455e-02  4.9990583e-03
 -9.9821424e-01 -7.9785347e-02  1.3776711e-01  1.6316201e-01
  2.3345947e-02 -5.6618504e-02  5.4608345e-02  6.3651770e-02
  8.7085955e-02  1.4495850e-03 -6.4253166e-02 -1.3187409e-03
 -1.3187409e-03 -4.3964386e-04  1.3187409e-03  2.3784989e-04
  4.3964386e-04  4.3964386e-04 -4.3964386e-04  1.3187409e-03
 -4.5060049e-04 -5.6784712e-02  2.0670182e-01  1.2753403e-01
  1.1402253e-01 -2.1086280e-01 -9.9157140e-02 -5.5993859e-02
  7.0239782e-02  2.9262088e-02  1.0728303e-01]","[-0.05663536  0.2068482   0.12737364  0.11380532 -0.21098891 -0.0994672
 -0.05566458  0.07022678  0.02934083  0.10747018]","[-0.30668511986732483, 0.17666155099868774, 0.11745481938123703, -0.386100709438324, -0.06081697717308998, 0.1506642997264862, -0.025700101628899574, 0.08027011901140213, 0.5292578935623169, -0.04264624044299126]"
880,6.867187500000001,"[ 2.0000000e-01  0.0000000e+00  0.0000000e+00 -6.1613612e-04
 -7.1092491e-04 -6.3458428e-04  5.9491921e-02  4.9792603e-03
 -9.9821639e-01 -8.0166817e-02  1.3776711e-01  1.6316201e-01
  2.3345947e-02 -5.6720644e-02  5.4608345e-02  6.3651770e-02
  8.7085955e-02  1.4495850e-03 -6.4253166e-02 -1.3187409e-03
 -1.3187409e-03 -1.3187409e-03  4.3964386e-04  4.7807503e-04
 -1.3187409e-03  4.3964386e-04 -1.3187409e-03  1.3187409e-03
 -4.6150581e-04 -5.6751497e-02  2.0666039e-01  1.2760863e-01
  1.1393015e-01 -2.1081698e-01 -9.9356703e-02 -5.5391308e-02
  7.0240155e-02  2.9238798e-02  1.0739478e-01]","[-0.05659077  0.20677435  0.12743689  0.11374339 -0.21111661 -0.09932703
 -0.05577472  0.07018037  0.02925348  0.10751384]","[-0.30663880705833435, 0.17665740847587585, 0.11751441657543182, -0.38606521487236023, -0.060841482132673264, 0.15077091753482819, -0.02581530064344406, 0.08015701174736023, 0.529247522354126, -0.04258483275771141]"
890,6.9453125,"[ 2.0000000e-01  0.0000000e+00  0.0000000e+00 -1.7922961e-03
  9.2600193e-04  2.2429575e-03  5.9484746e-02  4.9649416e-03
 -9.9821687e-01 -7.9785347e-02  1.3814858e-01  1.6316201e-01
  2.3345947e-02 -5.6618504e-02  5.4608345e-02  6.3651770e-02
  8.7085955e-02  1.4495850e-03 -6.4253166e-02 -1.3187409e-03
  4.3964386e-04 -4.3964386e-04 -1.3187409e-03  9.5850928e-04
  4.3964386e-04  4.3964386e-04 -1.3187409e-03 -4.3964386e-04
 -5.4538523e-06 -5.6709610e-02  2.0660561e-01  1.2764697e-01
  1.1377157e-01 -2.1096574e-01 -9.9370465e-02 -5.5526126e-02
  7.0058465e-02  2.9305480e-02  1.0754981e-01]","[-0.05650432  0.20672177  0.12770467  0.11386487 -0.21094826 -0.09954493
 -0.05594416  0.07018251  0.02937516  0.1075016 ]","[-0.3067580461502075, 0.1766681969165802, 0.11757604032754898, -0.3860708475112915, -0.06076497584581375, 0.15068556368350983, -0.025767698884010315, 0.08020813018083572, 0.5292319655418396, -0.042607586830854416]"
900,7.0234375,"[ 2.0000000e-01  0.0000000e+00  0.0000000e+00  3.4227650e-04
  2.2911287e-03 -1.7901842e-04  5.9557743e-02  4.9904250e-03
 -9.9821234e-01 -8.0166817e-02  1.3776711e-01  1.6316201e-01
  2.3345947e-02 -5.6720644e-02  5.4608345e-02  6.3651770e-02
  8.7085955e-02  1.4495850e-03 -6.4253166e-02 -4.3964386e-04
 -1.3187409e-03 -1.3187409e-03 -3.0769350e-03  2.3785772e-04
 -4.3964386e-04 -4.3964386e-04  4.3964386e-04  4.3964386e-04
 -5.4538523e-06 -5.6777909e-02  2.0653985e-01  1.2758140e-01
  1.1405724e-01 -2.1073410e-01 -9.9054709e-02 -5.5844579e-02
  7.0228063e-02  2.9130250e-02  1.0735389e-01]","[-0.0566144   0.20667486  0.12754978  0.11401241 -0.21091047 -0.09909301
 -0.05567952  0.07022174  0.0291631   0.10745538]","[-0.3067440688610077, 0.17657294869422913, 0.11758936941623688, -0.3859824240207672, -0.06090762838721275, 0.15094627439975739, -0.025796836242079735, 0.08021143823862076, 0.5291889309883118, -0.04259158670902252]"
910,7.1015625,"[ 2.00000003e-01  0.00000000e+00  0.00000000e+00  6.16450270e-05
  1.91176380e-03 -3.59223661e-04  5.95684089e-02  4.91977623e-03
 -9.98212218e-01 -7.97853470e-02  1.37767106e-01  1.63162008e-01
  2.33459473e-02 -5.67206442e-02  5.46083450e-02  6.36517704e-02
  8.70859548e-02  1.44958496e-03 -6.42531663e-02 -4.39643860e-04
 -2.19783792e-03 -3.07693495e-03  4.39643860e-04  2.37857719e-04
  4.39643860e-04  4.39643860e-04 -4.39643860e-04 -4.39643860e-04
 -2.28051314e-04 -5.65352961e-02  2.06677973e-01  1.27550989e-01
  1.13912344e-01 -2.10775748e-01 -9.94586200e-02 -5.57102971e-02
  7.01797605e-02  2.93195918e-02  1.07372575e-01]","[-0.05667204  0.2067958   0.12731636  0.11393513 -0.21075962 -0.09926878
 -0.05571045  0.07027228  0.02920184  0.10735736]","[-0.306591272354126, 0.1767580807209015, 0.11743362993001938, -0.3860953152179718, -0.060776617377996445, 0.15061907470226288, -0.025777827948331833, 0.08022824674844742, 0.5292718410491943, -0.04259388893842697]"
920,7.179687499999999,"[ 2.0000000e-01  0.0000000e+00  0.0000000e+00  4.1261327e-04
 -6.7718775e-04 -2.5753905e-03  5.9638616e-02  4.8809568e-03
 -9.9820817e-01 -7.9785347e-02  1.3814858e-01  1.6316201e-01
  2.3345947e-02 -5.6720644e-02  5.4608345e-02  6.3651770e-02
  8.7085955e-02  1.4495850e-03 -6.4253166e-02 -1.3187409e-03
 -4.3964386e-04  4.3964386e-04  3.0769350e-03  2.4262902e-04
 -4.3964386e-04 -1.3187409e-03 -3.0769350e-03  4.3964386e-04
 -2.2805131e-04 -5.6765087e-02  2.0674422e-01  1.2739658e-01
  1.1379437e-01 -2.1074897e-01 -9.9373914e-02 -5.5773448e-02
  7.0107631e-02  2.9209830e-02  1.0737243e-01]","[-0.05670985  0.206751    0.12716669  0.11371759 -0.21066794 -0.09952461
 -0.05563675  0.07009134  0.02916036  0.10740883]","[-0.30662038922309875, 0.17673315107822418, 0.11735250800848007, -0.3861982524394989, -0.0607377290725708, 0.15057477355003357, -0.025677138939499855, 0.08008068054914474, 0.52918940782547, -0.042544860392808914]"
930,7.257812500000001,"[ 2.00000003e-01  0.00000000e+00  0.00000000e+00 -1.45982823e-03
  1.62568688e-03  2.34624604e-04  5.96376769e-02  4.92149778e-03
 -9.98208046e-01 -7.97853470e-02  1.38148576e-01  1.63162008e-01
  2.33459473e-02 -5.67206442e-02  5.46083450e-02  6.36517704e-02
  8.70859548e-02  1.44958496e-03 -6.42531663e-02  4.39643860e-04
 -4.39643860e-04  4.39643860e-04 -1.31874089e-03  2.41170687e-06
 -4.39643860e-04 -1.31874089e-03 -4.39643860e-04 -2.19783792e-03
  2.28051314e-04 -5.65462559e-02  2.06579164e-01  1.27568409e-01
  1.13815740e-01 -2.10891664e-01 -9.94416997e-02 -5.58493324e-02
  7.00921565e-02  2.93593928e-02  1.07448004e-01]","[-0.05679625  0.20662327  0.12760292  0.11400828 -0.21066372 -0.09926306
 -0.05577135  0.07010289  0.02923054  0.10738771]","[-0.3066898286342621, 0.17665275931358337, 0.11744507402181625, -0.38615044951438904, -0.060836128890514374, 0.15068383514881134, -0.025768548250198364, 0.08014417439699173, 0.5292341113090515, -0.04256610572338104]"
940,7.3359375,"[ 2.0000000e-01  0.0000000e+00  0.0000000e+00 -1.6786751e-03
 -1.1564028e-03  1.7355380e-03  5.9626628e-02  4.8623709e-03
 -9.9820888e-01 -7.9785347e-02  1.3776711e-01  1.6316201e-01
  2.3345947e-02 -5.6720644e-02  5.4608345e-02  6.3651770e-02
  8.7085955e-02  1.4495850e-03 -6.4253166e-02  4.3964386e-04
 -2.1978379e-03  1.3187409e-03 -4.3964386e-04  7.2340749e-06
 -1.3187409e-03  4.3964386e-04 -4.3964386e-04 -2.1978379e-03
  2.2805131e-04 -5.6738488e-02  2.0657730e-01  1.2748571e-01
  1.1406540e-01 -2.1088587e-01 -9.9072024e-02 -5.5811618e-02
  7.0253499e-02  2.9223502e-02  1.0733155e-01]","[-0.05685147  0.20676382  0.12752731  0.11379727 -0.21087381 -0.09929039
 -0.05567015  0.06997963  0.02929951  0.10756844]","[-0.3068176209926605, 0.17667768895626068, 0.11751946061849594, -0.38604220747947693, -0.060805778950452805, 0.15077196061611176, -0.02579675428569317, 0.0801447182893753, 0.5292515754699707, -0.042588718235492706]"
950,7.4140625,"[ 2.00000003e-01  0.00000000e+00  0.00000000e+00 -2.32158462e-03
 -8.34598963e-04 -1.01901044e-03  5.95973469e-02  4.86953976e-03
 -9.98210669e-01 -8.01668167e-02  1.38148576e-01  1.63162008e-01
  2.33459473e-02 -5.67206442e-02  5.46083450e-02  6.36517704e-02
  8.70859548e-02  1.44958496e-03 -6.42531663e-02 -2.19783792e-03
  4.39643860e-04 -1.31874089e-03 -1.31874089e-03 -4.73252701e-04
 -4.39643860e-04  4.39643860e-04  4.39643860e-04  4.39643860e-04
 -5.45385228e-06 -5.67550659e-02  2.06676170e-01  1.27689466e-01
  1.14029408e-01 -2.10879728e-01 -9.91424173e-02 -5.57070263e-02
  7.02590719e-02  2.91259289e-02  1.07462205e-01]","[-0.05628461  0.20675227  0.12763856  0.11373869 -0.21129376 -0.09947668
 -0.05589094  0.0700528   0.02934957  0.1075264 ]","[-0.3065915107727051, 0.1767459213733673, 0.11748383939266205, -0.38615384697914124, -0.06088414043188095, 0.1506219208240509, -0.025662820786237717, 0.08014202117919922, 0.5292255282402039, -0.0425269678235054]"
960,7.4921875,"[ 2.00000003e-01  0.00000000e+00  0.00000000e+00 -3.53366346e-03
  1.09482766e-03 -1.46951491e-03  5.96304983e-02  4.93860804e-03
 -9.98208404e-01 -8.01668167e-02  1.38148576e-01  1.63162008e-01
  2.33459473e-02 -5.67206442e-02  5.46083450e-02  6.36517704e-02
  8.70859548e-02  1.44958496e-03 -6.42531663e-02 -1.31874089e-03
  4.39643860e-04 -1.31874089e-03 -4.39643860e-04 -2.32983250e-04
 -1.31874089e-03 -1.31874089e-03 -2.19783792e-03 -4.39643860e-04
 -6.84054976e-04 -5.64399287e-02  2.06617966e-01  1.27641276e-01
  1.13955900e-01 -2.11100802e-01 -9.93201435e-02 -5.57736792e-02
  7.03193694e-02  2.92583033e-02  1.07424855e-01]","[-0.05662786  0.20651166  0.12765996  0.11389505 -0.21089683 -0.0993179
 -0.05592538  0.07014693  0.02919126  0.10736382]","[-0.30653876066207886, 0.17668135464191437, 0.11753816902637482, -0.3861232399940491, -0.061050377786159515, 0.15070775151252747, -0.02589959278702736, 0.0801890566945076, 0.5292628407478333, -0.04255878925323486]"
970,7.570312499999999,"[ 2.0000000e-01  0.0000000e+00  0.0000000e+00  1.9427784e-03
  1.3810964e-03 -4.9944344e-04  5.9643321e-02  4.9186386e-03
 -9.9820781e-01 -7.9785347e-02  1.3776711e-01  1.6316201e-01
  2.3345947e-02 -5.6720644e-02  5.4608345e-02  6.3651770e-02
  8.7085955e-02  1.4495850e-03 -6.4253166e-02  1.3187409e-03
 -3.0769350e-03 -4.3964386e-04 -4.3964386e-04 -4.6837819e-04
 -4.3964386e-04 -4.3964386e-04 -4.3964386e-04 -4.3964386e-04
 -5.4538523e-06 -5.6934543e-02  2.0664354e-01  1.2767412e-01
  1.1402315e-01 -2.1047591e-01 -9.9223852e-02 -5.5728983e-02
  7.0147865e-02  2.9066779e-02  1.0737078e-01]","[-0.05693122  0.20671795  0.12726681  0.11400352 -0.21059671 -0.09906533
 -0.05544649  0.07017706  0.02909387  0.10737897]","[-0.3067227602005005, 0.17667736113071442, 0.11746545881032944, -0.3860897719860077, -0.06069865822792053, 0.15069495141506195, -0.025627128779888153, 0.080159991979599, 0.5291658639907837, -0.04256846755743027]"
980,7.648437500000001,"[ 2.00000003e-01  0.00000000e+00  0.00000000e+00  7.04798906e-04
  6.52718241e-04  8.31754121e-04  5.96244708e-02  4.86183167e-03
 -9.98209000e-01 -7.97853470e-02  1.37767106e-01  1.63162008e-01
  2.33459473e-02 -5.67206442e-02  5.46083450e-02  6.36517704e-02
  8.70859548e-02  1.44958496e-03 -6.42531663e-02 -1.31874089e-03
 -1.31874089e-03 -4.39643860e-04 -4.39643860e-04 -4.73252701e-04
  4.39643860e-04 -4.39643860e-04  2.19783792e-03 -2.19783792e-03
  2.17095323e-04 -5.65817431e-02  2.07039952e-01  1.27197191e-01
  1.13840401e-01 -2.11034849e-01 -9.94205847e-02 -5.57303168e-02
  7.01711699e-02  2.93827578e-02  1.07377134e-01]","[-0.05660137  0.20700556  0.12734626  0.11382806 -0.21083404 -0.09941929
 -0.05558683  0.07004118  0.02929622  0.10748813]","[-0.3065122067928314, 0.17682519555091858, 0.11742841452360153, -0.3862214684486389, -0.06091872975230217, 0.15050986409187317, -0.02565375342965126, 0.08009615540504456, 0.5292869806289673, -0.04250849410891533]"
990,7.7265625,"[ 2.0000000e-01  0.0000000e+00  0.0000000e+00 -2.0013691e-03
 -1.1398571e-03 -1.6100662e-04  5.9583072e-02  4.8389155e-03
 -9.9821162e-01 -7.9785347e-02  1.3814858e-01  1.6316201e-01
  2.3345947e-02 -5.6720644e-02  5.4608345e-02  6.3651770e-02
  8.7085955e-02  1.4495850e-03 -6.4253166e-02 -1.3187409e-03
  4.3964386e-04 -1.3187409e-03  1.3187409e-03 -7.0377317e-04
 -4.3964386e-04 -4.3964386e-04 -4.3964386e-04  4.3964386e-04
 -5.4538523e-06 -5.6352109e-02  2.0674379e-01  1.2760544e-01
  1.1371182e-01 -2.1095115e-01 -9.9636421e-02 -5.5896316e-02
  7.0061423e-02  2.9316537e-02  1.0754552e-01]","[-0.05647746  0.2066938   0.12748751  0.11371567 -0.21108583 -0.09956339
 -0.05582004  0.0701286   0.02934292  0.10740456]","[-0.3065076172351837, 0.1767657846212387, 0.11757402122020721, -0.38619735836982727, -0.060888271778821945, 0.150477796792984, -0.025710945948958397, 0.08006812632083893, 0.5292710065841675, -0.042484354227781296]"
1000,7.8046875,"[ 2.0000000e-01  0.0000000e+00  0.0000000e+00  2.3683244e-03
 -5.5520667e-04  2.2307576e-03  5.9588891e-02  4.8214747e-03
 -9.9821126e-01 -7.9785347e-02  1.3814858e-01  1.6316201e-01
  2.3345947e-02 -5.6720644e-02  5.4608345e-02  6.3651770e-02
  8.7085955e-02  1.4495850e-03 -6.4253166e-02 -4.3964386e-04
 -2.1978379e-03 -4.3964386e-04  4.3964386e-04 -7.0377317e-04
  4.3964386e-04 -1.3187409e-03  4.3964386e-04 -4.3964386e-04
 -5.4538523e-06 -5.6673519e-02  2.0653950e-01  1.2762998e-01
  1.1399594e-01 -2.1093933e-01 -9.9106044e-02 -5.5921298e-02
  7.0188738e-02  2.9220320e-02  1.0748513e-01]","[-0.05677729  0.20692575  0.12724337  0.11384357 -0.21074943 -0.09949119
 -0.05522091  0.07012436  0.0292039   0.10741282]","[-0.30669987201690674, 0.1766490787267685, 0.11749372631311417, -0.38615185022354126, -0.060906652361154556, 0.15066678822040558, -0.02560514211654663, 0.08015511184930801, 0.5292383432388306, -0.04253879934549332]"
1010,7.8828125,"[ 2.00000003e-01  0.00000000e+00  0.00000000e+00  1.72600849e-03
 -5.90217998e-04  5.07498113e-03  5.96097670e-02  4.74040303e-03
 -9.98210430e-01 -7.97853470e-02  1.37767106e-01  1.63162008e-01
  2.33459473e-02 -5.67206442e-02  5.46083450e-02  6.36517704e-02
  8.70859548e-02  1.44958496e-03 -6.42531663e-02  4.39643860e-04
 -2.19783792e-03 -1.31874089e-03 -4.39643860e-04  4.78075031e-04
 -1.31874089e-03  4.39643860e-04 -1.31874089e-03 -1.31874089e-03
  2.28051314e-04 -5.66947684e-02  2.06679195e-01  1.27224907e-01
  1.13846436e-01 -2.10710347e-01 -9.92391557e-02 -5.57911955e-02
  7.02049285e-02  2.91543081e-02  1.07390322e-01]","[-0.05692186  0.20678766  0.12750612  0.11387772 -0.21064548 -0.0993619
 -0.05541313  0.07024309  0.0292047   0.10750518]","[-0.30667027831077576, 0.1766987293958664, 0.11735856533050537, -0.38621264696121216, -0.060724686831235886, 0.15053647756576538, -0.025523679330945015, 0.0801893025636673, 0.5292002558708191, -0.042540762573480606]"
1020,7.960937499999999,"[ 2.0000000e-01  0.0000000e+00  0.0000000e+00 -3.1816305e-03
  4.2709953e-04  9.9103281e-04  5.9605468e-02  4.7838562e-03
 -9.9821067e-01 -7.9785347e-02  1.3814858e-01  1.6316201e-01
  2.3345947e-02 -5.6720644e-02  5.4608345e-02  6.3651770e-02
  8.7085955e-02  1.4495850e-03 -6.4253166e-02 -1.3187409e-03
 -4.3964386e-04 -1.3187409e-03  4.3964386e-04  2.3785772e-04
 -4.3964386e-04 -1.3187409e-03 -4.3964386e-04  4.3964386e-04
 -5.4538523e-06 -5.6580387e-02  2.0677358e-01  1.2746702e-01
  1.1374096e-01 -2.1089460e-01 -9.9448591e-02 -5.5675279e-02
  6.9939062e-02  2.9254250e-02  1.0752650e-01]","[-0.05667099  0.2066314   0.1274976   0.11378092 -0.21095422 -0.09945165
 -0.05582326  0.0702276   0.02928083  0.10737395]","[-0.30670371651649475, 0.17673663794994354, 0.11737474054098129, -0.38621577620506287, -0.060831569135189056, 0.15058179199695587, -0.025650057941675186, 0.08013637363910675, 0.5292621850967407, -0.042564816772937775]"
1030,8.0390625,"[ 2.0000000e-01  0.0000000e+00  0.0000000e+00  4.9036770e-04
 -2.2234097e-03 -8.9078117e-04  5.9621174e-02  4.7409404e-03
 -9.9820971e-01 -7.9785347e-02  1.3776711e-01  1.6316201e-01
  2.3345947e-02 -5.6720644e-02  5.4608345e-02  6.3651770e-02
  8.7085955e-02  1.4495850e-03 -6.4253166e-02 -1.3187409e-03
 -1.3187409e-03  4.3964386e-04  1.3187409e-03  2.3785772e-04
 -4.3964386e-04 -1.3187409e-03 -1.3187409e-03 -1.3187409e-03
  2.1709532e-04 -5.6856282e-02  2.0676720e-01  1.2727195e-01
  1.1381544e-01 -2.1056344e-01 -9.9405423e-02 -5.5564824e-02
  7.0172302e-02  2.9166520e-02  1.0741391e-01]","[-0.05667523  0.20688681  0.12715062  0.11357018 -0.21066393 -0.09964953
 -0.05540234  0.07000411  0.02918757  0.1075208 ]","[-0.3066841661930084, 0.17681817710399628, 0.11729300767183304, -0.38624829053878784, -0.06078707426786423, 0.15052373707294464, -0.025616340339183807, 0.0801190584897995, 0.5292209386825562, -0.04253724217414856]"
1040,8.1171875,"[ 2.0000000e-01  0.0000000e+00  0.0000000e+00 -5.1141293e-03
 -1.2204390e-03  2.5096090e-04  5.9599798e-02  4.7365734e-03
 -9.9821103e-01 -7.9785347e-02  1.3776711e-01  1.6316201e-01
  2.3345947e-02 -5.6720644e-02  5.4608345e-02  6.3651770e-02
  8.7085955e-02  1.4495850e-03 -6.4253166e-02 -4.3964386e-04
 -4.3964386e-04 -2.1978379e-03  1.3187409e-03 -2.3298325e-04
 -1.3187409e-03 -4.3964386e-04 -2.1978379e-03  1.3187409e-03
 -4.6150581e-04 -5.6630410e-02  2.0662878e-01  1.2750712e-01
  1.1381461e-01 -2.1073593e-01 -9.9405006e-02 -5.5809464e-02
  7.0069656e-02  2.9325522e-02  1.0740238e-01]","[-0.05667952  0.20641539  0.12753284  0.11367266 -0.2110382  -0.09939721
 -0.05590269  0.07025588  0.02928167  0.10740492]","[-0.30663836002349854, 0.17666105926036835, 0.11742563545703888, -0.38632506132125854, -0.06093994900584221, 0.15053772926330566, -0.025694526731967926, 0.08012489229440689, 0.5292624831199646, -0.042515311390161514]"
1050,8.1953125,"[ 2.00000003e-01  0.00000000e+00  0.00000000e+00 -4.67289239e-03
  6.88165892e-04  2.87619792e-03  5.95668927e-02  4.75970190e-03
 -9.98212934e-01 -8.01668167e-02  1.37767106e-01  1.63162008e-01
  2.33459473e-02 -5.67206442e-02  5.46083450e-02  6.36517704e-02
  8.70859548e-02  1.44958496e-03 -6.42531663e-02 -1.31874089e-03
 -2.19783792e-03 -4.39643860e-04  1.31874089e-03 -9.53687297e-04
 -1.31874089e-03 -4.39643860e-04 -4.39643860e-04 -1.31874089e-03
 -2.38908367e-04 -5.65825030e-02  2.06704110e-01  1.27345100e-01
  1.13708749e-01 -2.10972786e-01 -9.92845595e-02 -5.59373908e-02
  7.01760128e-02  2.92275026e-02  1.07484706e-01]","[-0.05694088  0.2066472   0.12741141  0.11372474 -0.21091585 -0.09925926
 -0.0558254   0.07015098  0.02929296  0.10739243]","[-0.3066382110118866, 0.17680492997169495, 0.1173989474773407, -0.3862471282482147, -0.060897354036569595, 0.15058396756649017, -0.02573883719742298, 0.08009689301252365, 0.5292505621910095, -0.04252239316701889]"
1060,8.2734375,"[ 2.00000003e-01  0.00000000e+00  0.00000000e+00 -3.87550355e-03
  1.23509974e-03 -1.97595707e-03  5.95586188e-02  4.73965192e-03
 -9.98213649e-01 -7.97853470e-02  1.38148576e-01  1.63162008e-01
  2.33459473e-02 -5.67206442e-02  5.46083450e-02  6.36517704e-02
  8.70859548e-02  1.44958496e-03 -6.42531663e-02  4.39643860e-04
 -1.31874089e-03 -4.39643860e-04 -4.39643860e-04  7.18292373e-04
 -2.19783792e-03 -4.39643860e-04 -4.39643860e-04  3.07693495e-03
  2.17095323e-04 -5.64929470e-02  2.06553221e-01  1.27328411e-01
  1.13671504e-01 -2.10843548e-01 -9.96176004e-02 -5.55961095e-02
  7.01910406e-02  2.93860435e-02  1.07465625e-01]","[-0.05681529  0.20643686  0.12756698  0.11386362 -0.21126756 -0.09901486
 -0.0560369   0.07027171  0.02925584  0.10742895]","[-0.3066689670085907, 0.1766003966331482, 0.11744709312915802, -0.3861616849899292, -0.060872919857501984, 0.1506427675485611, -0.02570483833551407, 0.08016219735145569, 0.5292611122131348, -0.04258628189563751]"
1070,8.3515625,"[ 2.0000000e-01  0.0000000e+00  0.0000000e+00  2.0228191e-03
 -3.8583993e-04  3.4462400e-03  5.9600428e-02  4.7297971e-03
 -9.9821115e-01 -7.9785347e-02  1.3814858e-01  1.6316201e-01
  2.3345947e-02 -5.6720644e-02  5.4608345e-02  6.3651770e-02
  8.7085955e-02  1.4495850e-03 -6.4253166e-02 -1.3187409e-03
 -4.3964386e-04 -4.3964386e-04  4.3964386e-04 -2.3298325e-04
 -4.3964386e-04  4.3964386e-04  4.3964386e-04 -4.3964386e-04
  2.0618997e-04 -5.6974955e-02  2.0665982e-01  1.2764896e-01
  1.1422525e-01 -2.1056925e-01 -9.8952934e-02 -5.5880066e-02
  7.0216924e-02  2.9154934e-02  1.0735006e-01]","[-0.05669465  0.20696472  0.12747048  0.11393452 -0.21086495 -0.09941762
 -0.05559092  0.07011204  0.02926029  0.10748311]","[-0.3068482279777527, 0.17674432694911957, 0.11749056726694107, -0.3860023319721222, -0.060686029493808746, 0.15077565610408783, -0.02565428800880909, 0.08018909394741058, 0.5291930437088013, -0.04257584735751152]"
1080,8.4296875,"[ 2.0000000e-01  0.0000000e+00  0.0000000e+00 -1.7401631e-03
  9.0392347e-04  1.3121212e-03  5.9553295e-02  4.7156280e-03
 -9.9821389e-01 -7.9785347e-02  1.3776711e-01  1.6316201e-01
  2.3345947e-02 -5.6720644e-02  5.4608345e-02  6.3651770e-02
  8.7085955e-02  1.4495850e-03 -6.4253166e-02 -1.3187409e-03
 -2.1978379e-03  1.3187409e-03 -4.3964386e-04  2.4117069e-06
 -4.3964386e-04  4.3964386e-04 -1.3187409e-03  4.3964386e-04
  2.2805131e-04 -5.6555010e-02  2.0673040e-01  1.2746792e-01
  1.1365478e-01 -2.1078280e-01 -9.9495143e-02 -5.5565443e-02
  7.0090219e-02  2.9105641e-02  1.0745834e-01]","[-0.05674411  0.20672534  0.1273155   0.1136487  -0.21098718 -0.0994469
 -0.05572391  0.07009798  0.02929907  0.10754321]","[-0.3066115975379944, 0.17679528892040253, 0.117359958589077, -0.3863561451435089, -0.06094968318939209, 0.15050317347049713, -0.025577222928404808, 0.08007487654685974, 0.5292249321937561, -0.04248654469847679]"
1090,8.5078125,"[ 2.00000003e-01  0.00000000e+00  0.00000000e+00 -6.68077089e-04
  8.12572893e-04 -8.56834522e-04  5.96020296e-02  4.67474246e-03
 -9.98211145e-01 -7.97853470e-02  1.38148576e-01  1.63162008e-01
  2.33459473e-02 -5.67206442e-02  5.46083450e-02  6.36517704e-02
  8.70859548e-02  1.44958496e-03 -6.42531663e-02 -3.07693495e-03
 -4.39643860e-04 -2.19783792e-03 -4.39643860e-04  9.53687297e-04
 -4.39643860e-04  1.31874089e-03  4.39643860e-04 -4.39643860e-04
 -5.45385228e-06 -5.68093732e-02  2.06635952e-01  1.27307877e-01
  1.13863759e-01 -2.10828692e-01 -9.92330015e-02 -5.55689298e-02
  7.02116564e-02  2.92465538e-02  1.07396044e-01]","[-0.05644116  0.20700905  0.12746647  0.11378343 -0.21111721 -0.09945962
 -0.05594827  0.07005356  0.02927592  0.10755267]","[-0.3066478967666626, 0.17674137651920319, 0.1174570769071579, -0.386068731546402, -0.060896191745996475, 0.1507466584444046, -0.025773292407393456, 0.0801171213388443, 0.5292112827301025, -0.04256245866417885]"
1100,8.5859375,"[ 2.00000003e-01  0.00000000e+00  0.00000000e+00 -1.78953842e-03
 -8.84847017e-04 -1.38394127e-03  5.95838577e-02  4.70413826e-03
 -9.98212218e-01 -7.97853470e-02  1.37767106e-01  1.63162008e-01
  2.33459473e-02 -5.67206442e-02  5.46083450e-02  6.36517704e-02
  8.70859548e-02  1.44958496e-03 -6.42531663e-02 -1.31874089e-03
 -4.39643860e-04 -4.39643860e-04 -1.31874089e-03  2.41170687e-06
  4.39643860e-04  4.39643860e-04 -1.31874089e-03 -2.19783792e-03
  2.17095323e-04 -5.68362772e-02  2.06696659e-01  1.27415627e-01
  1.13974735e-01 -2.10605964e-01 -9.93063748e-02 -5.56572564e-02
  7.01682940e-02  2.91295797e-02  1.07379965e-01]","[-0.05642406  0.20675577  0.1274323   0.1136517  -0.21079625 -0.09962712
 -0.05570057  0.06997105  0.02927469  0.10757267]","[-0.30660131573677063, 0.17670683562755585, 0.11752598732709885, -0.38615989685058594, -0.06084296479821205, 0.15059863030910492, -0.025776080787181854, 0.0800362303853035, 0.5292425751686096, -0.04254107549786568]"
1110,8.6640625,"[ 2.00000003e-01  0.00000000e+00  0.00000000e+00  1.00426248e-03
 -1.01913267e-03 -3.02814617e-04  5.95181398e-02  4.70150914e-03
 -9.98216152e-01 -7.97853470e-02  1.38148576e-01  1.63162008e-01
  2.33459473e-02 -5.67206442e-02  5.46083450e-02  6.36517704e-02
  8.70859548e-02  1.44958496e-03 -6.42531663e-02 -4.39643860e-04
 -4.39643860e-04 -4.39643860e-04 -4.39643860e-04 -2.37857719e-04
  4.39643860e-04 -2.19783792e-03 -4.39643860e-04 -4.39643860e-04
 -5.45385228e-06 -5.67201823e-02  2.06599727e-01  1.27586171e-01
  1.13972746e-01 -2.10980624e-01 -9.91322100e-02 -5.59381060e-02
  7.01270923e-02  2.92857513e-02  1.07443444e-01]","[-0.05665577  0.20675951  0.12733603  0.11379924 -0.21070829 -0.09955522
 -0.05531913  0.07008925  0.02917374  0.10744531]","[-0.3067135810852051, 0.17666256427764893, 0.11749912798404694, -0.3861064612865448, -0.06089010462164879, 0.15070101618766785, -0.025715628638863564, 0.0801468938589096, 0.529222309589386, -0.042566780000925064]"
1120,8.7421875,"[ 2.0000000e-01  0.0000000e+00  0.0000000e+00 -2.0696465e-03
  2.5468194e-03 -2.1477498e-03  5.9552867e-02  4.6485355e-03
 -9.9821424e-01 -7.9785347e-02  1.3776711e-01  1.6316201e-01
  2.3345947e-02 -5.6720644e-02  5.4608345e-02  6.3651770e-02
  8.7085955e-02  1.4495850e-03 -6.4253166e-02 -4.3964386e-04
 -4.3964386e-04 -4.3964386e-04 -4.3964386e-04 -2.3298325e-04
 -4.3964386e-04 -4.3964386e-04 -4.3964386e-04  1.3187409e-03
 -5.4538523e-06 -5.6645431e-02  2.0672190e-01  1.2749724e-01
  1.1385584e-01 -2.1095006e-01 -9.9342443e-02 -5.5872742e-02
  7.0066042e-02  2.9268183e-02  1.0740157e-01]","[-0.05672332  0.20652434  0.12739673  0.11389626 -0.21093863 -0.09909564
 -0.05594424  0.07018676  0.0291843   0.10742294]","[-0.30669620633125305, 0.17677943408489227, 0.11748705059289932, -0.38613566756248474, -0.06093110516667366, 0.15067967772483826, -0.02578730508685112, 0.08009394258260727, 0.5292279124259949, -0.04252638667821884]"
1130,8.8203125,"[ 2.00000003e-01  0.00000000e+00  0.00000000e+00 -1.34702760e-03
  3.43917112e-04  2.94349768e-04  5.95345348e-02  4.60726768e-03
 -9.98215556e-01 -7.97853470e-02  1.38148576e-01  1.63162008e-01
  2.33459473e-02 -5.67206442e-02  5.46083450e-02  6.36517704e-02
  8.70859548e-02  1.44958496e-03 -6.42531663e-02 -4.39643860e-04
  4.39643860e-04 -2.19783792e-03 -3.07693495e-03 -2.41170687e-06
 -4.39643860e-04 -4.39643860e-04  4.39643860e-04  1.31874089e-03
 -5.45385228e-06 -5.67873791e-02  2.06765592e-01  1.27406165e-01
  1.13895655e-01 -2.10905835e-01 -9.91500840e-02 -5.59461527e-02
  7.00376332e-02  2.92511731e-02  1.07523374e-01]","[-0.05648797  0.20656194  0.12772775  0.11389279 -0.2110985  -0.09933473
 -0.05573703  0.07020961  0.02924795  0.10750655]","[-0.30669429898262024, 0.17665895819664001, 0.11752964556217194, -0.3861413300037384, -0.06106004863977432, 0.15077859163284302, -0.02579089254140854, 0.08008454740047455, 0.5292665958404541, -0.04252269119024277]"
1140,8.8984375,"[ 2.0000000e-01  0.0000000e+00  0.0000000e+00  1.2374559e-03
  9.3045249e-04  2.5950426e-03  5.9499010e-02  4.6871053e-03
 -9.9821734e-01 -7.9785347e-02  1.3814858e-01  1.6316201e-01
  2.3345947e-02 -5.6720644e-02  5.4608345e-02  6.3651770e-02
  8.7085955e-02  1.4495850e-03 -6.4253166e-02 -1.3187409e-03
 -1.3187409e-03 -4.3964386e-04  4.3964386e-04  9.5850969e-04
 -1.3187409e-03 -1.3187409e-03  4.3964386e-04  1.3187409e-03
  2.2805131e-04 -5.6549154e-02  2.0679951e-01  1.2753062e-01
  1.1368769e-01 -2.1074630e-01 -9.9695742e-02 -5.5672716e-02
  7.0036918e-02  2.9362984e-02  1.0750004e-01]","[-0.05687179  0.20689833  0.12735577  0.11387911 -0.21093236 -0.09936047
 -0.0555957   0.07025492  0.0292038   0.10741822]","[-0.3066893517971039, 0.17676976323127747, 0.11752655357122421, -0.3861749470233917, -0.06091928482055664, 0.15056516230106354, -0.025712644681334496, 0.08012789487838745, 0.5292578339576721, -0.042504146695137024]"
1150,8.9765625,"[ 2.0000000e-01  0.0000000e+00  0.0000000e+00 -2.3357740e-03
 -1.1162079e-03  1.1693705e-05  5.9517514e-02  4.6312977e-03
 -9.9821663e-01 -8.0166817e-02  1.3814858e-01  1.6316201e-01
  2.3345947e-02 -5.6720644e-02  5.4608345e-02  6.3651770e-02
  8.7085955e-02  1.4495850e-03 -6.4253166e-02 -1.3187409e-03
 -4.3964386e-04 -4.3964386e-04 -2.1978379e-03 -4.6837819e-04
 -4.3964386e-04 -1.3187409e-03  4.3964386e-04 -4.3964386e-04
  2.1709532e-04 -5.7058208e-02  2.0672436e-01  1.2722905e-01
  1.1393399e-01 -2.1038792e-01 -9.9157467e-02 -5.5678826e-02
  7.0189781e-02  2.9105358e-02  1.0731275e-01]","[-0.05654872  0.20666862  0.1275137   0.11370617 -0.21096866 -0.09948032
 -0.05554846  0.07007971  0.02926654  0.10750457]","[-0.3069060146808624, 0.17671115696430206, 0.1173989325761795, -0.38607558608055115, -0.06058768182992935, 0.15078529715538025, -0.025632401928305626, 0.08010818064212799, 0.5291145443916321, -0.04258473590016365]"
1160,9.0546875,"[ 2.0000000e-01  0.0000000e+00  0.0000000e+00  1.2549092e-03
 -2.3535764e-04 -5.4260541e-04  5.9538495e-02  4.6010995e-03
 -9.9821544e-01 -7.9785347e-02  1.3776711e-01  1.6316201e-01
  2.3345947e-02 -5.6720644e-02  5.4608345e-02  6.3651770e-02
  8.7085955e-02  1.4495850e-03 -6.4253166e-02 -4.3964386e-04
 -4.3964386e-04 -2.1978379e-03  4.3964386e-04 -2.3298325e-04
  1.3187409e-03 -4.3964386e-04 -1.3187409e-03 -2.1978379e-03
  2.1709532e-04 -5.6423716e-02  2.0645554e-01  1.2763797e-01
  1.1367883e-01 -2.1107320e-01 -9.9359922e-02 -5.5923175e-02
  7.0180319e-02  2.9353969e-02  1.0760037e-01]","[-0.05657554  0.20678023  0.12723432  0.1137393  -0.21053518 -0.09961453
 -0.05545031  0.07012148  0.02919403  0.10744783]","[-0.30661892890930176, 0.17670738697052002, 0.11739595979452133, -0.38628312945365906, -0.06085723638534546, 0.15052390098571777, -0.02561388723552227, 0.08013936877250671, 0.5292518734931946, -0.04246620088815689]"
1170,9.1328125,"[ 2.0000000e-01  0.0000000e+00  0.0000000e+00 -4.1964697e-04
  1.4178706e-03  2.6127580e-03  5.9599526e-02  4.5531187e-03
 -9.9821198e-01 -7.9785347e-02  1.3776711e-01  1.6316201e-01
  2.3345947e-02 -5.6616411e-02  5.4608345e-02  6.3651770e-02
  8.7085955e-02  1.4495850e-03 -6.4253166e-02  1.3187409e-03
 -1.3187409e-03 -4.3964386e-04  1.3187409e-03  2.4261647e-04
 -1.3187409e-03 -1.3187409e-03 -4.3964386e-04  4.3964386e-04
 -5.4538523e-06 -5.6709208e-02  2.0675209e-01  1.2754837e-01
  1.1396485e-01 -2.1048142e-01 -9.9567257e-02 -5.5459995e-02
  7.0176974e-02  2.9201642e-02  1.0739451e-01]","[-0.05713023  0.20654213  0.12737349  0.11401241 -0.21059225 -0.09904682
 -0.0556582   0.07034891  0.02913871  0.10730184]","[-0.3068132698535919, 0.17676176130771637, 0.1175120398402214, -0.3860786557197571, -0.06076391041278839, 0.15067625045776367, -0.025638531893491745, 0.08013630658388138, 0.5292187929153442, -0.04255829006433487]"
1180,9.2109375,"[ 2.0000000e-01  0.0000000e+00  0.0000000e+00  1.6057029e-03
  1.4091266e-03 -3.0676778e-03  5.9570480e-02  4.6267183e-03
 -9.9821329e-01 -7.9785347e-02  1.3814858e-01  1.6316201e-01
  2.3345947e-02 -5.6720644e-02  5.4608345e-02  6.3651770e-02
  8.7085955e-02  1.4495850e-03 -6.4253166e-02 -1.3187409e-03
 -1.3187409e-03 -4.3964386e-04  2.1978379e-03 -4.6837819e-04
 -4.3964386e-04 -1.3187409e-03 -4.3964386e-04  1.3187409e-03
 -2.2805131e-04 -5.6920901e-02  2.0639104e-01  1.2768710e-01
  1.1397313e-01 -2.1078764e-01 -9.9141158e-02 -5.5940550e-02
  7.0293121e-02  2.9194444e-02  1.0742841e-01]","[-0.05685768  0.2068471   0.12704311  0.11388472 -0.21078214 -0.09919865
 -0.05558327  0.07009804  0.02904923  0.10735314]","[-0.30672770738601685, 0.1766510158777237, 0.11742531508207321, -0.3861808478832245, -0.060838304460048676, 0.15065062046051025, -0.02568279206752777, 0.08014924079179764, 0.5292153358459473, -0.042540084570646286]"
1190,9.2890625,"[ 2.00000003e-01  0.00000000e+00  0.00000000e+00  2.83095893e-03
  2.10085273e-04  3.95585829e-03  5.95580600e-02  4.61301021e-03
 -9.98214245e-01 -8.01668167e-02  1.37767106e-01  1.63162008e-01
  2.33459473e-02 -5.66164106e-02  5.46083450e-02  6.36517704e-02
  8.70859548e-02  1.44958496e-03 -6.42531663e-02 -1.31874089e-03
 -4.39643860e-04 -4.39643860e-04  4.39643860e-04  2.42616472e-04
 -1.31874089e-03  4.39643860e-04 -4.39643860e-04  1.31874089e-03
  2.17095323e-04 -5.68134189e-02  2.06494302e-01  1.27386808e-01
  1.13772310e-01 -2.10668042e-01 -9.93661880e-02 -5.55988289e-02
  7.02278987e-02  2.91459784e-02  1.07376255e-01]","[-0.05676997  0.20684928  0.12737493  0.11383216 -0.21092285 -0.09931043
 -0.0555876   0.07025948  0.02921673  0.10752271]","[-0.30664142966270447, 0.17667627334594727, 0.11746888607740402, -0.38624143600463867, -0.060929205268621445, 0.15060833096504211, -0.025734463706612587, 0.08012556284666061, 0.5292548537254333, -0.04249223694205284]"
1200,9.3671875,"[ 2.00000003e-01  0.00000000e+00  0.00000000e+00  1.23342418e-03
 -1.83238625e-03  2.91609613e-04  5.95043264e-02  4.63006413e-03
 -9.98217344e-01 -7.97853470e-02  1.38148576e-01  1.63162008e-01
  2.33459473e-02 -5.67206442e-02  5.46083450e-02  6.36517704e-02
  8.70859548e-02  1.44958496e-03 -6.42531663e-02 -4.39643860e-04
  4.39643860e-04  4.39643860e-04 -4.39643860e-04 -2.32983250e-04
  4.39643860e-04 -4.39643860e-04 -4.39643860e-04 -1.31874089e-03
 -1.63591903e-05 -5.67172691e-02  2.06755906e-01  1.27272487e-01
  1.13887593e-01 -2.10837930e-01 -9.91609246e-02 -5.59187867e-02
  7.01332316e-02  2.92128772e-02  1.07496746e-01]","[-0.05653229  0.2067835   0.12744807  0.11375055 -0.21075651 -0.09960882
 -0.05547022  0.06998342  0.02928618  0.10755897]","[-0.30657312273979187, 0.17671602964401245, 0.11747899651527405, -0.3862232267856598, -0.06096553057432175, 0.15060240030288696, -0.02571122534573078, 0.08007603138685226, 0.5292759537696838, -0.04246579855680466]"
1210,9.4453125,"[ 2.0000000e-01  0.0000000e+00  0.0000000e+00  8.6704467e-04
  1.6875939e-03 -1.7421003e-03  5.9500720e-02  4.6001170e-03
 -9.9821758e-01 -7.9785347e-02  1.3776711e-01  1.6316201e-01
  2.3345947e-02 -5.6720644e-02  5.4608345e-02  6.3651770e-02
  8.7085955e-02  1.4495850e-03 -6.4253166e-02 -1.3187409e-03
 -1.3187409e-03 -4.3964386e-04 -4.3964386e-04  2.4262902e-04
 -1.3187409e-03 -1.3187409e-03 -2.1978379e-03 -2.1978379e-03
 -5.4538523e-06 -5.6731440e-02  2.0668852e-01  1.2757254e-01
  1.1367349e-01 -2.1073668e-01 -9.9587068e-02 -5.5392411e-02
  7.0033610e-02  2.9194206e-02  1.0754113e-01]","[-0.05691934  0.20682229  0.12723991  0.11381722 -0.21047604 -0.09934272
 -0.05559548  0.07004859  0.02901419  0.10744322]","[-0.3067082166671753, 0.17674559354782104, 0.11740436404943466, -0.38617897033691406, -0.06071062013506889, 0.15060415863990784, -0.02554217539727688, 0.08007502555847168, 0.5291587710380554, -0.04250451549887657]"
1220,9.5234375,"[ 2.00000003e-01  0.00000000e+00  0.00000000e+00  7.71976600e-04
  2.24002544e-03 -2.04432174e-03  5.95526434e-02  4.58935276e-03
 -9.98214722e-01 -7.97853470e-02  1.38148576e-01  1.63162008e-01
  2.33459473e-02 -5.67206442e-02  5.46083450e-02  6.36517704e-02
  8.70859548e-02  1.44958496e-03 -6.42531663e-02 -1.31874089e-03
  1.31874089e-03 -1.31874089e-03  4.39643860e-04 -4.68378188e-04
  4.39643860e-04 -1.31874089e-03 -4.39643860e-04 -4.39643860e-04
  6.73149654e-04 -5.69339171e-02  2.06694037e-01  1.27430350e-01
  1.13947496e-01 -2.10659266e-01 -9.93105471e-02 -5.56122772e-02
  7.02740029e-02  2.91566700e-02  1.07331492e-01]","[-0.05666133  0.20670098  0.12732126  0.11398225 -0.21058644 -0.09930289
 -0.05576799  0.07020366  0.02911936  0.10732387]","[-0.3068554103374481, 0.17670628428459167, 0.1173616424202919, -0.3860742151737213, -0.06062348932027817, 0.1507205069065094, -0.02568495087325573, 0.08021808415651321, 0.5291481018066406, -0.04260072857141495]"
1230,9.6015625,"[ 2.0000000e-01  0.0000000e+00  0.0000000e+00 -2.3299274e-03
 -1.3069201e-03  2.4048892e-04  5.9509724e-02  4.5490321e-03
 -9.9821734e-01 -7.9785347e-02  1.3776711e-01  1.6316201e-01
  2.3345947e-02 -5.6720644e-02  5.4608345e-02  6.3651770e-02
  8.7085955e-02  1.4495850e-03 -6.4253166e-02  4.3964386e-04
 -4.3964386e-04  1.3187409e-03 -4.3964386e-04  7.1346998e-04
 -4.3964386e-04  4.3964386e-04 -1.3187409e-03 -1.3187409e-03
 -2.2805131e-04 -5.6682177e-02  2.0675185e-01  1.2736855e-01
  1.1379515e-01 -2.1104392e-01 -9.9268407e-02 -5.5753436e-02
  7.0053704e-02  2.9158063e-02  1.0751292e-01]","[-0.05671086  0.20658165  0.12752052  0.11368945 -0.21085276 -0.0994124
 -0.05578019  0.0699825   0.02931777  0.10761969]","[-0.30660921335220337, 0.1766655296087265, 0.11739273369312286, -0.38633787631988525, -0.060983531177043915, 0.1505480408668518, -0.025676945224404335, 0.08006109297275543, 0.529289722442627, -0.04242740571498871]"
1240,9.6796875,"[ 2.0000000e-01  0.0000000e+00  0.0000000e+00 -1.1501720e-05
 -9.1750210e-04  6.7231827e-04  5.9481695e-02  4.4172937e-03
 -9.9821973e-01 -8.0166817e-02  1.3776711e-01  1.6316201e-01
  2.3345947e-02 -5.6720644e-02  5.4608345e-02  6.3651770e-02
  8.7085955e-02  1.4495850e-03 -6.4253166e-02 -1.3187409e-03
 -4.3964386e-04 -1.3187409e-03 -1.3187409e-03 -4.7325270e-04
 -1.3187409e-03 -1.3187409e-03  4.3964386e-04 -3.0769350e-03
  4.5060049e-04 -5.6764014e-02  2.0674065e-01  1.2725283e-01
  1.1390687e-01 -2.1085103e-01 -9.9205062e-02 -5.5863481e-02
  7.0151292e-02  2.9258497e-02  1.0739195e-01]","[-0.05674981  0.20684206  0.12742014  0.11375447 -0.21068329 -0.09940252
 -0.05545874  0.07002008  0.02913997  0.1075225 ]","[-0.306793749332428, 0.17675967514514923, 0.11737406253814697, -0.38622549176216125, -0.060871075838804245, 0.15065962076187134, -0.025664877146482468, 0.0801270455121994, 0.5292515158653259, -0.042529407888650894]"
1250,9.7578125,"[ 2.00000003e-01  0.00000000e+00  0.00000000e+00 -1.18441531e-03
  9.56108852e-04 -1.65148289e-03  5.95222712e-02  4.43630759e-03
 -9.98217225e-01 -8.01668167e-02  1.37767106e-01  1.63162008e-01
  2.33459473e-02 -5.67206442e-02  5.46083450e-02  6.36517704e-02
  8.70859548e-02  1.44958496e-03 -6.42531663e-02 -4.39643860e-04
 -3.07693495e-03 -4.39643860e-04 -2.19783792e-03  2.47451389e-04
  4.39643860e-04  4.39643860e-04 -1.31874089e-03 -4.39643860e-04
  4.50600492e-04 -5.66930622e-02  2.06627458e-01  1.27574623e-01
  1.13859177e-01 -2.11034909e-01 -9.93543491e-02 -5.57457469e-02
  7.01512322e-02  2.93927416e-02  1.07519686e-01]","[-0.05665349  0.20672856  0.12725626  0.11367182 -0.21091078 -0.09939519
 -0.05553151  0.07010616  0.02920596  0.10761019]","[-0.3067518472671509, 0.1765790730714798, 0.11743823438882828, -0.38624128699302673, -0.060900185257196426, 0.1506626307964325, -0.02568957395851612, 0.08014518022537231, 0.5292455554008484, -0.04244965687394142]"
1260,9.8359375,"[ 2.00000003e-01  0.00000000e+00  0.00000000e+00 -2.66948109e-03
  8.49870616e-04  2.65333685e-03  5.95576242e-02  4.51466255e-03
 -9.98214722e-01 -7.97853470e-02  1.38148576e-01  1.63162008e-01
  2.33459473e-02 -5.67206442e-02  5.46083450e-02  6.36517704e-02
  8.70859548e-02  1.44958496e-03 -6.42531663e-02 -4.39643860e-04
  4.39643860e-04 -1.31874089e-03  4.39643860e-04 -2.28160876e-04
 -1.31874089e-03  4.39643860e-04 -4.39643860e-04 -3.07693495e-03
 -5.45385228e-06 -5.64964637e-02  2.06836104e-01  1.27207354e-01
  1.13538459e-01 -2.10897014e-01 -9.96665657e-02 -5.54178022e-02
  6.99479058e-02  2.92060375e-02  1.07605994e-01]","[-0.05685518  0.20663913  0.12767671  0.11389939 -0.21072692 -0.09930827
 -0.05600739  0.07012592  0.02930345  0.10740284]","[-0.30672764778137207, 0.17666655778884888, 0.11746086925268173, -0.38616636395454407, -0.060788579285144806, 0.15061189234256744, -0.025703588500618935, 0.08015430718660355, 0.5292080044746399, -0.042574141174554825]"
1270,9.9140625,"[ 2.0000000e-01  0.0000000e+00  0.0000000e+00 -1.7299005e-03
  2.5484425e-03 -2.7938532e-03  5.9572730e-02  4.4973409e-03
 -9.9821389e-01 -8.0166817e-02  1.3776711e-01  1.6316201e-01
  2.3345947e-02 -5.6720644e-02  5.4608345e-02  6.3651770e-02
  8.7085955e-02  1.4495850e-03 -6.4253166e-02 -2.1978379e-03
 -1.3187409e-03 -4.3964386e-04  4.3964386e-04  1.2056443e-05
 -4.3964386e-04 -4.3964386e-04 -1.3187409e-03  1.3187409e-03
 -5.4538523e-06 -5.7090983e-02  2.0641205e-01  1.2743902e-01
  1.1409086e-01 -2.1057889e-01 -9.8914154e-02 -5.5747438e-02
  7.0231713e-02  2.9058777e-02  1.0731322e-01]","[-0.05676298  0.20665865  0.12714233  0.11378617 -0.21084996 -0.0991325
 -0.05583156  0.07015172  0.02908029  0.10744534]","[-0.3068814277648926, 0.17661438882350922, 0.11731217801570892, -0.3861127495765686, -0.06067890673875809, 0.15082648396492004, -0.025635937228798866, 0.0801379606127739, 0.5291149020195007, -0.042559415102005005]"
1280,9.9921875,"[ 2.0000000e-01  0.0000000e+00  0.0000000e+00 -1.1104832e-03
  4.1666246e-04  3.3400368e-04  5.9576735e-02  4.5453552e-03
 -9.9821341e-01 -7.9785347e-02  1.3776711e-01  1.6316201e-01
  2.3345947e-02 -5.6720644e-02  5.4608345e-02  6.3651770e-02
  8.7085955e-02  1.4495850e-03 -6.4253166e-02 -4.3964386e-04
 -1.3187409e-03 -4.3964386e-04 -4.3964386e-04  7.2340749e-06
 -1.3187409e-03  1.3187409e-03 -1.3187409e-03 -4.3964386e-04
  2.2805131e-04 -5.6642689e-02  2.0685527e-01  1.2736067e-01
  1.1388057e-01 -2.1061479e-01 -9.9589363e-02 -5.5502396e-02
  7.0088118e-02  2.9213779e-02  1.0742406e-01]","[-0.05672628  0.20669928  0.12746881  0.1137825  -0.21092327 -0.09929955
 -0.05583823  0.07011601  0.02924851  0.10754351]","[-0.30670633912086487, 0.17671015858650208, 0.11740566790103912, -0.3862035274505615, -0.06076767295598984, 0.15061907470226288, -0.02568715251982212, 0.08007246255874634, 0.5292133688926697, -0.04251527413725853]"
1290,10.0703125,"[ 2.00000003e-01  0.00000000e+00  0.00000000e+00  2.39769835e-03
 -2.80177715e-04  8.64601228e-04  5.95661215e-02  4.58232826e-03
 -9.98213887e-01 -7.97853470e-02  1.37767106e-01  1.63162008e-01
  2.33459473e-02 -5.68248853e-02  5.46083450e-02  6.36517704e-02
  8.70859548e-02  1.44958496e-03 -6.42531663e-02 -4.39643860e-04
 -4.39643860e-04 -4.39643860e-04 -1.31874089e-03 -2.37860251e-04
 -4.39643860e-04 -1.31874089e-03  4.39643860e-04 -4.39643860e-04
  2.17095323e-04 -5.68699911e-02  2.06750378e-01  1.27577052e-01
  1.13942459e-01 -2.10894927e-01 -9.92530510e-02 -5.56506403e-02
  7.01176673e-02  2.91131213e-02  1.07510775e-01]","[-0.05672316  0.20679912  0.1273644   0.11384023 -0.21073318 -0.09938831
 -0.05538098  0.0701011   0.02912614  0.10750958]","[-0.30679211020469666, 0.17671972513198853, 0.11737973242998123, -0.3861396610736847, -0.060773201286792755, 0.15069855749607086, -0.025567935779690742, 0.08015544712543488, 0.5291377902030945, -0.042537230998277664]"
1300,10.1484375,"[ 2.0000000e-01  0.0000000e+00  0.0000000e+00  1.0786658e-03
  1.5348949e-03  1.4848388e-03  5.9499156e-02  4.5461431e-03
 -9.9821806e-01 -8.0166817e-02  1.3814858e-01  1.6316201e-01
  2.3345947e-02 -5.6824885e-02  5.4608345e-02  6.3651770e-02
  8.7085955e-02  1.4495850e-03 -6.4253166e-02 -2.1978379e-03
  1.3187409e-03 -4.3964386e-04 -1.3187409e-03  2.4264153e-04
 -1.3187409e-03  4.3964386e-04 -4.3964386e-04 -4.3964386e-04
 -2.4981372e-04 -5.6683086e-02  2.0682445e-01  1.2729390e-01
  1.1388329e-01 -2.1065509e-01 -9.9262759e-02 -5.5542532e-02
  6.9952704e-02  2.9109590e-02  1.0748559e-01]","[-0.0566122   0.20676935  0.12763207  0.11394219 -0.21088694 -0.09929536
 -0.05588952  0.07009935  0.02921857  0.10753009]","[-0.3066122829914093, 0.1768348217010498, 0.11738394945859909, -0.3862220048904419, -0.060891035944223404, 0.1505766659975052, -0.025606537237763405, 0.08010315150022507, 0.5292325019836426, -0.04246903210878372]"
1310,10.2265625,"[ 2.0000000e-01  0.0000000e+00  0.0000000e+00 -1.0088527e-03
  9.9979446e-04 -3.6466910e-04  5.9559297e-02  4.5226943e-03
 -9.9821448e-01 -8.0166817e-02  1.3776711e-01  1.6316201e-01
  2.3345947e-02 -5.6824885e-02  5.4608345e-02  6.3651770e-02
  8.7085955e-02  1.4495850e-03 -6.4253166e-02 -2.1978379e-03
 -4.3964386e-04 -4.3964386e-04  1.3187409e-03  2.4747386e-04
 -2.1978379e-03  4.3964386e-04  4.3964386e-04 -1.3187409e-03
 -5.4538523e-06 -5.6589119e-02  2.0685241e-01  1.2726660e-01
  1.1381419e-01 -2.1083133e-01 -9.9363863e-02 -5.5577081e-02
  7.0043631e-02  2.9186152e-02  1.0752196e-01]","[-0.05680222  0.20685437  0.12737857  0.1138028  -0.2109308  -0.0991372
 -0.05600732  0.07002993  0.02920093  0.10750324]","[-0.30672687292099, 0.1767960488796234, 0.11734936386346817, -0.3861686587333679, -0.060886748135089874, 0.15074428915977478, -0.02568429335951805, 0.08009645342826843, 0.5291534662246704, -0.042522136121988297]"
1320,10.3046875,"[ 2.00000003e-01  0.00000000e+00  0.00000000e+00 -2.23876862e-03
 -1.32330856e-03  4.09031892e-03  5.96086383e-02  4.48254030e-03
 -9.98211861e-01 -8.01668167e-02  1.38148576e-01  1.63162008e-01
  2.33459473e-02 -5.69291338e-02  5.46083450e-02  6.36517704e-02
  8.70859548e-02  1.44958496e-03 -6.42531663e-02 -4.39643860e-04
  4.39643860e-04 -4.39643860e-04 -2.19783792e-03  2.42653958e-04
  4.39643860e-04 -1.31874089e-03  4.39643860e-04 -2.19783792e-03
 -5.45385228e-06 -5.67062944e-02  2.06645533e-01  1.27424523e-01
  1.13883398e-01 -2.10569203e-01 -9.93448123e-02 -5.57864197e-02
  6.99833632e-02  2.91458443e-02  1.07447304e-01]","[-0.05658153  0.20658791  0.12765016  0.11376574 -0.21076386 -0.09964771
 -0.05550017  0.0701197   0.02934054  0.10749993]","[-0.3067236542701721, 0.17662954330444336, 0.1174677163362503, -0.38611459732055664, -0.06067381799221039, 0.15062597393989563, -0.025648850947618484, 0.08013270795345306, 0.5291953086853027, -0.0425468347966671]"
1330,10.3828125,"[ 2.00000003e-01  0.00000000e+00  0.00000000e+00 -7.52638327e-04
  3.28401162e-04 -1.50307757e-03  5.96620478e-02  4.51095775e-03
 -9.98208284e-01 -8.01668167e-02  1.37767106e-01  1.63162008e-01
  2.33459473e-02 -5.69291338e-02  5.46083450e-02  6.36517704e-02
  8.70859548e-02  1.44958496e-03 -6.42531663e-02 -2.19783792e-03
 -4.39643860e-04 -4.39643860e-04 -4.39643860e-04 -2.32968348e-04
 -4.39643860e-04 -4.39643860e-04 -2.19783792e-03  4.39643860e-04
 -4.61505813e-04 -5.68116531e-02  2.06586704e-01  1.27377734e-01
  1.13904655e-01 -2.10552007e-01 -9.93151590e-02 -5.54809310e-02
  7.02060610e-02  2.90569812e-02  1.07413828e-01]","[-0.05656589  0.20664549  0.12726536  0.11364152 -0.21083657 -0.09949282
 -0.05562268  0.07008102  0.02914097  0.10753163]","[-0.30674266815185547, 0.1766255646944046, 0.11735910922288895, -0.386141300201416, -0.06072100251913071, 0.15068088471889496, -0.02557448297739029, 0.08016972988843918, 0.5291159152984619, -0.04254751279950142]"
1340,10.4609375,"[ 2.0000000e-01  0.0000000e+00  0.0000000e+00 -2.9821917e-03
 -1.7104227e-04 -1.7356427e-03  5.9676982e-02  4.4668950e-03
 -9.9820781e-01 -8.0166817e-02  1.3814858e-01  1.6316201e-01
  2.3345947e-02 -5.6929134e-02  5.4608345e-02  6.3651770e-02
  8.7085955e-02  1.4495850e-03 -6.4253166e-02 -2.1978379e-03
 -4.3964386e-04 -4.3964386e-04 -4.3964386e-04 -2.3786274e-04
 -1.3187409e-03 -1.3187409e-03  4.3964386e-04 -4.3964386e-04
  4.5060049e-04 -5.6790955e-02  2.0665675e-01  1.2719221e-01
  1.1396472e-01 -2.1046025e-01 -9.9163830e-02 -5.5466261e-02
  7.0141315e-02  2.9042028e-02  1.0743647e-01]","[-0.05663534  0.2066738   0.1273798   0.11368207 -0.21097924 -0.09935674
 -0.05575533  0.07004282  0.02919756  0.10746891]","[-0.30681344866752625, 0.17661939561367035, 0.11731741577386856, -0.3861350417137146, -0.060713768005371094, 0.15081186592578888, -0.02563830465078354, 0.08015953004360199, 0.52911776304245, -0.042546436190605164]"
1350,10.5390625,"[ 2.0000000e-01  0.0000000e+00  0.0000000e+00 -4.5157429e-03
  5.8171823e-05  3.8169303e-03  5.9631616e-02  4.5714034e-03
 -9.9820995e-01 -7.9785347e-02  1.3814858e-01  1.6316201e-01
  2.3727417e-02 -5.6929134e-02  5.4608345e-02  6.3651770e-02
  8.7085955e-02  1.4495850e-03 -6.4253166e-02  4.3964386e-04
 -4.3964386e-04 -4.3964386e-04 -4.3964386e-04  2.4216677e-06
  1.3187409e-03  4.3964386e-04 -4.3964386e-04  4.3964386e-04
 -2.3890837e-04 -5.6435414e-02  2.0678903e-01  1.2728167e-01
  1.1344706e-01 -2.1093531e-01 -9.9866472e-02 -5.5099461e-02
  7.0079014e-02  2.9188685e-02  1.0770711e-01]","[-0.05658605  0.20638339  0.12760109  0.11366445 -0.21104476 -0.09959683
 -0.05583456  0.07028581  0.0294754   0.10749251]","[-0.30662161111831665, 0.1766066998243332, 0.11742081493139267, -0.3863172233104706, -0.06095871701836586, 0.15053780376911163, -0.02571042999625206, 0.08014317601919174, 0.529261589050293, -0.04246312007308006]"
1360,10.6171875,"[ 2.0000000e-01  0.0000000e+00  0.0000000e+00  2.5987954e-04
  1.1417072e-03 -3.1060751e-03  5.9569832e-02  4.5837034e-03
 -9.9821365e-01 -7.9785347e-02  1.3814858e-01  1.6316201e-01
  2.3727417e-02 -5.6824885e-02  5.4608345e-02  6.3651770e-02
  8.7085955e-02  1.4495850e-03 -6.4253166e-02 -4.3964386e-04
  4.3964386e-04 -4.3964386e-04 -1.3187409e-03  4.7808510e-04
 -1.3187409e-03 -4.3964386e-04  4.3964386e-04  3.9560320e-03
  2.1709532e-04 -5.6573123e-02  2.0677307e-01  1.2758531e-01
  1.1378233e-01 -2.1073861e-01 -9.9701710e-02 -5.5412244e-02
  7.0067339e-02  2.9278688e-02  1.0756337e-01]","[-0.05652931  0.20657499  0.12748782  0.11385636 -0.21128435 -0.09916375
 -0.05590404  0.07021099  0.02918423  0.10752999]","[-0.306625097990036, 0.17667213082313538, 0.11745607852935791, -0.3862334191799164, -0.06081037595868111, 0.15052253007888794, -0.025615381076931953, 0.08012454956769943, 0.5292255878448486, -0.0424589067697525]"
1370,10.6953125,"[ 2.00000003e-01  0.00000000e+00  0.00000000e+00  2.58162129e-03
  3.32942489e-03  1.12079806e-03  5.95810190e-02  4.57586069e-03
 -9.98212934e-01 -8.01668167e-02  1.38148576e-01  1.63162008e-01
  2.37274170e-02 -5.68248853e-02  5.46083450e-02  6.36517704e-02
  8.70859548e-02  1.44958496e-03 -6.42531663e-02 -3.07693495e-03
 -4.39643860e-04 -4.39643860e-04 -4.39643860e-04 -2.32975799e-04
 -4.39643860e-04 -4.39643860e-04  4.39643860e-04  1.31874089e-03
  2.17095323e-04 -5.69573194e-02  2.06732824e-01  1.27443880e-01
  1.14017859e-01 -2.10855216e-01 -9.90262479e-02 -5.57301901e-02
  7.00570643e-02  2.90384963e-02  1.07432194e-01]","[-0.05671427  0.20691293  0.12728323  0.11394491 -0.21091187 -0.09921186
 -0.05570303  0.07018792  0.02908925  0.10748601]","[-0.3066727817058563, 0.17672914266586304, 0.11746104061603546, -0.38611915707588196, -0.06090516969561577, 0.15067127346992493, -0.02570171281695366, 0.08014529198408127, 0.5291702151298523, -0.04250546544790268]"
1380,10.7734375,"[ 2.0000000e-01  0.0000000e+00  0.0000000e+00  6.6102599e-04
  4.6484750e-03 -1.4783812e-03  5.9670761e-02  4.5339703e-03
 -9.9820781e-01 -7.9785347e-02  1.3814858e-01  1.6316201e-01
  2.3727417e-02 -5.6927033e-02  5.4608345e-02  6.3651770e-02
  8.7085955e-02  1.4495850e-03 -6.4253166e-02  4.3964386e-04
  4.3964386e-04 -4.3964386e-04  1.3187409e-03 -7.0868921e-04
  4.3964386e-04 -4.3964386e-04  2.1978379e-03 -4.3964386e-04
 -2.3890837e-04 -5.6810670e-02  2.0661600e-01  1.2744965e-01
  1.1403914e-01 -2.1061116e-01 -9.9158436e-02 -5.5872846e-02
  7.0257291e-02  2.9167168e-02  1.0734910e-01]","[-0.05692111  0.20660377  0.12731452  0.11424118 -0.2106132  -0.09878919
 -0.05598978  0.07017593  0.02911837  0.1072802 ]","[-0.30672726035118103, 0.17668814957141876, 0.11724558472633362, -0.38612890243530273, -0.06068985536694527, 0.15073221921920776, -0.025743553414940834, 0.08018238842487335, 0.5291423201560974, -0.042549099773168564]"
1390,10.8515625,"[ 2.00000003e-01  0.00000000e+00  0.00000000e+00 -9.79496166e-04
  5.05621894e-04  2.50840466e-03  5.97545654e-02  4.59656259e-03
 -9.98202562e-01 -7.97853470e-02  1.38148576e-01  1.63162008e-01
  2.37274170e-02 -5.69270328e-02  5.46083450e-02  6.36517704e-02
  8.70859548e-02  1.44958496e-03 -6.42531663e-02  4.39643860e-04
  4.39643860e-04  4.39643860e-04 -4.39643860e-04 -4.68414742e-04
  4.39643860e-04  4.39643860e-04 -4.39643860e-04 -4.39643860e-04
 -5.45385228e-06 -5.64031973e-02  2.06688270e-01  1.27469838e-01
  1.13770485e-01 -2.10766613e-01 -9.96201932e-02 -5.56815453e-02
  7.00985715e-02  2.91770771e-02  1.07576303e-01]","[-0.05659829  0.20651042  0.12758525  0.11384892 -0.2108704  -0.09945163
 -0.05578372  0.07014835  0.02933965  0.10749914]","[-0.3066829741001129, 0.17656992375850677, 0.11749763041734695, -0.3861455023288727, -0.06072637438774109, 0.15063051879405975, -0.02577214501798153, 0.08008415997028351, 0.5292014479637146, -0.042475853115320206]"
1400,10.9296875,"[ 2.00000003e-01  0.00000000e+00  0.00000000e+00  7.19302509e-04
  7.92030405e-05  1.31149276e-03  5.97425587e-02  4.63102665e-03
 -9.98203039e-01 -7.97853470e-02  1.38148576e-01  1.63162008e-01
  2.37274170e-02 -5.68227991e-02  5.46083450e-02  6.36517704e-02
  8.70859548e-02  1.44958496e-03 -6.42531663e-02 -4.39643860e-04
 -4.39643860e-04 -1.31874089e-03 -4.39643860e-04  2.42616268e-04
 -1.31874089e-03 -1.31874089e-03 -4.39643860e-04  4.39643860e-04
 -5.45385228e-06 -5.63513637e-02  2.06581280e-01  1.27522379e-01
  1.13614514e-01 -2.11010963e-01 -9.96785015e-02 -5.56288995e-02
  7.00193644e-02  2.92919427e-02  1.07500650e-01]","[-0.05673021  0.20668772  0.12747705  0.11382015 -0.21090975 -0.09942423
 -0.05556776  0.07019797  0.02915885  0.10746918]","[-0.30657732486724854, 0.17658855020999908, 0.1175258681178093, -0.38625428080558777, -0.06095392256975174, 0.15053407847881317, -0.02563771791756153, 0.08012421429157257, 0.5292274355888367, -0.04246852546930313]"
1410,11.0078125,"[ 2.00000003e-01  0.00000000e+00  0.00000000e+00 -4.87767160e-04
  3.03687295e-04 -2.55744834e-03  5.97667955e-02  4.62377211e-03
 -9.98201728e-01 -7.97853470e-02  1.37767106e-01  1.63162008e-01
  2.37274170e-02 -5.68227991e-02  5.46083450e-02  6.36517704e-02
  8.70859548e-02  1.44958496e-03 -6.42531663e-02 -4.39643860e-04
 -2.19783792e-03 -4.39643860e-04  4.39643860e-04  7.20321941e-06
 -4.39643860e-04  4.39643860e-04 -1.31874089e-03  4.39643860e-04
 -5.45385228e-06 -5.66822067e-02  2.06865311e-01  1.27395675e-01
  1.13830954e-01 -2.10829362e-01 -9.91838351e-02 -5.57050295e-02
  6.98991641e-02  2.90674493e-02  1.07581533e-01]","[-0.0566545   0.20666417  0.12722751  0.11366887 -0.21088631 -0.09930079
 -0.0557104   0.07006895  0.02915164  0.10756606]","[-0.306718111038208, 0.1766895204782486, 0.11737348884344101, -0.38620373606681824, -0.0608295276761055, 0.150765061378479, -0.025671204552054405, 0.08007495105266571, 0.5291153192520142, -0.042446888983249664]"
1420,11.0859375,"[ 2.0000000e-01  0.0000000e+00  0.0000000e+00 -4.0352535e-03
  1.8730001e-03 -2.4434959e-03  5.9780296e-02  4.6426710e-03
 -9.9820077e-01 -7.9785347e-02  1.3776711e-01  1.6316201e-01
  2.3727417e-02 -5.6822799e-02  5.4608345e-02  6.3651770e-02
  8.7085955e-02  1.4495850e-03 -6.4253166e-02  4.3964386e-04
 -4.3964386e-04 -4.3964386e-04 -1.3187409e-03 -1.9001622e-03
  4.3964386e-04 -2.1978379e-03 -1.3187409e-03 -4.3964386e-04
 -5.4538523e-06 -5.6662910e-02  2.0665750e-01  1.2722941e-01
  1.1386191e-01 -2.1068503e-01 -9.9291600e-02 -5.5647474e-02
  7.0069037e-02  2.9039271e-02  1.0737204e-01]","[-0.05670024  0.20622545  0.1273733   0.113778   -0.21063176 -0.09925725
 -0.05567872  0.07016802  0.02911931  0.10735648]","[-0.3066555857658386, 0.1764683872461319, 0.11743169277906418, -0.3861651122570038, -0.06075243279337883, 0.15071700513362885, -0.025743527337908745, 0.08013055473566055, 0.5291453003883362, -0.04254497215151787]"
1430,11.1640625,"[ 2.0000000e-01  0.0000000e+00  0.0000000e+00 -1.0332350e-05
  4.0301398e-04 -1.5126594e-03  5.9766151e-02  4.6778144e-03
 -9.9820149e-01 -7.9785347e-02  1.3776711e-01  1.6316201e-01
  2.3727417e-02 -5.6822799e-02  5.4608345e-02  6.3651770e-02
  8.7085955e-02  1.4495850e-03 -6.4253166e-02 -1.3187409e-03
 -4.3964386e-04 -4.3964386e-04 -2.1978379e-03 -2.3786553e-04
 -4.3964386e-04  1.3187409e-03 -4.3964386e-04  4.3964386e-04
 -5.4538523e-06 -5.6796178e-02  2.0657018e-01  1.2760134e-01
  1.1399399e-01 -2.1079682e-01 -9.9186599e-02 -5.5852983e-02
  7.0218384e-02  2.9118776e-02  1.0744820e-01]","[-0.05638697  0.2067374   0.12749343  0.11374085 -0.21112204 -0.09939015
 -0.05580181  0.06999437  0.02920801  0.10766428]","[-0.30671578645706177, 0.1766207218170166, 0.11742758750915527, -0.38617148995399475, -0.06084809824824333, 0.15070487558841705, -0.025650860741734505, 0.08016534894704819, 0.5291522145271301, -0.042488470673561096]"
1440,11.2421875,"[ 2.00000003e-01  0.00000000e+00  0.00000000e+00 -3.03088641e-03
  6.51705952e-04 -1.55877089e-03  5.97056821e-02  4.77095228e-03
 -9.98204708e-01 -7.97853470e-02  1.38148576e-01  1.63162008e-01
  2.37274170e-02 -5.68227991e-02  5.46083450e-02  6.36517704e-02
  8.70859548e-02  1.44958496e-03 -6.42531663e-02 -4.39643860e-04
  4.39643860e-04 -4.39643860e-04 -4.39643860e-04 -2.33011626e-04
 -1.31874089e-03 -1.31874089e-03  1.31874089e-03  1.31874089e-03
 -5.45385228e-06 -5.63389137e-02  2.06744224e-01  1.27383202e-01
  1.13549635e-01 -2.11167440e-01 -9.96196643e-02 -5.59083037e-02
  7.00115487e-02  2.94368193e-02  1.07490301e-01]","[-0.05660156  0.20653474  0.12759122  0.11381672 -0.21123406 -0.09921636
 -0.05598236  0.07012831  0.02928068  0.10746234]","[-0.3065113425254822, 0.176616370677948, 0.11738920956850052, -0.3863215744495392, -0.06104932725429535, 0.15057390928268433, -0.025754163041710854, 0.08013252913951874, 0.5292660593986511, -0.04250504449009895]"
1450,11.3203125,"[ 2.0000000e-01  0.0000000e+00  0.0000000e+00  5.3010887e-04
 -1.9795525e-04  2.4555039e-04  5.9701022e-02  4.7118580e-03
 -9.9820518e-01 -8.0166817e-02  1.3814858e-01  1.6316201e-01
  2.3727417e-02 -5.6822799e-02  5.4608345e-02  6.3651770e-02
  8.7085955e-02  1.4495850e-03 -6.4253166e-02 -2.1978379e-03
 -4.3964386e-04 -4.3964386e-04 -1.3187409e-03 -4.8283112e-04
 -1.3187409e-03 -4.3964386e-04 -4.3964386e-04 -1.3187409e-03
 -2.3890837e-04 -5.6490228e-02  2.0663199e-01  1.2745756e-01
  1.1388412e-01 -2.1093532e-01 -9.9261835e-02 -5.5862103e-02
  7.0096709e-02  2.9255442e-02  1.0756030e-01]","[-0.05653792  0.20686436  0.12750766  0.11375037 -0.21096797 -0.09949184
 -0.05561224  0.06996894  0.02917927  0.10758445]","[-0.30650973320007324, 0.1766880303621292, 0.11746636033058167, -0.3861840069293976, -0.06085045635700226, 0.15056513249874115, -0.02574342116713524, 0.08006454259157181, 0.5292284488677979, -0.04247609153389931]"
