step,phase,obs,action_scaled,smoothed_joint_pos
0,,,,"[0.0, 0.0, 0.0, 0.0, 0.0, 0.0, 0.0, 0.0, 0.0, 0.0]"
10,0.0703125,"[ 4.27555084e-01  9.03989315e-01  2.00000003e-01  0.00000000e+00
  0.00000000e+00 -4.20198441e-02  2.63760369e-02  2.56134011e-03
 -1.33821487e-01  1.13339275e-01  8.06808472e-03 -1.68392938e-02
 -1.70571897e-02  7.58371353e-02 -1.57184780e-01 -2.19821930e-04
 -6.59370446e-04 -2.19821930e-04  2.19821930e-04  1.10939342e-04
 -2.19821930e-04 -2.19821930e-04  2.19821930e-04 -6.59370446e-04
  1.04890998e-04 -9.65337098e-01 -5.59227653e-02  1.07591480e-01
  6.26189351e-01  2.28833985e+00  8.99539411e-01  1.08848572e-01
 -2.34644160e-01 -7.27498055e-01 -1.50965393e+00  2.07442860e-03
  1.05330619e-04 -9.83632635e-04 -2.47436892e-02  1.76315233e-02
 -7.72632658e-02]","[-0.24014519 -0.00965387  0.02428254  0.15370959  0.5735809   0.22544108
  0.03282183 -0.06212437 -0.18565908 -0.37519726]","[-0.49232217669487, -0.04809604585170746, 0.019400006160140038, -0.3408660590648651, 0.7205052375793457, 0.4743957221508026, 0.05184749886393547, -0.04534164443612099, 0.32183921337127686, -0.5294414758682251]"
20,0.1484375,"[ 8.03207517e-01  5.95699310e-01  2.00000003e-01  0.00000000e+00
  0.00000000e+00 -4.20198441e-02  2.63760369e-02  2.56134011e-03
 -1.33821487e-01  1.13339275e-01  8.06808472e-03 -1.68392938e-02
 -1.70571897e-02  7.58371353e-02 -1.57184780e-01 -6.59370446e-04
  2.19821930e-04 -2.19821930e-04 -2.19821930e-04  1.10939342e-04
 -2.19821930e-04  2.19821930e-04  6.59370446e-04  1.09891896e-03
  1.32651701e-06 -9.23394263e-01  1.06188864e-01  5.71450591e-03
  5.05501211e-01  2.35158324e+00  9.15111363e-01  3.22365761e-01
 -3.67768109e-01 -8.73090446e-01 -1.41169465e+00 -1.78948612e-04
 -1.71443695e-04  3.32157104e-03 -2.47286092e-02  1.75752565e-02
 -7.72584900e-02]","[-0.22996992  0.03028209 -0.00103604  0.12313841  0.58926827  0.22893393
  0.0854108  -0.09503579 -0.22148208 -0.35041416]","[-0.4818442761898041, -0.007498802617192268, -0.0060234759002923965, -0.37041810154914856, 0.7362209558486938, 0.4784408211708069, 0.10524863749742508, -0.07861251384019852, 0.2853725254535675, -0.5056149363517761]"
30,0.22656249999999997,"[ 9.89176512e-01  1.46730468e-01  2.00000003e-01  0.00000000e+00
  0.00000000e+00 -4.20198441e-02  2.63760369e-02  2.56134011e-03
 -1.33821487e-01  1.13339275e-01  8.06808472e-03 -1.68392938e-02
 -1.70571897e-02  7.58371353e-02 -1.57184780e-01 -2.19821930e-04
 -2.19821930e-04  2.19821930e-04 -6.59370446e-04 -1.06879001e-04
 -6.59370446e-04  2.19821930e-04  2.19821930e-04 -2.19821930e-04
 -1.32651701e-06 -8.94942164e-01  2.41906911e-01 -8.08640644e-02
  3.83267999e-01  2.40743780e+00  9.18133736e-01  4.99556273e-01
 -4.76736128e-01 -9.90105629e-01 -1.31178129e+00 -2.09530280e-03
  3.21159768e-03 -1.04178704e-04 -2.46717669e-02  1.75950844e-02
 -7.72544071e-02]","[-0.2231275   0.06307123 -0.02185279  0.09300137  0.6029413   0.22944164
  0.12809083 -0.12126192 -0.24987772 -0.32562163]","[-0.4742491841316223, 0.02744082175195217, -0.02827490121126175, -0.401350200176239, 0.7506229877471924, 0.47954392433166504, 0.15087825059890747, -0.10685177147388458, 0.2550213932991028, -0.480156809091568]"
40,0.3046875,"[ 9.41544056e-01 -3.36889863e-01  2.00000003e-01  0.00000000e+00
  0.00000000e+00 -4.96492386e-02  2.71389764e-02  2.56134011e-03
 -1.31151199e-01  1.24954939e-01  1.68418884e-02 -1.60763543e-02
 -2.54495237e-02  7.20224380e-02 -1.67783171e-01 -1.03296284e-02
  1.09891896e-03 -2.19821930e-04 -1.53846748e-03  2.87346523e-02
  6.81314478e-03 -2.19821930e-04 -4.41758148e-02  3.73630528e-03
 -1.85457151e-02 -8.64176989e-01  3.10986489e-01 -1.18363656e-01
  2.84570754e-01  2.43682766e+00  8.97500813e-01  5.79051733e-01
 -5.35473883e-01 -1.06687069e+00 -1.22509933e+00  2.88731558e-03
  3.15549701e-01 -8.17432851e-02 -2.43869256e-02  2.54425351e-02
 -7.81576037e-02]","[-0.21435174  0.07890061 -0.02955971  0.06901953  0.60954237  0.22185911
  0.14510652 -0.1346014  -0.26678875 -0.3006754 ]","[-0.46798720955848694, 0.048009537160396576, -0.04015631601214409, -0.4264170825481415, 0.7592415809631348, 0.47590696811676025, 0.17574509978294373, -0.12302554398775101, 0.23510797321796417, -0.45894381403923035]"
50,0.3828125,"[ 6.7155898e-01 -7.4095112e-01  2.0000000e-01  0.0000000e+00
  0.0000000e+00 -8.1692696e-02  3.7057191e-02 -8.8827517e-03
 -1.2809944e-01  1.5004879e-01  6.1093330e-02 -1.7602233e-02
 -5.0627477e-02  7.8507423e-02 -1.7092454e-01 -1.5164852e-02
  2.4175644e-03 -6.8131448e-03  6.5937045e-04 -3.1973628e-04
  2.3076916e-02 -6.5937045e-04 -1.5164852e-02  1.0989190e-03
  2.2587464e-03 -8.2966638e-01  3.2669011e-01 -1.2663066e-01
  2.4884613e-01  2.4409475e+00  8.4477717e-01  5.8147395e-01
 -5.6550640e-01 -1.0769265e+00 -1.1401494e+00 -8.2058227e-03
  2.9986924e-01 -1.6818942e-01 -2.3068540e-02  5.6687035e-02
 -9.1796853e-02]","[-0.2071733   0.07996219 -0.03083838  0.06291759  0.6098477   0.21057497
  0.14347816 -0.14055075 -0.26875988 -0.28549278]","[-0.4578245282173157, 0.05229313671588898, -0.04200208932161331, -0.43790656328201294, 0.7609398365020752, 0.46217110753059387, 0.17683330178260803, -0.13141483068466187, 0.23052899539470673, -0.4355880618095398]"
60,0.46093749999999994,"[ 2.4298018e-01 -9.7003126e-01  2.0000000e-01  0.0000000e+00
  0.0000000e+00 -9.8478317e-02  4.3542176e-02 -1.8800965e-02
 -1.2542915e-01  1.5654528e-01  8.7796211e-02 -1.5313415e-02
 -7.2371252e-02  7.8125954e-02 -1.7172015e-01 -2.4175644e-03
  3.7363053e-03 -6.8131448e-03  2.8571130e-03  6.5986998e-03
  1.0769272e-02  6.3735964e-03 -1.2527466e-02 -1.9780160e-03
 -2.5085928e-03 -8.2239777e-01  2.7801746e-01 -9.5031537e-02
  2.7721483e-01  2.4074914e+00  8.1759727e-01  5.0521541e-01
 -5.3733176e-01 -1.0465226e+00 -1.1698635e+00  1.1200807e-02
  2.2931282e-01 -1.6593930e-01 -2.3503510e-02  8.3085380e-02
 -1.0716723e-01]","[-0.2051512   0.06646086 -0.02182372  0.07083035  0.600328    0.20363836
  0.12142149 -0.13248655 -0.25987688 -0.29287362]","[-0.4553670287132263, 0.04098065197467804, -0.03482183441519737, -0.43214794993400574, 0.7525337338447571, 0.45502689480781555, 0.15832096338272095, -0.12529850006103516, 0.23720313608646393, -0.4410845935344696]"
70,0.5390625,"[-2.4298018e-01 -9.7003126e-01  2.0000000e-01  0.0000000e+00
  0.0000000e+00 -9.5808029e-02  5.6130677e-02 -2.2616616e-02
 -1.1589241e-01  1.6779533e-01  9.4282150e-02 -6.1581414e-03
 -8.8774450e-02  7.0496559e-02 -1.7856386e-01  4.1758539e-03
  5.0549507e-03 -1.0989190e-03  5.4944991e-03  4.8617586e-03
 -1.0989190e-03  5.0549507e-03 -2.8571130e-03 -5.4944991e-03
 -2.8841747e-03 -8.3077478e-01  1.6419405e-01 -1.9252434e-02
  3.6161882e-01  2.3381872e+00  7.9772502e-01  3.4138900e-01
 -4.5871753e-01 -9.6459568e-01 -1.2634460e+00 -2.9172306e-03
  1.5138385e-01 -6.8616644e-02 -2.4170978e-02  1.0245736e-01
 -1.2004504e-01]","[-0.20806631  0.03780548 -0.00272288  0.09273249  0.58239126  0.19898531
  0.08092863 -0.1121963  -0.23850389 -0.31897748]","[-0.4572134017944336, 0.013968740589916706, -0.016992969438433647, -0.41216427087783813, 0.7365262508392334, 0.44981077313423157, 0.11982335895299911, -0.10693443566560745, 0.25630319118499756, -0.4629444181919098]"
80,0.6171875,"[-6.7155898e-01 -7.4095112e-01  2.0000000e-01  0.0000000e+00
  0.0000000e+00 -8.5888863e-02  5.9182435e-02 -2.2235146e-02
 -1.0177803e-01  1.7106548e-01  8.9703560e-02  2.2351462e-03
 -9.4496496e-02  5.6000710e-02 -1.8291056e-01  3.7363053e-03
  4.1758539e-03 -6.5937045e-04  8.1318859e-03  7.2271866e-04
 -4.1758539e-03  1.0989190e-03  2.1982193e-04 -8.5714338e-03
 -2.9526325e-04 -8.5441005e-01  2.0213645e-02  7.9286769e-02
  4.7614425e-01  2.2504251e+00  7.8526068e-01  1.3759042e-01
 -3.4298688e-01 -8.3740085e-01 -1.3850472e+00 -1.9674398e-02
  4.9581122e-02 -9.3429396e-03 -2.5031200e-02  1.1427355e-01
 -1.2354159e-01]","[-2.1486427e-01  4.9796980e-04  2.2529148e-02  1.2304461e-01
  5.6147969e-01  1.9625813e-01  3.0017328e-02 -8.2370579e-02
 -2.0594636e-01 -3.5002750e-01]","[-0.4627414345741272, -0.02008337900042534, 0.006896550767123699, -0.3841094672679901, 0.714971661567688, 0.446615070104599, 0.0710463896393776, -0.07937971502542496, 0.2869858145713806, -0.4930490553379059]"
90,0.6953125,"[-9.4154406e-01 -3.3688986e-01  2.0000000e-01  0.0000000e+00
  0.0000000e+00 -7.7115059e-02  6.1472207e-02 -2.1853676e-02
 -9.2240334e-02  1.7224124e-01  8.0548286e-02  3.3795554e-03
 -9.4115026e-02  4.4938087e-02 -1.8242189e-01  1.9780160e-03
 -2.1982193e-04  2.1982193e-04  1.9780160e-03 -1.0599578e-04
 -2.4175644e-03 -6.5937045e-04  1.0989190e-03 -6.5937045e-04
  2.1376938e-04 -8.8977015e-01 -1.1758594e-01  1.6669607e-01
  5.8924961e-01  2.1836178e+00  7.8022760e-01 -3.6849596e-02
 -2.2602914e-01 -6.9654232e-01 -1.4838221e+00  1.6573576e-02
 -3.6796898e-02  3.4916359e-03 -2.6621750e-02  1.1595743e-01
 -1.2504010e-01]","[-0.2231383  -0.03295509  0.04371743  0.1496547   0.54410076  0.19496444
 -0.0137819  -0.0537107  -0.1705724  -0.37307915]","[-0.47160056233406067, -0.05711871758103371, 0.030128350481390953, -0.3549063503742218, 0.6973352432250977, 0.44500985741615295, 0.023828811943531036, -0.04884734004735947, 0.32269567251205444, -0.5189489126205444]"
100,0.7734375,"[-9.8917651e-01  1.4673047e-01  2.0000000e-01  0.0000000e+00
  0.0000000e+00 -7.5589180e-02  6.0708314e-02 -8.1198122e-03
 -8.5755348e-02  1.7356887e-01  7.9403877e-02 -1.1990350e-03
 -8.0000646e-02  4.5319557e-02 -1.8083063e-01 -2.4175644e-03
 -6.5937045e-04  1.2527466e-02  1.9780160e-03  1.4155317e-03
 -1.0989190e-03 -1.0989190e-03  1.6483499e-02 -6.5937045e-04
  1.4193297e-03 -9.1840285e-01 -2.3150925e-01  2.3184070e-01
  6.7443347e-01  2.1230388e+00  7.7648997e-01 -1.7908090e-01
 -1.3234030e-01 -5.7227492e-01 -1.5525023e+00  4.1137584e-03
 -2.1371488e-02  1.0000269e-01 -2.6138749e-02  1.1425614e-01
 -1.1949950e-01]","[-0.22968914 -0.0612469   0.0595722   0.17009738  0.52902323  0.1939823
 -0.04892738 -0.03058601 -0.14036576 -0.38939837]","[-0.4789145886898041, -0.08648861944675446, 0.04713332653045654, -0.3330295979976654, 0.6819372177124023, 0.44416359066963196, -0.01312389224767685, -0.02455156110227108, 0.3544192612171173, -0.5369064807891846]"
110,0.8515625,"[-8.03207517e-01  5.95699310e-01  2.00000003e-01  0.00000000e+00
  0.00000000e+00 -8.51259232e-02  5.53677380e-02  1.05722044e-02
 -8.61368179e-02  1.68910891e-01  8.01668167e-02 -1.56948846e-02
 -6.55047968e-02  4.60824966e-02 -1.78778112e-01 -4.61540231e-03
 -2.85711302e-03  9.01098270e-03 -3.29666142e-03 -3.55269364e-03
  6.59370446e-04 -5.49449911e-03  5.05495071e-03  2.19821930e-04
  4.63606877e-04 -9.21578765e-01 -2.89945453e-01  2.61615396e-01
  7.23639250e-01  2.08992624e+00  7.78852105e-01 -2.40472198e-01
 -7.46560395e-02 -5.01152396e-01 -1.57605147e+00  1.68905277e-02
  2.52931900e-02  9.96715501e-02 -2.48407479e-02  1.14131823e-01
 -1.08442575e-01]","[-0.23071928 -0.07185607  0.06516826  0.18157887  0.5223826   0.19452083
 -0.05950387 -0.01885067 -0.12480484 -0.3935421 ]","[-0.4811553359031677, -0.1010870710015297, 0.05505221337080002, -0.31951969861984253, 0.6732048392295837, 0.4444116950035095, -0.028677258640527725, -0.009831635281443596, 0.37378138303756714, -0.5439321994781494]"
120,0.9296874999999999,"[-4.27555084e-01  9.03989315e-01  2.00000003e-01  0.00000000e+00
  0.00000000e+00 -9.42821503e-02  4.46865857e-02  2.23977659e-02
 -8.68997574e-02  1.65021956e-01  8.36000443e-02 -2.71389764e-02
 -5.52051142e-02  4.91342545e-02 -1.77407175e-01 -4.61540231e-03
 -5.93404798e-03  8.13188590e-03 -6.59370446e-04 -1.13147392e-03
  1.09891896e-03 -6.37359638e-03  4.17585392e-03  6.59370446e-04
 -2.40951870e-03 -9.08702016e-01 -2.51736492e-01  2.38370121e-01
  7.25164771e-01  2.09093499e+00  7.89448082e-01 -1.89858198e-01
 -9.45127308e-02 -5.14853239e-01 -1.55676103e+00  2.32049022e-02
  3.20611931e-02  1.00663766e-01 -2.22877488e-02  1.17153093e-01
 -9.95306820e-02]","[-0.22654298 -0.0602518   0.05808397  0.18026464  0.5231422   0.19787386
 -0.04435171 -0.02532637 -0.13041624 -0.38851738]","[-0.47772473096847534, -0.09469790756702423, 0.05068366974592209, -0.3182432949542999, 0.6724330186843872, 0.4469887614250183, -0.019854474812746048, -0.012448149733245373, 0.3724391758441925, -0.5398821234703064]"
130,1.0078125,"[ 4.9067676e-02  9.9879545e-01  2.0000000e-01  0.0000000e+00
  0.0000000e+00 -9.8859787e-02  3.2479554e-02  3.0790100e-02
 -8.6899757e-02  1.6362634e-01  8.4744453e-02 -3.8201600e-02
 -4.5668371e-02  5.2948952e-02 -1.8363392e-01 -6.5937045e-04
 -5.9340480e-03 -2.1982193e-04 -2.1982193e-04 -1.0345638e-03
  1.5384675e-03 -6.8131448e-03  1.5384675e-03  1.9780160e-03
 -3.2810934e-03 -8.7553346e-01 -1.3893729e-01  1.7084441e-01
  6.7247051e-01  2.1310694e+00  8.0504882e-01 -4.3258183e-02
 -1.7675982e-01 -6.0448956e-01 -1.5028294e+00  2.0971876e-02
  3.5350196e-02  4.9763508e-02 -1.8709371e-02  1.2076440e-01
 -8.9058973e-02]","[-0.21766299 -0.03214535  0.04119928  0.16709048  0.53558993  0.20168996
 -0.00640019 -0.04643274 -0.15394992 -0.3726547 ]","[-0.4696829319000244, -0.06787941604852676, 0.034711480140686035, -0.3302170932292938, 0.681344211101532, 0.45085838437080383, 0.014921419322490692, -0.03177806735038757, 0.3516383469104767, -0.52737957239151]"
140,1.0859375,"[ 5.1410276e-01  8.5772860e-01  2.0000000e-01  0.0000000e+00
  0.0000000e+00 -9.8859787e-02  1.7983703e-02  3.0408630e-02
 -8.6136818e-02  1.6496262e-01  8.4362984e-02 -4.3923646e-02
 -4.3761022e-02  5.5619240e-02 -1.9072425e-01 -2.1982193e-04
 -8.5714338e-03 -6.5937045e-04  1.9780160e-03  9.7459758e-04
 -2.1982193e-04 -6.8131448e-03 -2.1982193e-04  6.5937045e-04
 -2.9044978e-03 -8.3018273e-01  2.2843223e-02  7.7037752e-02
  5.7619727e-01  2.2008867e+00  8.1601137e-01  1.5826729e-01
 -3.0782521e-01 -7.3833323e-01 -1.3878195e+00  1.8030666e-02
  3.7778385e-02  2.5184141e-02 -1.5729675e-02  1.2471234e-01
 -8.8297740e-02]","[-0.20598984  0.01046702  0.01636973  0.14044112  0.55197054  0.20474648
  0.04536158 -0.08076391 -0.18806408 -0.34405988]","[-0.45809704065322876, -0.029575467109680176, 0.012129935435950756, -0.3533002436161041, 0.6982492804527283, 0.4539262652397156, 0.06251160055398941, -0.06302656978368759, 0.31906193494796753, -0.49928364157676697]"
150,1.1640625,"[ 8.57728601e-01  5.14102757e-01  2.00000003e-01  0.00000000e+00
  0.00000000e+00 -9.80968475e-02  9.59136896e-03  2.96456907e-02
 -8.42294693e-02  1.66450858e-01  8.16926956e-02 -5.23159802e-02
 -4.45239618e-02  5.60007095e-02 -1.96622431e-01  1.97801599e-03
 -4.61540231e-03 -2.41756439e-03  1.97801599e-03 -1.10472065e-04
 -6.59370446e-04 -6.59370446e-04  1.09891896e-03  2.19821930e-04
 -2.55659339e-03 -7.92559683e-01  1.89707622e-01 -3.21560502e-02
  4.39900279e-01  2.28151727e+00  8.22030604e-01  3.78629833e-01
 -4.49849606e-01 -8.75301957e-01 -1.26502812e+00  2.33977977e-02
  1.15914987e-02  4.56109680e-02 -1.23670707e-02  1.27044469e-01
 -8.31881687e-02]","[-0.19745322  0.05197814 -0.01036175  0.10653937  0.572082    0.20518345
  0.0992829  -0.11588886 -0.22175647 -0.31208146]","[-0.4490114450454712, 0.014019176363945007, -0.01568741351366043, -0.38689926266670227, 0.717894434928894, 0.4554729163646698, 0.11956960707902908, -0.09926949441432953, 0.28446364402770996, -0.469637006521225]"
160,1.2421875,"[ 9.9879545e-01  4.9067676e-02  2.0000000e-01  0.0000000e+00
  0.0000000e+00 -9.4282150e-02  1.4931945e-02  2.4686584e-02
 -8.0033302e-02  1.6505483e-01  8.0929756e-02 -5.3460389e-02
 -4.4142492e-02  5.6382179e-02 -1.9856861e-01 -6.5937045e-04
 -1.0989190e-03 -1.5384675e-03 -6.5937045e-04  1.0497384e-04
 -6.5937045e-04  6.5937045e-04 -1.5384675e-03  6.5937045e-04
  1.8753374e-06 -7.7424169e-01  3.0802014e-01 -1.0996149e-01
  3.2504499e-01  2.3552911e+00  8.1271505e-01  5.3836703e-01
 -5.5150509e-01 -9.7875226e-01 -1.1415734e+00 -1.5860366e-02
 -1.2764484e-02 -3.4693882e-02 -9.6268002e-03  1.2736838e-01
 -8.4156327e-02]","[-0.19275567  0.07716349 -0.0286079   0.07920069  0.5892979   0.20303228
  0.13605207 -0.13881682 -0.24626794 -0.28395012]","[-0.4437098205089569, 0.042584922164678574, -0.03532691299915314, -0.4157218039035797, 0.7376397848129272, 0.4534447491168976, 0.16019365191459656, -0.1250900775194168, 0.25750383734703064, -0.4382432997226715]"
170,1.3203125,"[ 9.03989315e-01 -4.27555084e-01  2.00000003e-01  0.00000000e+00
  0.00000000e+00 -9.19923782e-02  1.60763543e-02  1.20980833e-02
 -8.07962418e-02  1.65054828e-01  8.16926956e-02 -5.00271618e-02
 -4.98645380e-02  5.63821793e-02 -1.96799785e-01  1.97801599e-03
  6.59370446e-04 -1.60439499e-02 -2.19821930e-04  2.14208994e-04
  2.19821930e-04  5.05495071e-03 -4.17585392e-03 -6.59370446e-04
  1.83714484e-03 -7.68559217e-01  3.55879366e-01 -1.46995306e-01
  2.55672514e-01  2.39608479e+00  8.02074313e-01  6.06800199e-01
 -5.96051753e-01 -1.03532851e+00 -1.07467842e+00 -1.58858467e-02
 -1.01780621e-02 -1.02906056e-01 -1.05187157e-02  1.25460923e-01
 -9.07106996e-02]","[-0.19215003  0.08911396 -0.0371403   0.06260043  0.59860176  0.20015763
  0.15140325 -0.14917676 -0.25937766 -0.26838738]","[-0.4420822262763977, 0.058948542922735214, -0.046629633754491806, -0.4354359209537506, 0.7479758858680725, 0.4508366584777832, 0.18144460022449493, -0.1385067105293274, 0.24211238324642181, -0.41982558369636536]"
180,1.3984375,"[ 5.9569931e-01 -8.0320752e-01  2.0000000e-01  0.0000000e+00
  0.0000000e+00 -8.8940620e-02  2.2179870e-02 -8.5012820e-03
 -8.0796242e-02  1.6774899e-01  8.5507393e-02 -4.0871888e-02
 -6.2834509e-02  5.6000710e-02 -1.9199216e-01  1.0989190e-03
  6.3735964e-03 -5.9340480e-03 -2.1982193e-04  2.5596803e-03
  2.4175644e-03  4.6154023e-03 -7.2527886e-03 -6.5937045e-04
  2.9995495e-03 -7.7234727e-01  3.4679607e-01 -1.4318663e-01
  2.3864107e-01  2.3942440e+00  7.9042631e-01  5.8596218e-01
 -5.9001738e-01 -1.0442290e+00 -1.0726771e+00 -1.7283890e-02
  8.4503088e-03 -1.3774610e-01 -1.2425644e-02  1.2540840e-01
 -1.0197742e-01]","[-0.1932371   0.08587485 -0.0350204   0.05999739  0.59781617  0.19732493
  0.1447765  -0.14686093 -0.26064825 -0.26897702]","[-0.4427284002304077, 0.057880058884620667, -0.046472903341054916, -0.44087791442871094, 0.7484089136123657, 0.44784507155418396, 0.1779588758945465, -0.138177752494812, 0.23882988095283508, -0.4177306890487671]"
190,1.4765625,"[ 1.4673047e-01 -9.8917651e-01  2.0000000e-01  0.0000000e+00
  0.0000000e+00 -8.5507393e-02  4.0108949e-02 -1.1553040e-02
 -8.1177711e-02  1.7150667e-01  8.9322090e-02 -2.6376037e-02
 -7.7711828e-02  5.4093361e-02 -1.8845373e-01  6.5937045e-04
  8.5714338e-03  2.1982193e-04 -2.1982193e-04  2.6206353e-03
  1.5384675e-03  7.2527886e-03 -6.8131448e-03 -2.1982193e-04
  3.3544897e-04 -7.9065913e-01  2.6875532e-01 -9.2371307e-02
  2.8481787e-01  2.3617322e+00  7.8566539e-01  4.7881696e-01
 -5.3376389e-01 -1.0101163e+00 -1.1504140e+00 -2.2244658e-02
  1.0876717e-03 -9.7494721e-02 -1.5328651e-02  1.2505399e-01
 -1.1287744e-01]","[-0.19821453  0.06493747 -0.02127099  0.07296415  0.58905315  0.1962124
  0.11599707 -0.131544   -0.25096    -0.28987503]","[-0.4470984935760498, 0.040057383477687836, -0.03490018844604492, -0.43069303035736084, 0.7409713268280029, 0.4464573562145233, 0.15297429263591766, -0.12533988058567047, 0.2462620735168457, -0.4351155757904053]"
200,1.5546875,"[-3.3688986e-01 -9.4154406e-01  2.0000000e-01  0.0000000e+00
  0.0000000e+00 -8.2455635e-02  6.0708314e-02 -1.1553040e-02
 -8.1177711e-02  1.7424768e-01  9.0466499e-02 -8.0654901e-03
 -8.7248571e-02  5.0278664e-02 -1.8430150e-01  6.5937045e-04
  8.5714338e-03  2.1982193e-04 -2.1982193e-04  1.7182973e-03
  2.1982193e-04  1.1208820e-02 -2.8571130e-03 -3.2966614e-03
  2.9293322e-03 -8.2097685e-01  1.4019613e-01 -6.3299835e-03
  3.7896419e-01  2.2991247e+00  7.8256249e-01  3.0403641e-01
 -4.3770081e-01 -9.2826974e-01 -1.2816106e+00 -2.0786434e-02
 -3.3743323e-03  1.1925660e-03 -1.8844409e-02  1.2454637e-01
 -1.1821035e-01]","[-0.20592077  0.03098836  0.00088176  0.09722836  0.57287157  0.19540176
  0.07067873 -0.1064683  -0.22950602 -0.32367447]","[-0.45455649495124817, 0.007694685831665993, -0.013720257207751274, -0.40763425827026367, 0.7265343070030212, 0.44569602608680725, 0.1101309284567833, -0.10171618312597275, 0.26551881432533264, -0.46726107597351074]"
210,1.6328124999999998,"[-7.4095112e-01 -6.7155898e-01  2.0000000e-01  0.0000000e+00
  0.0000000e+00 -8.2455635e-02  7.0627481e-02 -1.2697449e-02
 -8.0414772e-02  1.7520776e-01  9.0085030e-02  9.8645408e-03
 -8.8774450e-02  4.3412209e-02 -1.7909548e-01  2.1982193e-04
  7.6923370e-03 -1.9780160e-03 -2.1982193e-04 -8.2187413e-04
 -1.5384675e-03  9.4505316e-03 -6.5937045e-04 -5.9340480e-03
  3.4860675e-03 -8.5616744e-01 -2.2053044e-02  1.0291338e-01
  5.0100023e-01  2.2220657e+00  7.7563179e-01  8.5350767e-02
 -3.1210786e-01 -8.0315423e-01 -1.4117546e+00 -3.0553227e-02
 -1.2684511e-02  3.0508530e-03 -2.1772038e-02  1.2428203e-01
 -1.1593938e-01]","[-0.21487215 -0.01047387  0.02876388  0.12851273  0.5540069   0.19359939
  0.0147111  -0.0745869  -0.19735688 -0.35471871]","[-0.4629734754562378, -0.030828796327114105, 0.012928562238812447, -0.37809789180755615, 0.7067776322364807, 0.44401490688323975, 0.05651064217090607, -0.07146702706813812, 0.2959211468696594, -0.4995118975639343]"
220,1.7109375,"[-9.70031261e-01 -2.42980182e-01  2.00000003e-01  0.00000000e+00
  0.00000000e+00 -8.28371048e-02  7.74939358e-02 -1.26974490e-02
 -7.73630142e-02  1.72727406e-01  8.77962112e-02  1.55865867e-02
 -8.83929804e-02  3.46384048e-02 -1.72959656e-01 -1.09891896e-03
 -2.19821930e-04  2.19821930e-04  2.19821930e-04 -1.75817404e-03
 -1.09891896e-03 -6.59370446e-04 -6.59370446e-04 -4.17585392e-03
  2.02166080e-03 -8.89036179e-01 -1.67817339e-01  1.96472138e-01
  6.13029122e-01  2.15495396e+00  7.67138541e-01 -1.04531355e-01
 -1.95878312e-01 -6.64996624e-01 -1.49714172e+00 -1.23372609e-02
 -5.38585894e-03 -1.98833141e-02 -2.54441053e-02  1.23576626e-01
 -1.16639741e-01]","[-0.22274798 -0.04479252  0.05101078  0.15567105  0.5370879   0.19166686
 -0.02997863 -0.04651882 -0.16296202 -0.37568256]","[-0.47155123949050903, -0.0687885656952858, 0.03718489781022072, -0.34919312596321106, 0.6900630593299866, 0.44192686676979065, 0.00781618058681488, -0.04161878675222397, 0.3304091691970825, -0.5226478576660156]"
230,1.7890625,"[-9.70031261e-01  2.42980182e-01  2.00000003e-01  0.00000000e+00
  0.00000000e+00 -8.47444534e-02  7.63495266e-02 -3.92364524e-03
 -7.35483170e-02  1.69112265e-01  8.81776810e-02  5.66837378e-03
 -7.88562372e-02  3.31125259e-02 -1.69332057e-01 -1.97801599e-03
  2.19821930e-04  1.12088202e-02 -2.19821930e-04 -1.89592782e-03
  1.09891896e-03 -2.19821930e-04  4.61540231e-03 -2.19821930e-04
  1.20821898e-03 -9.07432437e-01 -2.71630317e-01  2.52308220e-01
  6.90989971e-01  2.10115266e+00  7.65396237e-01 -2.23911569e-01
 -1.09668568e-01 -5.49827516e-01 -1.55609953e+00  2.39071716e-03
  1.11419559e-02  5.71357943e-02 -2.69271657e-02  1.23688482e-01
 -1.15490444e-01]","[-0.22783029 -0.06852213  0.06366159  0.17374057  0.52320844  0.19078486
 -0.05876352 -0.02612366 -0.13516018 -0.3890696 ]","[-0.4771221876144409, -0.09414608031511307, 0.05170724540948868, -0.328893780708313, 0.6762872338294983, 0.4412047266960144, -0.022631144151091576, -0.02007925882935524, 0.359897255897522, -0.5375259518623352]"
240,1.8671875,"[-7.4095112e-01  6.7155898e-01  2.0000000e-01  0.0000000e+00
  0.0000000e+00 -8.8559151e-02  6.5286905e-02  6.7575071e-03
 -7.3929787e-02  1.6478151e-01  8.7414742e-02 -6.5396111e-03
 -6.9319494e-02  3.4256935e-02 -1.7071569e-01 -6.5937045e-04
 -5.4944991e-03  8.5714338e-03 -6.5937045e-04 -1.5018525e-03
 -1.9780160e-03 -6.8131448e-03  5.9340480e-03 -2.1982193e-04
 -1.8974467e-03 -9.1019315e-01 -2.8620741e-01  2.6193082e-01
  7.2579783e-01  2.0689826e+00  7.7057987e-01 -2.4685860e-01
 -8.0042019e-02 -4.9621177e-01 -1.5643098e+00  2.2164617e-02
  3.2369435e-02  6.5588079e-02 -2.5816320e-02  1.2509501e-01
 -1.0973570e-01]","[-0.22695723 -0.07127804  0.0652856   0.18145785  0.51689637  0.192928
 -0.06147017 -0.02029067 -0.1242118  -0.39074484]","[-0.4777654707431793, -0.10258998721837997, 0.055976420640945435, -0.318733811378479, 0.66764235496521, 0.442331999540329, -0.03297526016831398, -0.009893547743558884, 0.3755820393562317, -0.5411973595619202]"
250,1.9453125000000002,"[-3.3688986e-01  9.4154406e-01  2.0000000e-01  0.0000000e+00
  0.0000000e+00 -9.3518257e-02  5.0027162e-02  1.8583069e-02
 -7.4311256e-02  1.6460359e-01  8.7414742e-02 -2.1798400e-02
 -5.8638342e-02  3.9216042e-02 -1.7551979e-01 -1.0989190e-03
 -7.6923370e-03  5.0549507e-03 -2.1982193e-04  2.6333006e-03
 -1.0989190e-03 -6.8131448e-03  7.2527886e-03  2.8571130e-03
 -4.0037720e-03 -8.9012563e-01 -2.2567801e-01  2.2497109e-01
  7.1060199e-01  2.0765460e+00  7.8493142e-01 -1.6816513e-01
 -1.1478801e-01 -5.2701408e-01 -1.5422690e+00  3.4743380e-02
  3.2101579e-02  9.7118109e-02 -2.2174215e-02  1.2817578e-01
 -1.0171014e-01]","[-0.22179991 -0.05436834  0.05490767  0.17681205  0.5201506   0.19662826
 -0.0390823  -0.03042743 -0.13367586 -0.38452238]","[-0.47327497601509094, -0.08874146640300751, 0.04757330194115639, -0.3213610053062439, 0.6687625646591187, 0.445784330368042, -0.014823498204350471, -0.017216745764017105, 0.36980852484703064, -0.5363662242889404]"
260,2.0234375,"[ 1.4673047e-01  9.8917651e-01  2.0000000e-01  0.0000000e+00
  0.0000000e+00 -9.5808029e-02  3.2098085e-02  2.6593933e-02
 -7.4311256e-02  1.6409129e-01  8.6651802e-02 -3.7057191e-02
 -4.9483068e-02  4.4938087e-02 -1.8436536e-01 -6.5937045e-04
 -8.5714338e-03 -2.1982193e-04  6.5937045e-04 -1.9776525e-03
  6.5937045e-04 -6.3735964e-03  1.0989190e-03  2.8571130e-03
 -4.4368361e-03 -8.5254246e-01 -9.8722875e-02  1.5170178e-01
  6.5230513e-01  2.1298430e+00  8.0198050e-01 -3.0642152e-03
 -2.0619680e-01 -6.2580389e-01 -1.4710230e+00  3.7802730e-02
  2.3344144e-02  1.7511342e-02 -1.7433502e-02  1.3083269e-01
 -9.2063241e-02]","[-0.21196678 -0.02158666  0.03599982  0.16126332  0.5349939   0.20089412
  0.00380855 -0.05434479 -0.1597134  -0.3644613 ]","[-0.46437984704971313, -0.05836035683751106, 0.029816044494509697, -0.3352997899055481, 0.6806226372718811, 0.4500609040260315, 0.024723591282963753, -0.03901495784521103, 0.34639883041381836, -0.5207086801528931]"
270,2.1015625,"[ 5.9569931e-01  8.0320752e-01  2.0000000e-01  0.0000000e+00
  0.0000000e+00 -9.5808029e-02  1.4169006e-02  2.8882751e-02
 -7.3929787e-02  1.6432044e-01  8.6270332e-02 -4.8501283e-02
 -4.6049841e-02  5.1041603e-02 -1.9332466e-01 -2.1982193e-04
 -9.4505316e-03  1.9780160e-03 -2.1982193e-04  4.2688070e-04
 -6.5937045e-04 -8.1318859e-03 -2.1982193e-04  2.8571130e-03
 -3.3935194e-03 -8.1011063e-01  7.3879346e-02  4.6968170e-02
  5.4131675e-01  2.2041745e+00  8.1536102e-01  2.1703854e-01
 -3.4524775e-01 -7.6342958e-01 -1.3600128e+00  2.7474521e-02
 -3.3955730e-03  7.9796538e-02 -1.2688893e-02  1.3261592e-01
 -8.8627882e-02]","[-0.20158172  0.02326345  0.00875483  0.13184074  0.5528688   0.20419157
  0.06013834 -0.09002769 -0.19419254 -0.3370126 ]","[-0.4533163011074066, -0.016016341745853424, 0.0046547516249120235, -0.3616827130317688, 0.6988635063171387, 0.45346298813819885, 0.07788845151662827, -0.07265882939100266, 0.3127332329750061, -0.4922807216644287]"
280,2.1796875,"[ 9.0398932e-01  4.2755508e-01  2.0000000e-01  0.0000000e+00
  0.0000000e+00 -9.5426559e-02  6.1581414e-03  2.5830993e-02
 -7.2785378e-02  1.6392851e-01  8.2837105e-02 -5.9182435e-02
 -4.3761022e-02  5.4093361e-02 -1.9930840e-01  6.5937045e-04
  2.1982193e-04 -5.9340480e-03  1.0989190e-03 -4.3167840e-04
 -1.9780160e-03 -4.6154023e-03  3.2966614e-03 -6.5937045e-04
 -1.5855087e-03 -7.7863932e-01  2.2056724e-01 -4.8961677e-02
  4.1769499e-01  2.2968137e+00  8.1682736e-01  4.1978940e-01
 -4.7422838e-01 -8.9299631e-01 -1.2254380e+00  5.6365756e-03
 -1.2467532e-02 -1.5775211e-02 -8.4370440e-03  1.3221893e-01
 -8.3363354e-02]","[-0.19399999  0.05723573 -0.01418149  0.10175592  0.57668966  0.20402011
  0.10927534 -0.12090653 -0.22605808 -0.3034619 ]","[-0.445173442363739, 0.021849846467375755, -0.020209364593029022, -0.39283323287963867, 0.7221424579620361, 0.45440271496772766, 0.1306963413953781, -0.10567083209753036, 0.2795591354370117, -0.4598222076892853]"
290,2.2578125,"[ 9.98795450e-01 -4.90676761e-02  2.00000003e-01  0.00000000e+00
  0.00000000e+00 -9.42821503e-02  5.77667169e-03  2.43051145e-02
 -7.16409683e-02  1.62329406e-01  8.32185745e-02 -6.29980862e-02
 -4.49054316e-02  5.40933609e-02 -1.98789597e-01  6.59370446e-04
 -2.19821930e-04 -1.97801599e-03 -1.09891896e-03 -1.18888973e-03
 -2.19821930e-04  1.53846748e-03 -6.59370446e-04 -2.19821930e-04
  1.03464481e-04 -7.63288736e-01  3.24629366e-01 -1.21455334e-01
  3.06873858e-01  2.35601282e+00  8.07826936e-01  5.60348749e-01
 -5.63230038e-01 -9.86202240e-01 -1.12325525e+00 -1.51468739e-02
 -1.35218687e-02 -9.12772259e-04 -6.80828467e-03  1.31424084e-01
 -8.58186036e-02]","[-0.19080938  0.08344202 -0.03191338  0.07424307  0.59002745  0.20178424
  0.14291629 -0.14237234 -0.24837556 -0.27914703]","[-0.4407883286476135, 0.050406310707330704, -0.03942425921559334, -0.42158010601997375, 0.738240122795105, 0.4521443843841553, 0.16880680620670319, -0.12969644367694855, 0.25508207082748413, -0.43184569478034973]"
300,2.3359375,"[ 8.5772860e-01 -5.1410276e-01  2.0000000e-01  0.0000000e+00
  0.0000000e+00 -9.3136787e-02  7.6840203e-03  1.1335144e-02
 -7.2022438e-02  1.6251716e-01  8.3981514e-02 -5.7656556e-02
 -4.7957189e-02  5.3711891e-02 -1.9677946e-01  1.0989190e-03
 -2.1982193e-04 -1.4725304e-02 -2.1982193e-04  3.2337182e-04
  1.9780160e-03  6.8131448e-03 -4.1758539e-03  2.1982193e-04
  1.4099218e-03 -7.5974667e-01  3.6550990e-01 -1.4983132e-01
  2.4569148e-01  2.3921165e+00  7.9481655e-01  6.1433804e-01
 -5.9850419e-01 -1.0343575e+00 -1.0637310e+00 -9.8574627e-03
  8.3694123e-03 -1.0364776e-01 -7.2329589e-03  1.3083290e-01
 -8.9545928e-02]","[-0.18984348  0.09217875 -0.03773166  0.06018964  0.59761727  0.19818288
  0.15315467 -0.14995663 -0.25891462 -0.26447928]","[-0.43987804651260376, 0.06185167282819748, -0.047571584582328796, -0.438252717256546, 0.7471636533737183, 0.4490537941455841, 0.18373440206050873, -0.13952083885669708, 0.24206975102424622, -0.4166322946548462]"
310,2.4140625,"[ 5.14102757e-01 -8.57728601e-01  2.00000003e-01  0.00000000e+00
  0.00000000e+00 -8.97035599e-02  1.64578240e-02 -8.88275169e-03
 -7.27853775e-02  1.65793836e-01  8.89406204e-02 -4.62124646e-02
 -6.24530390e-02  5.37118912e-02 -1.92408770e-01  1.53846748e-03
  7.69233704e-03 -4.17585392e-03 -1.97801599e-03  4.19222191e-03
  1.97801599e-03  6.81314478e-03 -7.25278864e-03 -6.59370446e-04
  8.76916689e-04 -7.65966415e-01  3.40952903e-01 -1.36167794e-01
  2.42528021e-01  2.38295531e+00  7.83440173e-01  5.71078897e-01
 -5.82815349e-01 -1.03417194e+00 -1.07216346e+00 -2.58111507e-02
 -4.92407987e-03 -1.22631669e-01 -9.53525677e-03  1.31071359e-01
 -1.02080956e-01]","[-0.1919149   0.0837831  -0.0330799   0.06150635  0.5948062   0.1957287
  0.14069769 -0.14455941 -0.25791007 -0.2699667 ]","[-0.44108453392982483, 0.05693254992365837, -0.04496975615620613, -0.4399908185005188, 0.74619460105896, 0.44606414437294006, 0.17522430419921875, -0.136650949716568, 0.24112829566001892, -0.41696470975875854]"
320,2.4921875,"[ 4.90676761e-02 -9.98795450e-01  2.00000003e-01  0.00000000e+00
  0.00000000e+00 -8.43629837e-02  3.85830700e-02 -1.00271609e-02
 -7.39297867e-02  1.71156049e-01  9.08479691e-02 -2.90463250e-02
 -7.77118281e-02  5.29489517e-02 -1.89823389e-01  1.53846748e-03
  1.20879179e-02 -6.59370446e-04 -2.19821930e-04  1.78620312e-03
  1.53846748e-03  9.45053156e-03 -7.25278864e-03 -6.59370446e-04
  2.17009347e-05 -7.88496912e-01  2.51399189e-01 -7.68627301e-02
  2.99339354e-01  2.34664130e+00  7.79623032e-01  4.48740512e-01
 -5.17601252e-01 -9.92165923e-01 -1.16128182e+00 -1.16570545e-02
 -4.87770652e-03 -9.57413241e-02 -1.24149118e-02  1.30087987e-01
 -1.13173686e-01]","[-0.19768652  0.06040633 -0.01758181  0.07667571  0.58582705  0.19488709
  0.10928667 -0.12754343 -0.24662808 -0.29307455]","[-0.4464513063430786, 0.03542625159025192, -0.031077854335308075, -0.4269486367702484, 0.7380616664886475, 0.44500064849853516, 0.14613594114780426, -0.12141583859920502, 0.25050291419029236, -0.43774324655532837]"
330,2.5703125,"[-4.27555084e-01 -9.03989315e-01  2.00000003e-01  0.00000000e+00
  0.00000000e+00 -8.01668167e-02  5.99453747e-02 -1.00271609e-02
 -7.39297867e-02  1.74739420e-01  9.19923782e-02 -7.68402033e-03
 -8.83929804e-02  4.95157242e-02 -1.86505646e-01  1.09891896e-03
  5.49449911e-03  6.59370446e-04 -6.59370446e-04  1.40063174e-03
 -1.09891896e-03  1.07692722e-02 -3.29666142e-03 -5.05495071e-03
  2.83253728e-03 -8.19645464e-01  1.16710916e-01  1.41258910e-02
  4.00792360e-01  2.28256631e+00  7.77506888e-01  2.67585486e-01
 -4.16881144e-01 -9.03013170e-01 -1.29644406e+00 -1.70263499e-02
 -4.11286834e-04 -8.00399296e-03 -1.61339790e-02  1.29282922e-01
 -1.19141333e-01]","[-0.20537347  0.02557584  0.00604871  0.10244974  0.5682856   0.19417848
  0.06132026 -0.1015664  -0.22311006 -0.3270196 ]","[-0.4542253911495209, 0.0012790862238034606, -0.008489249274134636, -0.40221911668777466, 0.7223193645477295, 0.444402277469635, 0.10043108463287354, -0.0964035913348198, 0.27172544598579407, -0.47112467885017395]"
340,2.6484375,"[-8.0320752e-01 -5.9569931e-01  2.0000000e-01  0.0000000e+00
  0.0000000e+00 -8.0166817e-02  7.3679239e-02 -9.6456911e-03
 -7.2785378e-02  1.7533126e-01  9.1229439e-02  1.1771889e-02
 -9.0300329e-02  4.1504860e-02 -1.8020549e-01 -1.0989190e-03
  6.8131448e-03  2.1982193e-04 -2.1982193e-04 -6.1124534e-04
 -1.0989190e-03  6.8131448e-03 -1.0989190e-03 -5.0549507e-03
  3.6921785e-03 -8.5831028e-01 -5.6171026e-02  1.2635627e-01
  5.2540147e-01  2.2036147e+00  7.7050447e-01  3.7559956e-02
 -2.8682232e-01 -7.7408475e-01 -1.4262955e+00 -3.5665855e-02
 -1.3498342e-02 -5.7235281e-03 -1.9935604e-02  1.2891340e-01
 -1.1693694e-01]","[-0.21532302 -0.01771726  0.03412515  0.13437024  0.5494286   0.19241364
  0.00450431 -0.0687921  -0.19008023 -0.3584373 ]","[-0.4635418951511383, -0.039824314415454865, 0.018821990117430687, -0.3718223571777344, 0.7025432586669922, 0.4428671598434448, 0.04487629234790802, -0.06492538005113602, 0.3031749725341797, -0.5039718151092529]"
350,2.7265625,"[-9.8917651e-01 -1.4673047e-01  2.0000000e-01  0.0000000e+00
  0.0000000e+00 -8.1692696e-02  8.1308633e-02 -9.6456911e-03
 -7.1259499e-02  1.7244864e-01  9.0085030e-02  1.7112466e-02
 -8.7248571e-02  3.3112526e-02 -1.7322445e-01 -1.9780160e-03
 -2.1982193e-04 -2.1982193e-04 -1.0989190e-03 -2.0932881e-03
 -2.1982193e-04 -2.1982193e-04  3.7363053e-03 -3.7363053e-03
  2.5465933e-03 -8.9069951e-01 -1.9533895e-01  2.1258634e-01
  6.3185412e-01  2.1394043e+00  7.6351696e-01 -1.3863392e-01
 -1.7551135e-01 -6.3779187e-01 -1.5094997e+00 -1.4153626e-02
 -8.6755436e-03 -6.2603741e-03 -2.4066590e-02  1.2726501e-01
 -1.1773520e-01]","[-0.22317235 -0.05116807  0.05468005  0.15987095  0.53309566  0.19072232
 -0.038198   -0.04173739 -0.15642515 -0.3786144 ]","[-0.4720042049884796, -0.07542168349027634, 0.041230540722608566, -0.3445195257663727, 0.6861956715583801, 0.4410301744937897, -0.0007606204599142075, -0.03661941736936569, 0.337168425321579, -0.5255284309387207]"
360,2.8046875,"[-9.4154406e-01  3.3688986e-01  2.0000000e-01  0.0000000e+00
  0.0000000e+00 -8.4744453e-02  7.9401284e-02 -2.0162966e-03
 -6.9352150e-02  1.6808799e-01  9.0466499e-02  6.8127830e-03
 -8.0382116e-02  3.1968117e-02 -1.6942087e-01 -3.7363053e-03
 -2.8571130e-03  6.8131448e-03 -1.0989190e-03 -3.0183387e-03
  2.1982193e-04 -3.7363053e-03  6.8131448e-03  6.5937045e-04
  7.0427248e-04 -9.0283024e-01 -2.7228338e-01  2.5658950e-01
  6.9498020e-01  2.0822525e+00  7.6466274e-01 -2.3608309e-01
 -1.0221118e-01 -5.3436959e-01 -1.5582037e+00  1.8824075e-03
  2.1233065e-02  6.6771969e-02 -2.5323175e-02  1.2703499e-01
 -1.1525560e-01]","[-0.22683795 -0.07079388  0.06493108  0.17576477  0.5203255   0.19053513
 -0.06122517 -0.02417217 -0.13148253 -0.39022195]","[-0.476560115814209, -0.09671559929847717, 0.053251713514328, -0.32675179839134216, 0.6727837920188904, 0.44072484970092773, -0.02592189982533455, -0.017308291047811508, 0.3643363118171692, -0.5391665101051331]"
370,2.8828125,"[-6.7155898e-01  7.4095112e-01  2.0000000e-01  0.0000000e+00
  0.0000000e+00 -9.0085030e-02  6.6431314e-02  8.6648557e-03
 -7.0115089e-02  1.6293421e-01  9.0085030e-02 -5.3952020e-03
 -6.8938024e-02  3.2731056e-02 -1.7054242e-01 -2.8571130e-03
 -6.8131448e-03  5.0549507e-03 -1.0989190e-03 -5.4749753e-04
 -1.5384675e-03 -7.6923370e-03  4.1758539e-03  2.1982193e-04
 -1.0189662e-03 -9.0427136e-01 -2.8398266e-01  2.6042780e-01
  7.2641772e-01  2.0597544e+00  7.7006847e-01 -2.4723521e-01
 -8.1350200e-02 -4.9441880e-01 -1.5617729e+00  1.9104969e-02
  3.5020452e-02  7.7989146e-02 -2.4430105e-02  1.2896734e-01
 -1.0818329e-01]","[-0.22554848 -0.07009084  0.06443433  0.18135166  0.5151448   0.19292898
 -0.06031291 -0.02089162 -0.1242259  -0.39021662]","[-0.47635871171951294, -0.10195033997297287, 0.05555132031440735, -0.31854942440986633, 0.6654648184776306, 0.44229650497436523, -0.03284340351819992, -0.010244891047477722, 0.37610355019569397, -0.5406479239463806]"
380,2.9609375,"[-2.4298018e-01  9.7003126e-01  2.0000000e-01  0.0000000e+00
  0.0000000e+00 -9.5045090e-02  5.0027162e-02  2.0108948e-02
 -7.0496559e-02  1.6367653e-01  9.0085030e-02 -2.2179870e-02
 -5.7493933e-02  3.8453102e-02 -1.7599198e-01 -6.5937045e-04
 -9.0109827e-03  5.9340480e-03 -2.1982193e-04  2.2075877e-03
  2.1982193e-04 -6.8131448e-03  5.0549507e-03  3.2966614e-03
 -4.3307967e-03 -8.7993759e-01 -2.0308255e-01  2.1252176e-01
  7.0117229e-01  2.0802293e+00  7.8647143e-01 -1.4088549e-01
 -1.3196445e-01 -5.4305965e-01 -1.5295757e+00  3.2782659e-02
  2.8336434e-02  8.9786485e-02 -2.0359127e-02  1.3184068e-01
 -9.9909820e-02]","[-0.21916704 -0.04854539  0.05172057  0.174112    0.52076507  0.19687328
 -0.03240732 -0.03468342 -0.13774452 -0.38100636]","[-0.4708171486854553, -0.08357438445091248, 0.04468131810426712, -0.32361331582069397, 0.6692308187484741, 0.4461028575897217, -0.008623811416327953, -0.021051695570349693, 0.3661954700946808, -0.5336360931396484]"
390,3.0390625,"[ 2.4298018e-01  9.7003126e-01  2.0000000e-01  0.0000000e+00
  0.0000000e+00 -9.6570969e-02  3.0953674e-02  2.6593933e-02
 -7.0496559e-02  1.6280413e-01  8.9703560e-02 -3.5912782e-02
 -5.0627477e-02  4.3793678e-02 -1.8509889e-01  2.1982193e-04
 -1.1648369e-02 -6.5937045e-04  2.1982193e-04 -1.8692108e-04
 -6.5937045e-04  6.5937045e-04  5.0549507e-03  2.4175644e-03
 -3.9014400e-03 -8.3778834e-01 -7.2331563e-02  1.3681097e-01
  6.3521165e-01  2.1394498e+00  8.0184257e-01  2.6554435e-02
 -2.3040865e-01 -6.5043086e-01 -1.4416839e+00  4.0434584e-02
  2.2595208e-02  1.7244377e-03 -1.5872635e-02  1.3491084e-01
 -9.2862464e-02]","[-0.20852938 -0.01315915  0.03153654  0.15593368  0.53635705  0.20077923
  0.01162116 -0.06156747 -0.16627407 -0.35721   ]","[-0.46080800890922546, -0.050844039767980576, 0.025759506970643997, -0.3396943509578705, 0.6829182505607605, 0.4501635432243347, 0.033187784254550934, -0.045268021523952484, 0.34019842743873596, -0.5140762329101562]"
400,3.1171875,"[ 6.71558976e-01  7.40951121e-01  2.00000003e-01  0.00000000e+00
  0.00000000e+00 -9.61894989e-02  1.18801873e-02  2.65939329e-02
 -7.01150894e-02  1.64226443e-01  8.89406204e-02 -5.11715710e-02
 -4.83386591e-02  5.06601334e-02 -1.94300681e-01  2.19821930e-04
 -8.57143383e-03 -1.09891896e-03  2.19821930e-04  1.17103418e-03
 -2.41756439e-03 -7.69233704e-03 -4.61540231e-03  2.85711302e-03
 -3.77828488e-03 -7.96828866e-01  1.12166256e-01  2.36031190e-02
  5.12670994e-01  2.21556592e+00  8.14258456e-01  2.63852835e-01
 -3.76876116e-01 -7.89453030e-01 -1.33080029e+00  1.73719954e-02
 -1.46068353e-02  9.10929292e-02 -1.08829644e-02  1.36365637e-01
 -8.96276608e-02]","[-0.19855073  0.03108043  0.00344104  0.12523408  0.5557719   0.20378959
  0.07057445 -0.09701313 -0.20040676 -0.33036754]","[-0.45002034306526184, -0.006543935276567936, -0.0011508006136864424, -0.3685736060142517, 0.7021865844726562, 0.45327457785606384, 0.09000296145677567, -0.08054377883672714, 0.30596306920051575, -0.48508861660957336]"
410,3.1953125,"[ 9.4154406e-01  3.3688986e-01  2.0000000e-01  0.0000000e+00
  0.0000000e+00 -9.4663620e-02  6.5396111e-03  2.3160705e-02
 -6.9352150e-02  1.6382924e-01  8.4362984e-02 -6.1472207e-02
 -4.5668371e-02  5.2567482e-02 -1.9954062e-01 -6.5937045e-04
  5.9340480e-03 -6.5937045e-04  6.5937045e-04 -8.6191698e-04
  6.5937045e-04 -1.5384675e-03 -6.5937045e-04  1.0989190e-03
 -2.1559496e-04 -7.6938891e-01  2.4910356e-01 -6.8055488e-02
  3.8966382e-01  2.3151064e+00  8.1195861e-01  4.6185592e-01
 -4.9875534e-01 -9.1578233e-01 -1.1921341e+00  2.2477869e-02
 -8.6431671e-03 -4.7420215e-02 -6.6237510e-03  1.3559291e-01
 -8.5646458e-02]","[-0.19172876  0.06484555 -0.01900172  0.09442264  0.5804332   0.2027889
  0.11899208 -0.1272107  -0.23157054 -0.29464817]","[-0.44276198744773865, 0.02945065125823021, -0.024984216317534447, -0.39977049827575684, 0.7259050607681274, 0.45335906744003296, 0.14072753489017487, -0.11202497035264969, 0.2739942967891693, -0.45161890983581543]"
420,3.2734375000000004,"[ 9.8917651e-01 -1.4673047e-01  2.0000000e-01  0.0000000e+00
  0.0000000e+00 -9.3900681e-02  4.6322625e-03  2.1634826e-02
 -6.8207741e-02  1.6176581e-01  8.5888863e-02 -6.4142495e-02
 -4.7194250e-02  5.3330421e-02 -1.9921589e-01  2.1982193e-04
 -6.5937045e-04 -2.8571130e-03 -2.1982193e-04 -2.1316482e-04
 -2.1982193e-04  6.5937045e-04 -1.0989190e-03 -2.1982193e-04
  5.1695440e-04 -7.5726259e-01  3.3829170e-01 -1.3174000e-01
  2.8835139e-01  2.3624249e+00  8.0373412e-01  5.7799864e-01
 -5.7489556e-01 -9.9760878e-01 -1.1040651e+00 -2.4417907e-02
 -1.9108457e-02 -1.2548044e-02 -5.2028787e-03  1.3448755e-01
 -8.7482363e-02]","[-0.18961224  0.08697616 -0.03413011  0.07042795  0.5916207   0.20066698
  0.1473397  -0.14523214 -0.2509514  -0.2745972 ]","[-0.4394698143005371, 0.05482086166739464, -0.04242824390530586, -0.4264833927154541, 0.7396648526191711, 0.4511411488056183, 0.17427556216716766, -0.1331610530614853, 0.2519890069961548, -0.4274357557296753]"
430,3.3515625,"[ 8.0320752e-01 -5.9569931e-01  2.0000000e-01  0.0000000e+00
  0.0000000e+00 -9.2373848e-02  6.9210809e-03  5.6130979e-03
 -6.8970680e-02  1.6261098e-01  8.7414742e-02 -5.7656556e-02
 -5.1771887e-02  5.3330421e-02 -1.9677520e-01  1.0989190e-03
 -2.1982193e-04 -1.6043950e-02 -6.5937045e-04  9.7202661e-04
  1.0989190e-03  5.9340480e-03 -3.2966614e-03 -1.0989190e-03
  6.8121305e-04 -7.5627023e-01  3.6721900e-01 -1.5131366e-01
  2.3879646e-01  2.3882012e+00  7.8999293e-01  6.1226273e-01
 -6.0014111e-01 -1.0355432e+00 -1.0579062e+00 -2.2500437e-02
  8.9653730e-03 -9.0964988e-02 -5.8018235e-03  1.3359763e-01
 -9.1844894e-02]","[-0.18906842  0.09209222 -0.03773199  0.05919731  0.5967818   0.19716299
  0.15251625 -0.15004703 -0.25899276 -0.26409614]","[-0.4389665424823761, 0.06304196268320084, -0.04833349213004112, -0.44032472372055054, 0.7468778491020203, 0.4478967785835266, 0.18449927866458893, -0.1404152661561966, 0.24146203696727753, -0.41472765803337097]"
440,3.4296874999999996,"[ 4.27555084e-01 -9.03989315e-01  2.00000003e-01  0.00000000e+00
  0.00000000e+00 -8.93220901e-02  1.83651727e-02 -1.00271609e-02
 -6.97336197e-02  1.65795654e-01  9.12294388e-02 -4.50680554e-02
 -6.47418573e-02  5.33304214e-02 -1.92776620e-01  2.19821930e-04
  1.03296284e-02  1.09891896e-03 -1.09891896e-03  3.11978371e-03
  2.85711302e-03  6.37359638e-03 -9.45053156e-03  2.19821930e-04
  8.82832159e-04 -7.65047193e-01  3.32091659e-01 -1.28748894e-01
  2.47524813e-01  2.37293553e+00  7.78965592e-01  5.55769205e-01
 -5.74965298e-01 -1.02752995e+00 -1.08285010e+00 -2.38553528e-02
  4.14456334e-03 -1.13358274e-01 -8.10024794e-03  1.34458378e-01
 -1.02860294e-01]","[-0.19164895  0.08131084 -0.03107669  0.06278412  0.59264356  0.19472301
  0.13653886 -0.14230977 -0.25599232 -0.27209306]","[-0.4406245946884155, 0.05480509251356125, -0.04329216852784157, -0.4392876625061035, 0.743694543838501, 0.4449506998062134, 0.17103365063667297, -0.13489963114261627, 0.24266715347766876, -0.4187620282173157]"
450,3.5078125,"[-4.9067676e-02 -9.9879545e-01  2.0000000e-01  0.0000000e+00
  0.0000000e+00 -8.4362984e-02  4.2016298e-02 -1.0027161e-02
 -7.0496559e-02  1.7078272e-01  9.3136787e-02 -2.5994567e-02
 -7.9619177e-02  5.2567482e-02 -1.9054329e-01  1.0989190e-03
  1.3406563e-02  2.1982193e-04  2.1982193e-04  1.8860864e-03
  6.5937045e-04  1.0769272e-02 -8.1318859e-03 -1.0989190e-03
  1.6003860e-03 -7.8880948e-01  2.2929139e-01 -6.0299702e-02
  3.1658769e-01  2.3354690e+00  7.7592069e-01  4.1833371e-01
 -5.0132030e-01 -9.7643042e-01 -1.1778367e+00 -2.1788673e-02
 -5.7151155e-03 -1.0768776e-01 -1.1079000e-02  1.3338053e-01
 -1.1383299e-01]","[-0.19784942  0.05307481 -0.0126739   0.08164054  0.58264077  0.1939306
  0.09946933 -0.12257674 -0.24216685 -0.29750016]","[-0.4464966058731079, 0.029967056587338448, -0.02704181894659996, -0.42302215099334717, 0.7348631620407104, 0.4440489113330841, 0.13808925449848175, -0.117348313331604, 0.25425437092781067, -0.44165197014808655]"
460,3.5859375,"[-5.14102757e-01 -8.57728601e-01  2.00000003e-01  0.00000000e+00
  0.00000000e+00 -7.97853470e-02  5.99453747e-02 -9.64569114e-03
 -7.04965591e-02  1.74452394e-01  9.35182571e-02 -4.25079279e-03
 -8.95373896e-02  4.76083755e-02 -1.86297029e-01  1.09891896e-03
 -1.53846748e-03 -2.19821930e-04 -6.59370446e-04  1.29679916e-03
 -2.19821930e-04  1.12088202e-02 -2.41756439e-03 -5.49449911e-03
  1.89654308e-03 -8.21064115e-01  8.63232166e-02  3.74634787e-02
  4.22911644e-01  2.25954652e+00  7.72858322e-01  2.16439933e-01
 -3.93735886e-01 -8.76587093e-01 -1.31565976e+00 -3.01940739e-02
 -1.84219505e-04  8.35290086e-03 -1.54570546e-02  1.32234663e-01
 -1.19555086e-01]","[-0.20607533  0.01853495  0.01186733  0.10861568  0.56230265  0.1931083
  0.04923861 -0.09567298 -0.21607846 -0.33257735]","[-0.454714834690094, -0.005340919364243746, -0.0031989426352083683, -0.3966606557369232, 0.7176034450531006, 0.44342994689941406, 0.08981907367706299, -0.09106646478176117, 0.2778838574886322, -0.47598209977149963]"
470,3.6640625000000004,"[-8.5772860e-01 -5.1410276e-01  2.0000000e-01  0.0000000e+00
  0.0000000e+00 -8.0548286e-02  7.5968057e-02 -9.6456911e-03
 -6.8970680e-02  1.7458716e-01  9.2755318e-02  1.3297768e-02
 -9.2207678e-02  3.8834572e-02 -1.7916477e-01 -1.5384675e-03
  5.4944991e-03  2.1982193e-04  1.0989190e-03  1.0835879e-04
 -1.0989190e-03  4.1758539e-03 -2.1982193e-04 -6.8131448e-03
  3.4810558e-03 -8.6100566e-01 -8.1528127e-02  1.4499564e-01
  5.4736298e-01  2.1880138e+00  7.6719689e-01  2.2683479e-03
 -2.6588237e-01 -7.4594474e-01 -1.4414593e+00 -3.3703249e-02
 -1.9173715e-02 -3.1906539e-03 -1.9535208e-02  1.3190202e-01
 -1.1771306e-01]","[-0.21605726 -0.0244191   0.03859013  0.13969241  0.54530394  0.1916835
 -0.00441848 -0.06360677 -0.18324557 -0.36267474]","[-0.4644303321838379, -0.04720177501440048, 0.023922748863697052, -0.366000235080719, 0.6983238458633423, 0.4419499933719635, 0.034781523048877716, -0.05920125171542168, 0.3102395832538605, -0.5083817839622498]"
480,3.7421875,"[-9.9879545e-01 -4.9067676e-02  2.0000000e-01  0.0000000e+00
  0.0000000e+00 -8.2074165e-02  8.2453042e-02 -9.6456911e-03
 -6.8207741e-02  1.7132118e-01  9.1610909e-02  1.8256875e-02
 -8.6867101e-02  3.1968117e-02 -1.7266536e-01 -1.5384675e-03
 -6.5937045e-04 -6.5937045e-04 -2.1982193e-04 -1.6592743e-03
 -2.1982193e-04 -1.0989190e-03  7.6923370e-03 -1.5384675e-03
  2.1067997e-03 -8.9234519e-01 -2.1479250e-01  2.2467184e-01
  6.4715916e-01  2.1247089e+00  7.6128918e-01 -1.6623858e-01
 -1.5982674e-01 -6.1367452e-01 -1.5187435e+00 -6.0817916e-03
 -1.5671171e-02  6.8521099e-03 -2.3293354e-02  1.2982441e-01
 -1.1808955e-01]","[-0.2236649  -0.05551733  0.05733858  0.16335873  0.5292898   0.19017313
 -0.04438394 -0.03808606 -0.15052278 -0.38109946]","[-0.47250863909721375, -0.080605149269104, 0.044442109763622284, -0.3405196964740753, 0.6823742985725403, 0.440437912940979, -0.007929660379886627, -0.03240903466939926, 0.34346380829811096, -0.5282294750213623]"
490,3.8203124999999996,"[-9.0398932e-01  4.2755508e-01  2.0000000e-01  0.0000000e+00
  0.0000000e+00 -8.6270332e-02  7.9401284e-02 -4.9041770e-04
 -6.6681862e-02  1.6687787e-01  9.2373848e-02  6.4313132e-03
 -7.9237707e-02  3.1586647e-02 -1.6961911e-01 -3.7363053e-03
 -5.9340480e-03  6.3735964e-03 -2.1982193e-04 -3.6828679e-03
  6.5937045e-04 -5.9340480e-03  8.5714338e-03  2.1982193e-04
  5.7869841e-04 -9.0529072e-01 -2.8526923e-01  2.6145339e-01
  7.0493984e-01  2.0725896e+00  7.6112586e-01 -2.5200349e-01
 -9.3905032e-02 -5.2018678e-01 -1.5607160e+00  1.8977854e-02
  2.0179061e-02  7.4001439e-02 -2.4402810e-02  1.3002877e-01
 -1.1333793e-01]","[-0.22633468 -0.06981732  0.06506296  0.17708506  0.51766557  0.19055885
 -0.06144875 -0.02371217 -0.12890793 -0.39040717]","[-0.4764130115509033, -0.10001504421234131, 0.054990727454423904, -0.324260413646698, 0.6695682406425476, 0.44032859802246094, -0.030749332159757614, -0.01465429738163948, 0.36840227246284485, -0.5400406122207642]"
500,3.8984375,"[-5.9569931e-01  8.0320752e-01  2.0000000e-01  0.0000000e+00
  0.0000000e+00 -9.1229439e-02  6.5668374e-02  1.0190735e-02
 -6.7444801e-02  1.6193855e-01  9.1610909e-02 -6.9210809e-03
 -6.7793615e-02  3.3112526e-02 -1.7121759e-01 -3.7363053e-03
 -6.3735964e-03  5.4944991e-03 -1.5384675e-03 -1.2350957e-03
 -6.5937045e-04 -1.0329628e-02  5.0549507e-03  6.5937045e-04
 -2.0613882e-03 -8.9861017e-01 -2.7797404e-01  2.5584137e-01
  7.2555387e-01  2.0568376e+00  7.7161431e-01 -2.3931529e-01
 -8.5186526e-02 -4.9672616e-01 -1.5576556e+00  1.6302057e-02
  3.8130455e-02  8.6197443e-02 -2.3173366e-02  1.3190560e-01
 -1.0632961e-01]","[-0.22418801 -0.06765839  0.06288558  0.18097575  0.5146203   0.19327272
 -0.05699465 -0.022289   -0.12521237 -0.3893437 ]","[-0.4750542938709259, -0.10046245157718658, 0.054524753242731094, -0.3185650110244751, 0.6644102334976196, 0.4425458610057831, -0.030952084809541702, -0.010979082435369492, 0.3759767711162567, -0.5398058295249939]"
510,3.9765625,"[-1.4673047e-01  9.8917651e-01  2.0000000e-01  0.0000000e+00
  0.0000000e+00 -9.6952438e-02  4.8119813e-02  2.1634826e-02
 -6.8970680e-02  1.6371018e-01  9.1992378e-02 -2.4468688e-02
 -5.6730993e-02  3.9216042e-02 -1.7749125e-01 -1.9780160e-03
 -7.2527886e-03  6.3735964e-03 -2.1982193e-04  8.6668687e-04
  6.5937045e-04 -1.0769272e-02  8.1318859e-03  3.7363053e-03
 -4.2146868e-03 -8.7044442e-01 -1.8120475e-01  1.9954602e-01
  6.9106704e-01  2.0855393e+00  7.8830487e-01 -1.1229705e-01
 -1.4826652e-01 -5.6045800e-01 -1.5170151e+00  3.3752888e-02
  2.2673434e-02  8.2357600e-02 -1.9245658e-02  1.3466360e-01
 -9.8122343e-02]","[-0.21699803 -0.04206138  0.04782171  0.17138998  0.5233354   0.19750369
 -0.02328698 -0.0395052  -0.14269835 -0.37777096]","[-0.468532919883728, -0.0779624730348587, 0.04147502779960632, -0.32605528831481934, 0.6705726385116577, 0.44659996032714844, -0.0016275659436360002, -0.025181815028190613, 0.3620290160179138, -0.5305056571960449]"
520,4.0546875,"[ 3.36889863e-01  9.41544056e-01  2.00000003e-01  0.00000000e+00
  0.00000000e+00 -9.73339081e-02  2.79019158e-02  2.65939329e-02
 -6.93521500e-02  1.62628651e-01  9.12294388e-02 -3.66757214e-02
 -5.10089472e-02  4.53195572e-02 -1.86468154e-01 -2.19821930e-04
 -1.16483690e-02  2.19821930e-04 -6.59370446e-04  4.59425122e-04
  2.19821930e-04 -1.97801599e-03  2.85711302e-03  3.73630528e-03
 -4.93296375e-03 -8.27473938e-01 -3.45141403e-02  1.15855925e-01
  6.12376750e-01  2.15120912e+00  8.03283572e-01  6.75214529e-02
 -2.61031210e-01 -6.78994298e-01 -1.41472471e+00  4.81058992e-02
  1.70037486e-02 -7.81951100e-03 -1.46925831e-02  1.36890903e-01
 -9.43791643e-02]","[-0.205717   -0.00302082  0.02589886  0.15002808  0.53971565  0.20126706
  0.02385278 -0.0693057  -0.1734716  -0.35078412]","[-0.4578075110912323, -0.042522020637989044, 0.021137040108442307, -0.34440624713897705, 0.6866074204444885, 0.4506358206272125, 0.043208420276641846, -0.05203099921345711, 0.3334437906742096, -0.5068923234939575]"
530,4.1328125,"[ 7.4095112e-01  6.7155898e-01  2.0000000e-01  0.0000000e+00
  0.0000000e+00 -9.5808029e-02  9.9728387e-03  2.6593933e-02
 -6.8970680e-02  1.6394144e-01  9.0085030e-02 -5.3078920e-02
 -5.0627477e-02  5.1423073e-02 -1.9526395e-01  6.5937045e-04
 -9.0109827e-03 -6.5937045e-04  6.5937045e-04 -2.0520505e-03
 -1.9780160e-03 -6.8131448e-03 -2.1982193e-04  6.5937045e-04
 -2.9353211e-03 -7.8974080e-01  1.4614299e-01  1.6967878e-03
  4.8586690e-01  2.2303858e+00  8.1493598e-01  3.0699351e-01
 -4.0611094e-01 -8.1646878e-01 -1.3067126e+00  1.4868232e-02
 -1.2294919e-02  1.1459840e-01 -9.8831886e-03  1.3767540e-01
 -9.0100303e-02]","[-0.19671161  0.0401252  -0.00208168  0.11822172  0.5594122   0.20393813
  0.08156037 -0.1045775  -0.20721444 -0.324106  ]","[-0.4480913579463959, 0.0020825709216296673, -0.006740961689502001, -0.37524208426475525, 0.7060109972953796, 0.45353826880455017, 0.10115715116262436, -0.08796600252389908, 0.29912155866622925, -0.4791348874568939]"
540,4.2109375,"[ 9.7003126e-01  2.4298018e-01  2.0000000e-01  0.0000000e+00
  0.0000000e+00 -9.4282150e-02  6.1581414e-03  2.4305115e-02
 -6.7826271e-02  1.6222763e-01  8.5888863e-02 -6.2998086e-02
 -4.6431310e-02  5.2567482e-02 -1.9914863e-01 -2.1982193e-04
 -5.0549507e-03  1.0989190e-03  1.0989190e-03 -4.3435875e-04
  6.5937045e-04 -2.4175644e-03 -1.0989190e-03  1.0989190e-03
  4.2222815e-05 -7.6310742e-01  2.8226179e-01 -8.6045600e-02
  3.6368567e-01  2.3276861e+00  8.0926973e-01  5.0029564e-01
 -5.2376795e-01 -9.3628854e-01 -1.1633875e+00  2.1225333e-02
 -2.4271596e-03 -4.7029816e-02 -5.8544800e-03  1.3678616e-01
 -8.7383367e-02]","[-0.18992658  0.07392117 -0.02349868  0.08759633  0.5826986   0.20207566
  0.12850079 -0.13349761 -0.2363155  -0.28733045]","[-0.4412095844745636, 0.03680817782878876, -0.029348714277148247, -0.40616345405578613, 0.7295703887939453, 0.4526759088039398, 0.15004567801952362, -0.11800731718540192, 0.2685859501361847, -0.4443895220756531]"
550,4.2890625,"[ 9.7003126e-01 -2.4298018e-01  2.0000000e-01  0.0000000e+00
  0.0000000e+00 -9.3136787e-02  4.6322625e-03  2.0871887e-02
 -6.6300392e-02  1.6166770e-01  8.7033272e-02 -6.4142495e-02
 -4.8720129e-02  5.2948952e-02 -1.9921076e-01  6.5937045e-04
 -6.5937045e-04 -5.9340480e-03  2.1982193e-04 -3.2148408e-04
  2.1982193e-04 -6.5937045e-04 -1.9780160e-03  2.1982193e-04
  2.0382437e-04 -7.5546628e-01  3.5750684e-01 -1.4146945e-01
  2.7177751e-01  2.3704197e+00  8.0038470e-01  6.0026979e-01
 -5.8745390e-01 -1.0090820e+00 -1.0868578e+00 -1.4992553e-02
 -1.4984367e-02 -3.9674912e-02 -4.5116413e-03  1.3538216e-01
 -8.9196227e-02]","[-0.1887205   0.09074283 -0.03616478  0.06645611  0.5938138   0.19989851
  0.1520451  -0.14796285 -0.2536208  -0.2700909 ]","[-0.4388347268104553, 0.05831301584839821, -0.04455489292740822, -0.43044954538345337, 0.7415626049041748, 0.45039117336273193, 0.17856593430042267, -0.13592875003814697, 0.24908022582530975, -0.4233090281486511]"
560,4.3671875,"[ 7.4095112e-01 -6.7155898e-01  2.0000000e-01  0.0000000e+00
  0.0000000e+00 -9.0466499e-02  7.6840203e-03  1.0354612e-03
 -6.6681862e-02  1.6307640e-01  8.8559151e-02 -5.6130677e-02
 -5.4442175e-02  5.2948952e-02 -1.9651994e-01  1.0989190e-03
  1.5384675e-03 -9.8900795e-03 -2.1982193e-04  1.0796206e-03
  1.0989190e-03  7.6923370e-03 -3.2966614e-03 -6.5937045e-04
  1.3973350e-03 -7.5506198e-01  3.6970022e-01 -1.5267715e-01
  2.3294422e-01  2.3850203e+00  7.8648889e-01  6.1059773e-01
 -6.0081446e-01 -1.0361844e+00 -1.0550812e+00 -2.1866392e-02
  1.2691511e-03 -9.2147045e-02 -5.3940797e-03  1.3501357e-01
 -9.5202178e-02]","[-0.1888152   0.09216499 -0.03771657  0.0581467   0.5958568   0.19635168
  0.15128839 -0.14992976 -0.259025   -0.26345158]","[-0.4384986162185669, 0.0633682981133461, -0.04849614202976227, -0.4417082369327545, 0.7463483214378357, 0.4469486474990845, 0.18383726477622986, -0.14068114757537842, 0.24110858142375946, -0.41349294781684875]"
570,4.4453125,"[ 3.36889863e-01 -9.41544056e-01  2.00000003e-01  0.00000000e+00
  0.00000000e+00 -8.74147415e-02  2.25613397e-02 -1.00271609e-02
 -6.82077408e-02  1.67002618e-01  9.19923782e-02 -4.23977673e-02
 -6.85565546e-02  5.29489517e-02 -1.93337888e-01  1.53846748e-03
  1.12088202e-02  1.09891896e-03 -1.53846748e-03  2.78802053e-03
  2.19821930e-04  1.12088202e-02 -5.93404798e-03  2.19821930e-04
  3.68278241e-04 -7.67989278e-01  3.12247515e-01 -1.17398985e-01
  2.58930922e-01  2.36745167e+00  7.78083205e-01  5.31459570e-01
 -5.62068224e-01 -1.01945341e+00 -1.09726739e+00 -2.93599982e-02
 -2.10606083e-02 -1.09238736e-01 -8.07514973e-03  1.35304958e-01
 -1.05857797e-01]","[-0.19261496  0.07618199 -0.02809995  0.06580545  0.5907043   0.19450587
  0.1294842  -0.13904096 -0.25391573 -0.27611986]","[-0.4413513243198395, 0.05080655589699745, -0.04091747850179672, -0.437045693397522, 0.7422302961349487, 0.4445422887802124, 0.1657438576221466, -0.13220331072807312, 0.2443682998418808, -0.4219832420349121]"
580,4.5234375,"[-1.4673047e-01 -9.8917651e-01  2.0000000e-01  0.0000000e+00
  0.0000000e+00 -8.2074165e-02  4.6212465e-02 -1.0027161e-02
 -6.9733620e-02  1.7234156e-01  9.2373848e-02 -2.2179870e-02
 -8.1526525e-02  5.1423073e-02 -1.9080463e-01  2.4175644e-03
  1.4285755e-02  2.1982193e-04 -2.1982193e-04  3.1401669e-03
 -2.1982193e-04  9.0109827e-03 -7.2527886e-03 -3.2966614e-03
  7.7077566e-04 -7.9478908e-01  1.9188339e-01 -3.8851865e-02
  3.3981925e-01  2.3243124e+00  7.7518272e-01  3.7332317e-01
 -4.7770667e-01 -9.5860589e-01 -1.2049519e+00 -3.2804370e-02
 -5.9068925e-03 -9.3063362e-02 -1.1901033e-02  1.3377351e-01
 -1.1607124e-01]","[-0.19969521  0.04521461 -0.00757371  0.08746718  0.57967937  0.19365971
  0.08962979 -0.11714116 -0.23769672 -0.30467343]","[-0.448047935962677, 0.022130195051431656, -0.022219037637114525, -0.4176364839076996, 0.7322056293487549, 0.4438689947128296, 0.12847274541854858, -0.11205531656742096, 0.25840067863464355, -0.44837236404418945]"
590,4.6015625,"[-5.9569931e-01 -8.0320752e-01  2.0000000e-01  0.0000000e+00
  0.0000000e+00 -7.8640938e-02  6.1853677e-02 -9.6456911e-03
 -6.9733620e-02  1.7581126e-01  9.2373848e-02 -4.3609552e-04
 -8.8774450e-02  4.5319557e-02 -1.8624607e-01 -1.0989190e-03
  1.0329628e-02 -1.0989190e-03 -6.5937045e-04  1.4919015e-03
 -6.5937045e-04  1.0769272e-02 -6.5937045e-04 -4.6154023e-03
  3.5236743e-03 -8.2802254e-01  5.7118651e-02  5.7425931e-02
  4.4592065e-01  2.2385130e+00  7.7169162e-01  1.7532980e-01
 -3.6921740e-01 -8.5032290e-01 -1.3478050e+00 -3.2989025e-02
 -1.0010231e-02  4.8066422e-02 -1.6056646e-02  1.3304055e-01
 -1.1864069e-01]","[-0.20832238  0.00802837  0.01726645  0.11467664  0.5582786   0.19290952
  0.03756927 -0.08827129 -0.20974314 -0.34157872]","[-0.4563046395778656, -0.013008693233132362, 0.001927579171024263, -0.391079843044281, 0.7125835418701172, 0.44303470849990845, 0.07900380343198776, -0.08496192842721939, 0.2841602563858032, -0.4836273789405823]"
600,4.6796875,"[-9.0398932e-01 -4.2755508e-01  2.0000000e-01  0.0000000e+00
  0.0000000e+00 -8.0548286e-02  7.7493936e-02 -9.6456911e-03
 -6.8207741e-02  1.7454720e-01  9.1610909e-02  1.4823647e-02
 -8.9918859e-02  3.5401344e-02 -1.7860273e-01 -1.9780160e-03
  5.4944991e-03 -6.5937045e-04  2.1982193e-04 -1.8646568e-03
 -2.1982193e-04  3.7363053e-03 -2.1982193e-04 -6.3735964e-03
  3.4615051e-03 -8.6632478e-01 -1.1342125e-01  1.6447467e-01
  5.6953806e-01  2.1709497e+00  7.6399368e-01 -3.9691295e-02
 -2.4118875e-01 -7.1724719e-01 -1.4590588e+00 -3.0834837e-02
 -1.6161593e-02 -1.3253331e-03 -2.0636773e-02  1.3290027e-01
 -1.1716926e-01]","[-0.21758427 -0.0322615   0.0433189   0.14522061  0.5411548   0.1908185
 -0.01457702 -0.05738192 -0.1758441  -0.36717206]","[-0.46585628390312195, -0.05504290387034416, 0.029005184769630432, -0.36014994978904724, 0.6944921016693115, 0.44111257791519165, 0.024454113095998764, -0.05301149934530258, 0.31740835309028625, -0.5125080347061157]"
610,4.7578125,"[-9.98795450e-01  4.90676761e-02  2.00000003e-01  0.00000000e+00
  0.00000000e+00 -8.28371048e-02  8.20715725e-02 -9.26422141e-03
 -6.70633316e-02  1.70934975e-01  9.12294388e-02  1.21533591e-02
 -8.22894648e-02  3.00598145e-02 -1.72209084e-01 -1.97801599e-03
 -2.19821930e-04  1.09891896e-03  1.09891896e-03 -1.96892302e-03
 -6.59370446e-04 -1.16483690e-02  3.73630528e-03 -1.97801599e-03
  2.39600544e-03 -8.95299375e-01 -2.30943367e-01  2.32752055e-01
  6.62353694e-01  2.11630630e+00  7.60538936e-01 -1.77366421e-01
 -1.44716784e-01 -5.90834558e-01 -1.53355002e+00 -3.82436533e-03
 -6.33105962e-03  2.53382362e-02 -2.37367060e-02  1.30914316e-01
 -1.16762534e-01]","[-0.22420135 -0.05938816  0.05913671  0.16721952  0.5276166   0.18988276
 -0.04599783 -0.03403312 -0.14484507 -0.3847316 ]","[-0.4733283221721649, -0.08483096957206726, 0.046783141791820526, -0.33655890822410583, 0.6799219846725464, 0.44010359048843384, -0.011784765869379044, -0.02836974523961544, 0.34942689538002014, -0.531520664691925]"
620,4.8359375,"[-8.5772860e-01  5.1410276e-01  2.0000000e-01  0.0000000e+00
  0.0000000e+00 -8.7796211e-02  7.6349527e-02  1.0354612e-03
 -6.5918922e-02  1.6559073e-01  9.2373848e-02  4.5239646e-03
 -7.6567419e-02  3.0059814e-02 -1.6937265e-01 -2.8571130e-03
 -5.4944991e-03  5.0549507e-03  2.1982193e-04 -2.5381565e-03
 -2.1982193e-04 -4.6154023e-03  4.6154023e-03  6.5937045e-04
  2.6549702e-04 -9.0289980e-01 -2.8601149e-01  2.6378918e-01
  7.1316957e-01  2.0651050e+00  7.6181793e-01 -2.5455582e-01
 -8.8712826e-02 -5.0823069e-01 -1.5586848e+00  1.7952019e-02
  2.2481795e-02  5.4112397e-02 -2.4262311e-02  1.3159566e-01
 -1.1202033e-01]","[-0.22557773 -0.07193247  0.06616572  0.17892537  0.51563627  0.19057888
 -0.06417125 -0.02166863 -0.12613699 -0.38983783]","[-0.47597017884254456, -0.10191940516233444, 0.056009743362665176, -0.3221466541290283, 0.6672517657279968, 0.4401807487010956, -0.03368014469742775, -0.012480925768613815, 0.37188753485679626, -0.5396515727043152]"
630,4.9140625,"[-5.1410276e-01  8.5772860e-01  2.0000000e-01  0.0000000e+00
  0.0000000e+00 -9.3900681e-02  6.1472207e-02  1.2479553e-02
 -6.6681862e-02  1.6134277e-01  9.1610909e-02 -1.1117248e-02
 -6.4741857e-02  3.0822754e-02 -1.7192075e-01 -4.6154023e-03
 -1.0329628e-02  8.5714338e-03 -6.5937045e-04 -6.3566922e-04
 -6.5937045e-04 -8.5714338e-03  6.8131448e-03  1.0989190e-03
 -2.1388012e-03 -8.9192486e-01 -2.6076046e-01  2.4661943e-01
  7.2137463e-01  2.0572650e+00  7.7420110e-01 -2.1764405e-01
 -9.4258934e-02 -5.0400823e-01 -1.5522635e+00  2.6803894e-02
  3.5819534e-02  7.8770794e-02 -2.3045223e-02  1.3427515e-01
 -1.0548706e-01]","[-0.2222417  -0.06287907  0.06046741  0.17972505  0.51423943  0.19377266
 -0.05199534 -0.02487856 -0.12700321 -0.3870124 ]","[-0.4736219048500061, -0.09743760526180267, 0.05291494354605675, -0.31892096996307373, 0.663874089717865, 0.44298920035362244, -0.027337102219462395, -0.012303834781050682, 0.3751108944416046, -0.5385034084320068]"
640,4.9921875,"[-4.9067676e-02  9.9879545e-01  2.0000000e-01  0.0000000e+00
  0.0000000e+00 -9.7333908e-02  4.3923646e-02  2.3542175e-02
 -6.8589211e-02  1.6347280e-01  9.1610909e-02 -2.8283386e-02
 -5.4442175e-02  3.8834572e-02 -1.7908892e-01  2.1982193e-04
 -1.0329628e-02  4.1758539e-03 -2.1982193e-04 -1.0826749e-03
 -2.1982193e-04 -9.0109827e-03  4.6154023e-03  5.4944991e-03
 -6.3420902e-03 -8.6217409e-01 -1.5220551e-01  1.8305355e-01
  6.7777544e-01  2.0950561e+00  7.9096538e-01 -7.6235719e-02
 -1.6853344e-01 -5.8022356e-01 -1.5025979e+00  4.4601418e-02
  2.5916290e-02  7.8413762e-02 -1.8479669e-02  1.3608171e-01
 -9.7368151e-02]","[-0.21441177 -0.03390911  0.04369098  0.1675468   0.5250476   0.19813944
 -0.01426647 -0.04484867 -0.14781517 -0.37349278]","[-0.46655216813087463, -0.0712742805480957, 0.03763405233621597, -0.329025536775589, 0.6724945902824402, 0.44726717472076416, 0.006687582470476627, -0.02983139641582966, 0.35743388533592224, -0.5271616578102112]"
650,5.0703125,"[ 4.27555084e-01  9.03989315e-01  2.00000003e-01  0.00000000e+00
  0.00000000e+00 -9.69524384e-02  2.37057488e-02  2.65939329e-02
 -6.85892105e-02  1.62919730e-01  9.08479691e-02 -4.01089489e-02
 -5.06274775e-02  4.49380875e-02 -1.88375384e-01  6.59370446e-04
 -8.57143383e-03 -2.19821930e-04  2.19821930e-04 -7.54296125e-05
 -6.59370446e-04 -9.89007950e-03  5.05495071e-03  3.73630528e-03
 -3.65074910e-03 -8.17561209e-01  7.83391297e-05  9.52701271e-02
  5.90556681e-01  2.16381788e+00  8.04870963e-01  1.11596078e-01
 -2.88941324e-01 -7.05479503e-01 -1.39169562e+00  3.93766351e-02
  9.09044221e-03  2.38202536e-03 -1.39683755e-02  1.38334647e-01
 -9.48491693e-02]","[-0.20368412  0.00569068  0.02034662  0.1448007   0.5443416   0.20178929
  0.03677121 -0.0764218  -0.18022577 -0.3457237 ]","[-0.45543578267097473, -0.03431070223450661, 0.016139937564730644, -0.34959378838539124, 0.6899305582046509, 0.45102331042289734, 0.053492702543735504, -0.05878499895334244, 0.3268980383872986, -0.5010302662849426]"
660,5.1484375,"[ 8.0320752e-01  5.9569931e-01  2.0000000e-01  0.0000000e+00
  0.0000000e+00 -9.5426559e-02  7.3025506e-03  2.6212463e-02
 -6.8207741e-02  1.6384009e-01  8.8940620e-02 -5.6130677e-02
 -5.1390417e-02  5.0278664e-02 -1.9631478e-01 -2.1982193e-04
 -4.6154023e-03 -6.5937045e-04 -2.1982193e-04 -1.1998577e-03
 -3.7363053e-03 -5.9340480e-03  1.0989190e-03  2.1982193e-04
 -3.5560392e-03 -7.8286397e-01  1.8217379e-01 -2.0236745e-02
  4.5822966e-01  2.2489197e+00  8.1554902e-01  3.5523576e-01
 -4.3461215e-01 -8.4334308e-01 -1.2799526e+00  2.1501601e-02
 -2.1609182e-02  7.3877640e-02 -8.8959616e-03  1.3830855e-01
 -8.9709841e-02]","[-0.19471009  0.04745288 -0.00697971  0.11190742  0.5649623   0.20409481
  0.09258043 -0.11112542 -0.21390516 -0.31655636]","[-0.4462924301624298, 0.010394847951829433, -0.012066890485584736, -0.3820015490055084, 0.7099806070327759, 0.4535864591598511, 0.11205781251192093, -0.09476527571678162, 0.2926785945892334, -0.4726189970970154]"
670,5.2265625,"[ 9.8917651e-01  1.4673047e-01  2.0000000e-01  0.0000000e+00
  0.0000000e+00 -9.4282150e-02  5.0137322e-03  2.4305115e-02
 -6.6681862e-02  1.6249895e-01  8.5888863e-02 -6.4523965e-02
 -4.6812780e-02  5.1804543e-02 -1.9931322e-01  2.1982193e-04
 -2.8571130e-03 -1.0989190e-03  3.2966614e-03 -1.0962874e-04
  2.1982193e-04 -2.1982193e-04  2.1982193e-04  2.1982193e-04
 -3.8162831e-04 -7.6023966e-01  3.0610892e-01 -1.0017320e-01
  3.4093267e-01  2.3391259e+00  8.0679029e-01  5.2766955e-01
 -5.4264945e-01 -9.5498955e-01 -1.1395657e+00  2.3291716e-02
 -3.3983309e-04 -4.3721702e-02 -5.4208701e-03  1.3770008e-01
 -8.9141898e-02]","[-0.18908279  0.07907083 -0.02706147  0.08194907  0.58535755  0.2013886
  0.13527098 -0.13801797 -0.24091476 -0.2822059 ]","[-0.4403538703918457, 0.04167483001947403, -0.03285527229309082, -0.411651074886322, 0.7331254482269287, 0.45204517245292664, 0.1571275293827057, -0.12249810248613358, 0.2637036144733429, -0.43873345851898193]"
680,5.3046875,"[ 9.41544056e-01 -3.36889863e-01  2.00000003e-01  0.00000000e+00
  0.00000000e+00 -9.31367874e-02  4.63226251e-03  1.85830686e-02
 -6.55374527e-02  1.62127197e-01  8.74147415e-02 -6.37610257e-02
 -4.91015986e-02  5.18045425e-02 -1.98861986e-01  1.09891896e-03
  2.19821930e-04 -8.13188590e-03 -2.19821930e-04 -1.09660454e-04
 -2.19821930e-04  4.17585392e-03  2.19821930e-04 -2.19821930e-04
  8.07073433e-04 -7.53511608e-01  3.63190681e-01 -1.46349192e-01
  2.60268450e-01  2.37691402e+00  7.97111511e-01  6.08299851e-01
 -5.94415665e-01 -1.01809120e+00 -1.07486999e+00 -1.67070068e-02
 -1.05946548e-02 -4.32655066e-02 -4.57209907e-03  1.36335939e-01
 -9.02858153e-02]","[-0.18840887  0.09188095 -0.03728542  0.06351155  0.59453803  0.19883506
  0.15288952 -0.14939196 -0.2555474  -0.2673586 ]","[-0.43844589591026306, 0.060649290680885315, -0.04628646746277809, -0.43394821882247925, 0.7430055737495422, 0.4495407044887543, 0.18148377537727356, -0.13799376785755157, 0.24658872187137604, -0.4202476143836975]"
690,5.3828125,"[ 6.71558976e-01 -7.40951121e-01  2.00000003e-01  0.00000000e+00
  0.00000000e+00 -9.04664993e-02  8.82842951e-03 -2.01629661e-03
 -6.63003922e-02  1.63723737e-01  8.89406204e-02 -5.42233288e-02
 -5.59680536e-02  5.18045425e-02 -1.95558876e-01  2.41756439e-03
  3.29666142e-03 -9.45053156e-03 -1.09891896e-03  4.33225738e-04
  2.19821930e-04  4.61540231e-03 -5.93404798e-03 -6.59370446e-04
  2.51782523e-03 -7.55498707e-01  3.67569506e-01 -1.49857521e-01
  2.32470289e-01  2.38365412e+00  7.82832623e-01  6.04733944e-01
 -5.98631978e-01 -1.03554773e+00 -1.05406177e+00 -1.87885910e-02
  1.14431819e-02 -1.13875754e-01 -5.87256160e-03  1.36117443e-01
 -9.72311422e-02]","[-0.18872714  0.09100868 -0.03664813  0.05827947  0.5957129   0.19535217
  0.14954096 -0.14905243 -0.2585782  -0.2633394 ]","[-0.43854132294654846, 0.06239417567849159, -0.04785918444395065, -0.4419766366481781, 0.7458971738815308, 0.4460237920284271, 0.18198780715465546, -0.1400126963853836, 0.2411465346813202, -0.41327232122421265]"
700,5.4609375,"[ 2.42980182e-01 -9.70031261e-01  2.00000003e-01  0.00000000e+00
  0.00000000e+00 -8.62703323e-02  2.63760369e-02 -1.00271609e-02
 -6.70633316e-02  1.68117225e-01  9.19923782e-02 -3.85830700e-02
 -7.08453730e-02  5.18045425e-02 -1.92267030e-01  3.73630528e-03
  1.20879179e-02  6.59370446e-04 -2.19821930e-04  3.63548659e-03
  6.59370446e-04  8.57143383e-03 -6.81314478e-03 -2.19821930e-04
  2.27125618e-03 -7.71271169e-01  2.98912644e-01 -1.06600739e-01
  2.68617392e-01  2.36060929e+00  7.75992692e-01  5.08642673e-01
 -5.51664472e-01 -1.01108146e+00 -1.10871768e+00 -2.46615894e-02
 -1.93321407e-02 -1.20788634e-01 -8.55446979e-03  1.36112750e-01
 -1.09108523e-01]","[-0.19344452  0.07204145 -0.02493208  0.06885234  0.5893195   0.19386174
  0.123902   -0.13607699 -0.25154626 -0.27955806]","[-0.44209691882133484, 0.04711374267935753, -0.03822872415184975, -0.4345252811908722, 0.7408615350723267, 0.4440258741378784, 0.1605626940727234, -0.12950612604618073, 0.24627164006233215, -0.42508184909820557]"
710,5.5390625,"[-2.42980182e-01 -9.70031261e-01  2.00000003e-01  0.00000000e+00
  0.00000000e+00 -8.05482864e-02  5.07901013e-02 -1.00271609e-02
 -6.89706802e-02  1.73342288e-01  9.27553177e-02 -1.83651727e-02
 -8.45782831e-02  4.98971939e-02 -1.90694332e-01  2.41756439e-03
  1.16483690e-02 -6.59370446e-04 -2.19821930e-04  9.14988981e-04
  2.19821930e-04  9.01098270e-03 -5.05495071e-03 -2.85711302e-03
 -4.74792578e-05 -8.00123334e-01  1.71641722e-01 -2.23854929e-02
  3.57675970e-01  2.30844855e+00  7.73581326e-01  3.40280920e-01
 -4.60167110e-01 -9.40679729e-01 -1.22982597e+00 -2.89031230e-02
 -1.26855243e-02 -5.67114688e-02 -1.25931436e-02  1.34551674e-01
 -1.18928306e-01]","[-0.2009237   0.03932908 -0.00346417  0.09206368  0.5753952   0.19347546
  0.08097201 -0.11242042 -0.23291455 -0.3117843 ]","[-0.4493100643157959, 0.01608889177441597, -0.017940213903784752, -0.41300106048583984, 0.7288803458213806, 0.44353070855140686, 0.11985083669424057, -0.10743916779756546, 0.26264312863349915, -0.45436960458755493]"
720,5.6171875,"[-6.7155898e-01 -7.4095112e-01  2.0000000e-01  0.0000000e+00
  0.0000000e+00 -7.8640938e-02  6.5668374e-02 -9.6456911e-03
 -6.8589211e-02  1.7586687e-01  9.2755318e-02  3.7610251e-03
 -8.9918859e-02  4.3793678e-02 -1.8518469e-01 -6.5937045e-04
  5.4944991e-03 -2.1982193e-04  2.1982193e-04 -4.0936246e-04
 -6.5937045e-04  9.4505316e-03 -1.9780160e-03 -5.4944991e-03
  3.8968124e-03 -8.3477348e-01  1.8054295e-02  8.0519795e-02
  4.7017682e-01  2.2220860e+00  7.6972634e-01  1.2542573e-01
 -3.4128386e-01 -8.2451397e-01 -1.3750782e+00 -3.9330661e-02
 -1.1679638e-02  4.3502159e-02 -1.6291654e-02  1.3416880e-01
 -1.1818757e-01]","[-2.1006103e-01  3.1792466e-04  2.2936124e-02  1.2114161e-01
  5.5407101e-01  1.9225107e-01  2.6309062e-02 -8.2078323e-02
 -2.0284514e-01 -3.4712201e-01]","[-0.4579407274723053, -0.02059469185769558, 0.007038495969027281, -0.3855167627334595, 0.7077962756156921, 0.44256487488746643, 0.06811729818582535, -0.0789361447095871, 0.29046618938446045, -0.49057283997535706]"
730,5.6953125,"[-9.4154406e-01 -3.3688986e-01  2.0000000e-01  0.0000000e+00
  0.0000000e+00 -8.0548286e-02  7.9401284e-02 -9.6456911e-03
 -6.7063332e-02  1.7415869e-01  9.1610909e-02  1.6730996e-02
 -8.9918859e-02  3.3112526e-02 -1.7709067e-01 -1.5384675e-03
  6.8131448e-03  1.0989190e-03 -1.0989190e-03 -1.5590488e-03
 -6.5937045e-04  5.0549507e-03 -2.1982193e-04 -3.7363053e-03
  4.1030520e-03 -8.7262523e-01 -1.4062724e-01  1.8221033e-01
  5.9146130e-01  2.1571884e+00  7.6189017e-01 -7.5884297e-02
 -2.1918923e-01 -6.8941599e-01 -1.4740044e+00 -1.9288279e-02
 -1.5790237e-02 -1.2693588e-02 -2.1110421e-02  1.3333757e-01
 -1.1815722e-01]","[-0.21879163 -0.03905894  0.04754323  0.14997321  0.53750914  0.19029348
 -0.02381216 -0.05196893 -0.16909993 -0.37040016]","[-0.46733295917510986, -0.06211835518479347, 0.033444613218307495, -0.35480746626853943, 0.6909790635108948, 0.4406675100326538, 0.015228299424052238, -0.047431837767362595, 0.3242422044277191, -0.5165508389472961]"
740,5.7734375,"[-9.8917651e-01  1.4673047e-01  2.0000000e-01  0.0000000e+00
  0.0000000e+00 -8.3600044e-02  8.1690103e-02 -7.7383425e-03
 -6.5155983e-02  1.6969100e-01  9.1610909e-02  1.1390420e-02
 -8.1907995e-02  2.8533936e-02 -1.7058790e-01 -2.4175644e-03
 -1.9780160e-03  5.9340480e-03 -6.5937045e-04 -2.0833933e-03
  1.0989190e-03 -2.1982193e-04  1.0989190e-03 -6.5937045e-04
  2.3353950e-03 -8.9743781e-01 -2.5193498e-01  2.4327734e-01
  6.7761838e-01  2.1030836e+00  7.5881028e-01 -2.0004857e-01
 -1.2696770e-01 -5.6681383e-01 -1.5459247e+00 -1.3880271e-02
  7.1350979e-03  5.7769194e-02 -2.4337463e-02  1.3225976e-01
 -1.1716999e-01]","[-0.22443852 -0.06559923  0.06236814  0.17010207  0.52192426  0.18935135
 -0.05651492 -0.02920937 -0.1387021  -0.38661855]","[-0.4739549458026886, -0.09000860899686813, 0.049634117633104324, -0.33283093571662903, 0.6762956380844116, 0.4397524297237396, -0.018360836431384087, -0.024035774171352386, 0.35541319847106934, -0.5343486666679382]"
750,5.8515625,"[-8.03207517e-01  5.95699310e-01  2.00000003e-01  0.00000000e+00
  0.00000000e+00 -8.89406204e-02  7.40607083e-02  2.94280984e-03
 -6.47745132e-02  1.64787143e-01  9.19923782e-02  1.85367651e-03
 -7.42786005e-02  2.85339355e-02 -1.69303298e-01 -3.73630528e-03
 -4.17585392e-03  8.13188590e-03 -2.19821930e-04 -3.40238214e-03
 -2.19821930e-04 -5.05495071e-03  7.25278864e-03 -6.59370446e-04
 -6.36170094e-04 -9.01351273e-01 -2.90523022e-01  2.65782684e-01
  7.19638288e-01  2.05705810e+00  7.62037277e-01 -2.61431694e-01
 -8.37530047e-02 -4.99129057e-01 -1.55869949e+00  1.27999131e-02
  2.89134383e-02  5.71419895e-02 -2.44222526e-02  1.33384094e-01
 -1.11323915e-01]","[-0.2250886  -0.07299853  0.06641954  0.18042806  0.5138901   0.19073613
 -0.06524519 -0.02054227 -0.12430283 -0.38990474]","[-0.4755305051803589, -0.10323214530944824, 0.05660939961671829, -0.32042449712753296, 0.6651530265808105, 0.440272718667984, -0.03547759726643562, -0.010985733941197395, 0.3744555115699768, -0.5398377180099487]"
760,5.9296875,"[-4.2755508e-01  9.0398932e-01  2.0000000e-01  0.0000000e+00
  0.0000000e+00 -9.5808029e-02  5.8038026e-02  1.4768371e-02
 -6.6300392e-02  1.6176137e-01  9.1992378e-02 -1.4169006e-02
 -6.2453039e-02  3.0441284e-02 -1.7242056e-01 -3.2966614e-03
 -8.1318859e-03  5.9340480e-03 -6.5937045e-04  2.5804916e-03
  2.1982193e-04 -9.4505316e-03  5.9340480e-03  2.4175644e-03
 -3.2988328e-03 -8.8548201e-01 -2.4582712e-01  2.3748526e-01
  7.1654838e-01  2.0578887e+00  7.7541906e-01 -1.9987550e-01
 -1.0354302e-01 -5.1202500e-01 -1.5428932e+00  3.2379925e-02
  2.5072405e-02  7.3592216e-02 -2.2636432e-02  1.3629381e-01
 -1.0476932e-01]","[-0.22090992 -0.0591233   0.05795272  0.17846258  0.51556104  0.19422741
 -0.04636988 -0.02748924 -0.1296586  -0.3850575 ]","[-0.4720703959465027, -0.09352654218673706, 0.05061723291873932, -0.32004716992378235, 0.6641572713851929, 0.44343459606170654, -0.022447003051638603, -0.01459078211337328, 0.3732333481311798, -0.5366301536560059]"
770,6.0078125,"[ 4.90676761e-02  9.98795450e-01  2.00000003e-01  0.00000000e+00
  0.00000000e+00 -9.73339081e-02  4.01089489e-02  2.39236448e-02
 -6.74448013e-02  1.63500696e-01  9.16109085e-02 -3.20980847e-02
 -5.36792353e-02  3.92160416e-02 -1.80314273e-01 -6.59370446e-04
 -7.25278864e-03  2.41756439e-03 -2.19821930e-04 -4.78280243e-04
 -2.19821930e-04 -1.07692722e-02  2.85711302e-03  3.73630528e-03
 -6.07213518e-03 -8.52992058e-01 -1.23467475e-01  1.66402817e-01
  6.63950682e-01  2.10512161e+00  7.93329775e-01 -3.97242159e-02
 -1.89048037e-01 -6.01029634e-01 -1.48572505e+00  3.89539488e-02
  2.28392221e-02  7.02501461e-02 -1.76676027e-02  1.38012856e-01
 -9.70974788e-02]","[-0.21215697 -0.02783484  0.03956762  0.16419269  0.5285207   0.19886026
 -0.00489218 -0.04984615 -0.15347755 -0.36966497]","[-0.4642099440097809, -0.0647115558385849, 0.0337681770324707, -0.33225980401039124, 0.6749368906021118, 0.4478871524333954, 0.015305043198168278, -0.03464217856526375, 0.3523845672607422, -0.5233728289604187]"
780,6.0859375,"[ 5.1410276e-01  8.5772860e-01  2.0000000e-01  0.0000000e+00
  0.0000000e+00 -9.6952438e-02  1.9509582e-02  2.6593933e-02
 -6.7826271e-02  1.6311270e-01  9.0847969e-02 -4.3923646e-02
 -5.0246008e-02  4.5319557e-02 -1.9018152e-01  6.5937045e-04
 -1.0769272e-02 -2.1982193e-04 -2.1982193e-04  1.0770541e-03
 -6.5937045e-04 -9.0109827e-03 -2.1982193e-04  3.7363053e-03
 -4.7745383e-03 -8.1102598e-01  4.1094158e-02  6.9912270e-02
  5.6780708e-01  2.1827552e+00  8.0698985e-01  1.7091240e-01
 -3.1927693e-01 -7.3399180e-01 -1.3732179e+00  3.5919052e-02
  4.6633976e-03  2.6245527e-02 -1.3102553e-02  1.3966110e-01
 -9.4439991e-02]","[-0.2010207   0.01505623  0.01463208  0.13801713  0.5475425   0.20247585
  0.04826295 -0.0836523  -0.18692851 -0.3398663 ]","[-0.4531215727329254, -0.025354981422424316, 0.010545091703534126, -0.3556051254272461, 0.6931837201118469, 0.4515133500099182, 0.06471806764602661, -0.0658876970410347, 0.32018131017684937, -0.4955599009990692]"
790,6.1640625,"[ 8.5772860e-01  5.1410276e-01  2.0000000e-01  0.0000000e+00
  0.0000000e+00 -9.5045090e-02  8.4469598e-03  2.6212463e-02
 -6.6681862e-02  1.6364655e-01  8.7796211e-02 -5.8419496e-02
 -4.9864538e-02  5.0278664e-02 -1.9781467e-01  1.9780160e-03
 -1.5384675e-03 -6.5937045e-04  2.4175644e-03 -6.5771112e-04
 -1.9780160e-03 -6.8131448e-03  1.9780160e-03  1.0989190e-03
 -2.2170420e-03 -7.7594715e-01  2.0287372e-01 -3.6915250e-02
  4.3485779e-01  2.2738171e+00  8.1402844e-01  3.9255238e-01
 -4.5780420e-01 -8.6997277e-01 -1.2482238e+00  2.5980011e-02
 -1.3139816e-02  3.0618068e-02 -7.8678401e-03  1.3915126e-01
 -8.8389426e-02]","[-0.19331683  0.05472348 -0.01148188  0.10565063  0.57076895  0.20326713
  0.10326969 -0.11770292 -0.22041765 -0.30821002]","[-0.4446234703063965, 0.017656875774264336, -0.016950415447354317, -0.3883761763572693, 0.7152153849601746, 0.45346733927726746, 0.12272287905216217, -0.10140525549650192, 0.28593698143959045, -0.46544715762138367]"
800,6.2421875,"[ 9.9879545e-01  4.9067676e-02  2.0000000e-01  0.0000000e+00
  0.0000000e+00 -9.3900681e-02  5.7766717e-03  2.5830993e-02
 -6.4011574e-02  1.6184717e-01  8.7414742e-02 -6.4142495e-02
 -4.7194250e-02  5.1804543e-02 -1.9965670e-01  6.5937045e-04
 -6.5937045e-04 -6.5937045e-04  2.4175644e-03 -1.0970867e-04
  1.0989190e-03  2.1982193e-04 -2.1982193e-04  6.5937045e-04
  5.2267587e-04 -7.5548804e-01  3.2294455e-01 -1.1427631e-01
  3.1855875e-01  2.3454721e+00  8.0389291e-01  5.5203855e-01
 -5.5873835e-01 -9.7117746e-01 -1.1229602e+00  6.4398288e-03
 -8.3439304e-03 -1.9349592e-02 -4.4357884e-03  1.3868515e-01
 -8.9415379e-02]","[-0.18865918  0.08266242 -0.03004178  0.07702422  0.587201    0.20072478
  0.14024094 -0.14134064 -0.24464679 -0.2787482 ]","[-0.4389985203742981, 0.048312462866306305, -0.03694255277514458, -0.41789475083351135, 0.7349987626075745, 0.45123225450515747, 0.16476990282535553, -0.12763091921806335, 0.2593437135219574, -0.43294399976730347]"
810,6.3203125,"[ 9.0398932e-01 -4.2755508e-01  2.0000000e-01  0.0000000e+00
  0.0000000e+00 -9.1992378e-02  6.1581414e-03  1.6675720e-02
 -6.3630104e-02  1.6194344e-01  8.7796211e-02 -6.1853677e-02
 -5.0246008e-02  5.1804543e-02 -1.9860020e-01  1.5384675e-03
 -2.1982193e-04 -1.2527466e-02 -2.1982193e-04  4.3476067e-04
 -2.1982193e-04  3.7363053e-03 -2.4175644e-03 -1.0989190e-03
  1.8078530e-03 -7.5169456e-01  3.6514476e-01 -1.4818579e-01
  2.5130624e-01  2.3822467e+00  7.9284286e-01  6.1134779e-01
 -5.9818882e-01 -1.0247245e+00 -1.0629362e+00 -2.4291947e-02
  7.7853899e-04 -7.0862986e-02 -4.3335478e-03  1.3691516e-01
 -9.1628097e-02]","[-0.18812086  0.09217819 -0.0374158   0.06172439  0.59582466  0.19781622
  0.15328938 -0.150118   -0.25694084 -0.26474872]","[-0.4380418062210083, 0.062150850892066956, -0.04715965688228607, -0.4366379678249359, 0.7447584271430969, 0.4486135244369507, 0.18333835899829865, -0.13948765397071838, 0.2445400059223175, -0.4166601896286011]"
820,6.398437499999999,"[ 5.9569931e-01 -8.0320752e-01  2.0000000e-01  0.0000000e+00
  0.0000000e+00 -8.8940620e-02  1.2261657e-02 -5.8309939e-03
 -6.4774513e-02  1.6353989e-01  9.0085030e-02 -5.1553041e-02
 -6.0545690e-02  5.1804543e-02 -1.9469571e-01  1.5384675e-03
  5.4944991e-03 -8.5714338e-03 -6.5937045e-04  5.3913973e-04
  1.0989190e-03  5.4944991e-03 -6.8131448e-03  2.1982193e-04
  2.6150884e-03 -7.5561887e-01  3.5677657e-01 -1.4296180e-01
  2.3523186e-01  2.3821311e+00  7.7909356e-01  5.8984303e-01
 -5.9256917e-01 -1.0332793e+00 -1.0552325e+00 -1.6959574e-02
  1.3604929e-02 -1.2863125e-01 -6.1098216e-03  1.3731104e-01
 -1.0096618e-01]","[-0.1890167   0.08865043 -0.0351656   0.05910281  0.5950517   0.19464727
  0.14608333 -0.14759621 -0.25800326 -0.26435554]","[-0.43852630257606506, 0.060451753437519073, -0.0464722216129303, -0.44171011447906494, 0.7454696893692017, 0.44506537914276123, 0.1788184642791748, -0.13890354335308075, 0.24153633415699005, -0.4130421280860901]"
830,6.476562500000001,"[ 1.4673047e-01 -9.8917651e-01  2.0000000e-01  0.0000000e+00
  0.0000000e+00 -8.5125923e-02  3.1716615e-02 -1.0027161e-02
 -6.7063332e-02  1.6904357e-01  9.3136787e-02 -3.4768373e-02
 -7.5423010e-02  5.1423073e-02 -1.9118756e-01  1.9780160e-03
  9.4505316e-03 -2.1982193e-04 -2.4175644e-03  2.4485067e-03
  2.1982193e-04  8.1318859e-03 -7.6923370e-03 -6.5937045e-04
  1.5533399e-03 -7.7529979e-01  2.7462721e-01 -9.1516800e-02
  2.8338408e-01  2.3528318e+00  7.7453673e-01  4.7950414e-01
 -5.3538078e-01 -1.0001011e+00 -1.1295631e+00 -2.3566989e-02
 -8.6827865e-03 -1.1201193e-01 -9.3566757e-03  1.3686240e-01
 -1.1289873e-01]","[-0.19438018  0.06702095 -0.02128884  0.07242671  0.5869593   0.19361237
  0.1167853  -0.1322732  -0.24867389 -0.28471255]","[-0.44320833683013916, 0.041565075516700745, -0.03469474986195564, -0.4309965968132019, 0.7388898730278015, 0.4437234401702881, 0.15321215987205505, -0.125837042927742, 0.24873943626880646, -0.429839551448822]"
840,6.5546875,"[-3.3688986e-01 -9.4154406e-01  2.0000000e-01  0.0000000e+00
  0.0000000e+00 -8.0166817e-02  5.6512147e-02 -1.0027161e-02
 -6.8589211e-02  1.7396718e-01  9.3518257e-02 -1.3787536e-02
 -8.7630041e-02  4.8371315e-02 -1.8975809e-01  1.9780160e-03
  1.1208820e-02 -1.0989190e-03 -2.1982193e-04  2.4858832e-03
 -2.1982193e-04  1.0769272e-02 -5.0549507e-03 -2.8571130e-03
  2.6990210e-03 -8.0713344e-01  1.4044461e-01 -5.0948635e-03
  3.7744093e-01  2.2927895e+00  7.7364677e-01  3.0202374e-01
 -4.3844360e-01 -9.2228061e-01 -1.2645289e+00 -2.2362763e-02
 -1.0359995e-02 -2.0052716e-02 -1.3599727e-02  1.3524280e-01
 -1.2083150e-01]","[-0.20267834  0.03225214  0.00097289  0.09690453  0.57158464  0.19319402
  0.07143939 -0.10717009 -0.22801748 -0.31941125]","[-0.4510374069213867, 0.008607108145952225, -0.013310249894857407, -0.40772610902786255, 0.7250131964683533, 0.44341614842414856, 0.11004308611154556, -0.10217393189668655, 0.26728448271751404, -0.4623529016971588]"
850,6.6328125,"[-7.4095112e-01 -6.7155898e-01  2.0000000e-01  0.0000000e+00
  0.0000000e+00 -7.9785347e-02  6.8720132e-02 -1.0408631e-02
 -6.8207741e-02  1.7538530e-01  9.3136787e-02  7.1942527e-03
 -9.0681799e-02  4.1123390e-02 -1.8302739e-01 -1.5384675e-03
  9.4505316e-03 -1.5384675e-03 -2.1982193e-04 -1.5946098e-04
 -1.0989190e-03  8.1318859e-03  1.0989190e-03 -5.4944991e-03
  4.7627683e-03 -8.4406698e-01 -1.7836016e-02  1.0373913e-01
  4.9809200e-01  2.2095499e+00  7.6810396e-01  8.0473788e-02
 -3.1452388e-01 -7.9756635e-01 -1.4010497e+00 -3.0710081e-02
 -6.0877432e-03  2.0790502e-02 -1.7629117e-02  1.3484800e-01
 -1.1821833e-01]","[-0.21180916 -0.00866743  0.02847214  0.12753282  0.55132574  0.19184844
  0.01558215 -0.07560346 -0.1964439  -0.35258543]","[-0.45986875891685486, -0.029957033693790436, 0.012974763289093971, -0.37878596782684326, 0.7038066387176514, 0.44217729568481445, 0.055918138474226, -0.07206673920154572, 0.2972564399242401, -0.497160941362381]"
860,6.7109375,"[-9.70031261e-01 -2.42980182e-01  2.00000003e-01  0.00000000e+00
  0.00000000e+00 -8.13112259e-02  8.13086331e-02 -1.11715700e-02
 -6.55374527e-02  1.72750086e-01  9.19923782e-02  1.78754050e-02
 -8.99188593e-02  3.15866470e-02 -1.75479531e-01 -1.97801599e-03
  1.53846748e-03 -6.59370446e-04 -2.19821930e-04 -1.77569245e-03
 -2.19821930e-04  2.41756439e-03 -2.19821930e-04 -3.73630528e-03
  2.05815653e-03 -8.77716243e-01 -1.75990179e-01  2.00376362e-01
  6.12400293e-01  2.14094257e+00  7.59971321e-01 -1.19091295e-01
 -1.93655416e-01 -6.59954548e-01 -1.49150729e+00 -2.97220498e-02
 -1.55122243e-02 -1.51798269e-03 -2.22062599e-02  1.33558139e-01
 -1.18737020e-01]","[-0.22047102 -0.04616596  0.05173159  0.15543959  0.5334416   0.18974358
 -0.03311675 -0.04619424 -0.16174985 -0.3746622 ]","[-0.4687516391277313, -0.06930074840784073, 0.037616729736328125, -0.3496488928794861, 0.6871334910392761, 0.44016003608703613, 0.006122119724750519, -0.041788384318351746, 0.33133649826049805, -0.5209134817123413]"
870,6.789062499999999,"[-9.70031261e-01  2.42980182e-01  2.00000003e-01  0.00000000e+00
  0.00000000e+00 -8.51259232e-02  8.09271634e-02 -5.83099388e-03
 -6.40115738e-02  1.68749958e-01  9.23738480e-02  9.86454077e-03
 -8.15265253e-02  2.77709961e-02 -1.69598430e-01 -2.85711302e-03
  6.59370446e-04  7.25278864e-03 -6.59370446e-04 -3.50089441e-03
  1.53846748e-03  6.59370446e-04  3.73630528e-03 -1.09891896e-03
  1.64839195e-03 -8.96580100e-01 -2.75148362e-01  2.55130380e-01
  6.87785864e-01  2.08246398e+00  7.56952047e-01 -2.40327507e-01
 -1.08934358e-01 -5.45397222e-01 -1.54808950e+00 -1.17471127e-03
  9.51012410e-03  6.57392591e-02 -2.50029396e-02  1.33349270e-01
 -1.17824525e-01]","[-0.22535653 -0.06891345  0.06399833  0.17322466  0.5191516   0.18886235
 -0.060901   -0.02635871 -0.1341885  -0.38802096]","[-0.47436952590942383, -0.09469190984964371, 0.052249133586883545, -0.3294084072113037, 0.6727105379104614, 0.43932753801345825, -0.024909352883696556, -0.020133238285779953, 0.3608051836490631, -0.5358980894088745]"
880,6.867187500000001,"[-7.40951121e-01  6.71558976e-01  2.00000003e-01  0.00000000e+00
  0.00000000e+00 -9.08479691e-02  7.10089505e-02  4.85015847e-03
 -6.40115738e-02  1.63450092e-01  9.27553177e-02 -1.58050470e-03
 -7.19897822e-02  2.85339355e-02 -1.69639707e-01 -3.29666142e-03
 -7.69233704e-03  7.25278864e-03  2.19821930e-04 -3.30433180e-03
 -2.19821930e-04 -5.93404798e-03  7.25278864e-03 -2.19821930e-04
  6.58418867e-04 -8.99330437e-01 -2.89279938e-01  2.63887405e-01
  7.23995388e-01  2.05203485e+00  7.63487756e-01 -2.58193195e-01
 -8.16307664e-02 -4.93049324e-01 -1.55996954e+00  1.27326660e-02
  3.22332643e-02  7.35191330e-02 -2.44773328e-02  1.34998530e-01
 -1.10603705e-01]","[-0.2243592  -0.07170673  0.065646    0.1809479   0.51244676  0.191046
 -0.06399325 -0.02051791 -0.1232079  -0.38966098]","[-0.4750380516052246, -0.10320176184177399, 0.05639553442597389, -0.3193889260292053, 0.6634525060653687, 0.44052815437316895, -0.03548811376094818, -0.010266385041177273, 0.37620991468429565, -0.540174663066864]"
890,6.9453125,"[-3.3688986e-01  9.4154406e-01  2.0000000e-01  0.0000000e+00
  0.0000000e+00 -9.6952438e-02  5.4223329e-02  1.7057190e-02
 -6.5537453e-02  1.6234896e-01  9.2755318e-02 -1.8746642e-02
 -6.0545690e-02  3.1586647e-02 -1.7329708e-01 -1.9780160e-03
 -9.8900795e-03  4.1758539e-03 -2.8571130e-03  1.6676597e-03
  2.1982193e-04 -8.5714338e-03  4.6154023e-03  5.0549507e-03
 -1.3474365e-03 -8.7900865e-01 -2.2347696e-01  2.2469273e-01
  7.0845360e-01  2.0625162e+00  7.7809680e-01 -1.7084123e-01
 -1.1752686e-01 -5.2426153e-01 -1.5358577e+00  3.7203420e-02
  1.6570034e-02  8.4532164e-02 -2.1338467e-02  1.3773456e-01
 -1.0275069e-01]","[-0.21908179 -0.05349494  0.0546575   0.17617261  0.51675373  0.19486342
 -0.03928946 -0.03098374 -0.13268635 -0.38270244]","[-0.47045090794563293, -0.08846814185380936, 0.04764417186379433, -0.32193997502326965, 0.6650674939155579, 0.44407516717910767, -0.015934880822896957, -0.01780686154961586, 0.37044087052345276, -0.5348923206329346]"
900,7.0234375,"[ 1.4673047e-01  9.8917651e-01  2.0000000e-01  0.0000000e+00
  0.0000000e+00 -9.8478317e-02  3.4768373e-02  2.5449524e-02
 -6.7063332e-02  1.6251209e-01  9.2373848e-02 -3.6294252e-02
 -5.2534826e-02  4.0360451e-02 -1.8244001e-01  2.1982193e-04
 -1.2087918e-02  1.5384675e-03  2.1982193e-04 -3.6661452e-04
 -2.1982193e-04 -7.6923370e-03 -2.1982193e-04  4.1758539e-03
 -4.9870205e-03 -8.4229457e-01 -9.6984297e-02  1.5102440e-01
  6.5028733e-01  2.1207440e+00  7.9637975e-01 -3.1655394e-03
 -2.0996438e-01 -6.2428296e-01 -1.4642835e+00  4.5234919e-02
  1.5134186e-02  3.8170941e-02 -1.6416673e-02  1.3932228e-01
 -9.5230974e-02]","[-0.2094835  -0.01882848  0.03502323  0.15991482  0.53170246  0.19945215
  0.00505444 -0.05610777 -0.15944466 -0.3630232 ]","[-0.46168407797813416, -0.05688193812966347, 0.029427116736769676, -0.3360118567943573, 0.6782217025756836, 0.4486852288246155, 0.025353219360113144, -0.04024191573262215, 0.3466409146785736, -0.5186079144477844]"
910,7.1015625,"[ 5.9569931e-01  8.0320752e-01  2.0000000e-01  0.0000000e+00
  0.0000000e+00 -9.8096848e-02  1.5313415e-02  2.8882751e-02
 -6.6681862e-02  1.6283453e-01  9.1229439e-02 -4.7738343e-02
 -4.8720129e-02  4.6082497e-02 -1.9206238e-01 -2.1982193e-04
 -8.1318859e-03  1.9780160e-03 -1.0989190e-03  5.3097529e-04
 -1.5384675e-03 -1.1648369e-02 -1.0989190e-03  3.2966614e-03
 -4.3215319e-03 -7.9965860e-01  7.9686239e-02  4.6111792e-02
  5.3752667e-01  2.1961896e+00  8.0935633e-01  2.1738935e-01
 -3.5032451e-01 -7.6221555e-01 -1.3484696e+00  3.5698894e-02
 -1.7596235e-03  5.6073587e-02 -1.1378011e-02  1.4090452e-01
 -9.1429532e-02]","[-0.19889444  0.02468872  0.00859743  0.13122784  0.5513511   0.20266092
  0.06113333 -0.09124939 -0.19393332 -0.3343148 ]","[-0.450740784406662, -0.01484850887209177, 0.004476217087358236, -0.36249393224716187, 0.6965857744216919, 0.4519422650337219, 0.07774899899959564, -0.07375998795032501, 0.3130950331687927, -0.4898056089878082]"
920,7.179687499999999,"[ 9.0398932e-01  4.2755508e-01  2.0000000e-01  0.0000000e+00
  0.0000000e+00 -9.6189499e-02  6.1581414e-03  2.5830993e-02
 -6.5537453e-02  1.6261619e-01  8.8177681e-02 -6.0708314e-02
 -4.6431310e-02  5.1041603e-02 -1.9875276e-01  6.5937045e-04
  2.1982193e-04 -5.4944991e-03  6.5937045e-04 -2.0576362e-03
 -2.1982193e-04 -5.9340480e-03  6.5937045e-04  1.0989190e-03
 -1.2454046e-03 -7.6910722e-01  2.2524492e-01 -5.0092228e-02
  4.1455448e-01  2.2911990e+00  8.1110865e-01  4.2262200e-01
 -4.7773898e-01 -8.9050728e-01 -1.2161150e+00  1.6068811e-02
 -1.3607267e-02 -1.8572677e-02 -6.7234626e-03  1.3967162e-01
 -8.7359510e-02]","[-0.19177179  0.05947543 -0.01480792  0.10063957  0.57536775  0.20250511
  0.11080395 -0.1221502  -0.22545108 -0.30067575]","[-0.44283735752105713, 0.023747006431221962, -0.020728640258312225, -0.39378687739372253, 0.7206173539161682, 0.45297521352767944, 0.13195806741714478, -0.10689223557710648, 0.2801445722579956, -0.4573450982570648]"
930,7.257812500000001,"[ 9.9879545e-01 -4.9067676e-02  2.0000000e-01  0.0000000e+00
  0.0000000e+00 -9.3900681e-02  3.8693231e-03  2.3542175e-02
 -6.2867165e-02  1.6203311e-01  8.8177681e-02 -6.5668374e-02
 -4.7575720e-02  5.1423073e-02 -1.9982558e-01  2.1982193e-04
 -2.1982193e-04 -2.1982193e-04  1.9780160e-03 -3.8594967e-06
  2.1982193e-04 -6.5937045e-04  2.1982193e-04 -2.1982193e-04
  1.0939957e-04 -7.5347090e-01  3.3482364e-01 -1.2429749e-01
  3.0211675e-01  2.3507318e+00  8.0121303e-01  5.6730664e-01
 -5.6923348e-01 -9.8291016e-01 -1.1096303e+00 -1.0673160e-02
 -1.5520567e-02  5.9804232e-03 -4.0232106e-03  1.3876694e-01
 -8.9962259e-02]","[-0.1883709   0.08603162 -0.03270206  0.07296973  0.58848614  0.20028386
  0.14483437 -0.14399745 -0.24770036 -0.2762332 ]","[-0.4382830858230591, 0.052601829171180725, -0.04000433534383774, -0.42272934317588806, 0.7367488741874695, 0.4505615830421448, 0.1701936274766922, -0.1310768872499466, 0.25588497519493103, -0.42879247665405273]"
940,7.3359375,"[ 8.5772860e-01 -5.1410276e-01  2.0000000e-01  0.0000000e+00
  0.0000000e+00 -9.2373848e-02  5.0137322e-03  1.1335144e-02
 -6.3630104e-02  1.6212937e-01  8.8177681e-02 -6.1472207e-02
 -5.0627477e-02  5.1423073e-02 -1.9834307e-01  1.5384675e-03
 -1.5384675e-03 -1.6483499e-02  2.1982193e-04  1.1932510e-03
 -2.1982193e-04  2.4175644e-03 -1.0989190e-03 -2.1982193e-04
  1.8098025e-03 -7.5054288e-01  3.7142068e-01 -1.5147373e-01
  2.4169536e-01  2.3841500e+00  7.8898495e-01  6.1534858e-01
 -6.0198253e-01 -1.0293514e+00 -1.0538520e+00 -2.3082504e-02
  2.4153613e-03 -8.0613531e-02 -4.3148734e-03  1.3758662e-01
 -9.2295833e-02]","[-0.1877545   0.09334555 -0.03804125  0.05999823  0.5961747   0.19691496
  0.15442339 -0.15077986 -0.25779444 -0.2633247 ]","[-0.43770644068717957, 0.0635036751627922, -0.04803986847400665, -0.43898969888687134, 0.7454233765602112, 0.4477008283138275, 0.18467865884304047, -0.14047621190547943, 0.2431969791650772, -0.41464266180992126]"
950,7.4140625,"[ 5.1410276e-01 -8.5772860e-01  2.0000000e-01  0.0000000e+00
  0.0000000e+00 -8.8559151e-02  1.3406066e-02 -9.2642214e-03
 -6.4393044e-02  1.6475722e-01  9.0847969e-02 -4.9645692e-02
 -6.2071569e-02  5.1423073e-02 -1.9489753e-01  1.5384675e-03
  7.2527886e-03 -5.4944991e-03 -1.0989190e-03  2.3735017e-03
  2.8571130e-03  8.1318859e-03 -4.6154023e-03 -1.0989190e-03
  1.1754030e-03 -7.5617713e-01  3.4882104e-01 -1.3769487e-01
  2.3813291e-01  2.3752170e+00  7.7641201e-01  5.7445562e-01
 -5.8630216e-01 -1.0289673e+00 -1.0606637e+00 -1.6544115e-02
  5.9367553e-03 -1.1865699e-01 -6.2406864e-03  1.3810141e-01
 -1.0258712e-01]","[-0.18947256  0.08602833 -0.03367238  0.06015904  0.59324765  0.19400534
  0.14181593 -0.14569868 -0.2568706  -0.2666912 ]","[-0.4386865794658661, 0.05864165723323822, -0.04523665830492973, -0.4410473108291626, 0.7441703081130981, 0.4442926049232483, 0.17553558945655823, -0.13748249411582947, 0.24242326617240906, -0.41411271691322327]"
960,7.4921875,"[ 4.90676761e-02 -9.98795450e-01  2.00000003e-01  0.00000000e+00
  0.00000000e+00 -8.39815140e-02  3.51498425e-02 -1.11715700e-02
 -6.66818619e-02  1.70242846e-01  9.27553177e-02 -3.13351452e-02
 -7.69488886e-02  5.10416031e-02 -1.91822469e-01  1.97801599e-03
  1.42857553e-02 -1.09891896e-03 -2.41756439e-03  3.07637965e-03
 -2.19821930e-04  1.29670147e-02 -7.69233704e-03 -6.59370446e-04
  1.57384097e-03 -7.79230773e-01  2.56689459e-01 -7.74807557e-02
  2.96652853e-01  2.33960485e+00  7.73433864e-01  4.49003965e-01
 -5.19697845e-01 -9.86783862e-01 -1.14928436e+00 -1.50902215e-02
 -8.74678791e-03 -1.03912398e-01 -9.51953139e-03  1.36841953e-01
 -1.13843955e-01]","[-0.19542693  0.0603273  -0.01741942  0.07618194  0.5841298   0.19325791
  0.10809924 -0.12764297 -0.24536055 -0.29026031]","[-0.44419845938682556, 0.036449331790208817, -0.031213903799653053, -0.4275413453578949, 0.7363094687461853, 0.4434468150138855, 0.1460169404745102, -0.12188531458377838, 0.25175124406814575, -0.43487757444381714]"
970,7.570312499999999,"[-4.27555084e-01 -9.03989315e-01  2.00000003e-01  0.00000000e+00
  0.00000000e+00 -7.94038773e-02  5.88009655e-02 -1.11715700e-02
 -6.78262711e-02  1.74774081e-01  9.35182571e-02 -9.97283868e-03
 -8.83929804e-02  4.76083755e-02 -1.88997984e-01  2.19821930e-04
  6.81314478e-03  6.59370446e-04 -1.53846748e-03  2.26193550e-03
  2.19821930e-04  9.01098270e-03 -3.29666142e-03 -4.61540231e-03
  3.13395238e-03 -8.12611699e-01  1.12954482e-01  1.61054432e-02
  4.00708079e-01  2.27647281e+00  7.72077143e-01  2.61429727e-01
 -4.15857911e-01 -8.98539662e-01 -1.29048920e+00 -3.55515517e-02
  5.48312615e-04 -8.03663023e-03 -1.39145665e-02  1.35531634e-01
 -1.21021681e-01]","[-0.20380576  0.02448753  0.00654425  0.10297263  0.56713223  0.19283083
  0.06041446 -0.10107537 -0.22187668 -0.32603106]","[-0.4523623585700989, 0.0011670116800814867, -0.008208364248275757, -0.40218499302864075, 0.7210848331451416, 0.4430846869945526, 0.09983623027801514, -0.09644082933664322, 0.27277353405952454, -0.4690585434436798]"
980,7.648437500000001,"[-8.03207517e-01 -5.95699310e-01  2.00000003e-01  0.00000000e+00
  0.00000000e+00 -7.97853470e-02  7.21533597e-02 -1.11715700e-02
 -6.66818619e-02  1.75175458e-01  9.31367874e-02  1.06274802e-02
 -9.06817988e-02  3.84531021e-02 -1.81803852e-01 -6.59370446e-04
  8.57143383e-03  2.19821930e-04  6.59370446e-04 -8.39021639e-04
 -1.53846748e-03  8.13188590e-03  2.19821930e-04 -7.25278864e-03
  3.14560579e-03 -8.49224567e-01 -4.98038866e-02  1.24636337e-01
  5.20680010e-01  2.19391179e+00  7.65170336e-01  3.69919240e-02
 -2.90424764e-01 -7.71342397e-01 -1.41800845e+00 -2.84114648e-02
 -6.61708415e-03  7.73196528e-03 -1.79931056e-02  1.35584131e-01
 -1.18551634e-01]","[-0.21317063 -0.01640544  0.03368726  0.13338934  0.5471155   0.19110987
  0.00478245 -0.06976666 -0.1896154  -0.35701495]","[-0.46145761013031006, -0.038426723331213, 0.0185763668268919, -0.3725794553756714, 0.7003310918807983, 0.44151797890663147, 0.04495171457529068, -0.06571096926927567, 0.3039572536945343, -0.5021228194236755]"
990,7.7265625,"[-9.8917651e-01 -1.4673047e-01  2.0000000e-01  0.0000000e+00
  0.0000000e+00 -8.1692696e-02  8.2453042e-02 -1.1171570e-02
 -6.3630104e-02  1.7161199e-01  9.2755318e-02  1.7112466e-02
 -8.7248571e-02  3.0822754e-02 -1.7481911e-01 -1.5384675e-03
  2.1982193e-04  2.1982193e-04 -2.1982193e-04 -2.5195151e-03
 -6.5937045e-04 -6.5937045e-04  3.2966614e-03 -3.2966614e-03
  2.4913976e-03 -8.8148856e-01 -1.9453262e-01  2.1248028e-01
  6.2910992e-01  2.1286409e+00  7.5865626e-01 -1.4129040e-01
 -1.7656651e-01 -6.3510787e-01 -1.5055543e+00 -2.0669987e-02
 -1.1342023e-02 -2.2500961e-03 -2.2005932e-02  1.3406800e-01
 -1.1863726e-01]","[-0.22109595 -0.05107643  0.05474038  0.1595503   0.5306642   0.18939391
 -0.03874782 -0.04185066 -0.15552181 -0.37758088]","[-0.46985477209091187, -0.07472440600395203, 0.041040144860744476, -0.34517955780029297, 0.6839136481285095, 0.4398065507411957, -0.000747507787309587, -0.03712557628750801, 0.33777010440826416, -0.5243703722953796]"
1000,7.8046875,"[-9.41544056e-01  3.36889863e-01  2.00000003e-01  0.00000000e+00
  0.00000000e+00 -8.62703323e-02  8.13086331e-02 -3.16070579e-03
 -6.17227554e-02  1.67527705e-01  9.35182571e-02  9.10160132e-03
 -8.07635859e-02  2.81524658e-02 -1.69229418e-01 -4.61540231e-03
 -3.73630528e-03  9.89007950e-03 -2.19821930e-04 -2.28674663e-03
  1.09891896e-03 -5.49449911e-03  7.69233704e-03 -1.09891896e-03
  8.14466679e-04 -8.98071051e-01 -2.76019007e-01  2.57719517e-01
  6.94091022e-01  2.06972051e+00  7.57151246e-01 -2.47024193e-01
 -1.02684036e-01 -5.30561268e-01 -1.55348110e+00  1.04241893e-02
  1.36060286e-02  8.13936368e-02 -2.42239665e-02  1.34337202e-01
 -1.16111189e-01]","[-0.22499663 -0.06840675  0.06422732  0.17477725  0.51700187  0.18935537
 -0.06046922 -0.02554114 -0.13129248 -0.38930374]","[-0.4745810329914093, -0.09714537858963013, 0.053622372448444366, -0.32710540294647217, 0.669461727142334, 0.4392150938510895, -0.02824312262237072, -0.01729620434343815, 0.3652471899986267, -0.5378235578536987]"
1010,7.8828125,"[-6.7155898e-01  7.4095112e-01  2.0000000e-01  0.0000000e+00
  0.0000000e+00 -9.1229439e-02  6.9101602e-02  7.5204466e-03
 -6.2104225e-02  1.6199544e-01  9.3136787e-02 -3.1063836e-03
 -7.0082434e-02  2.8533936e-02 -1.6968682e-01 -3.2966614e-03
 -9.4505316e-03  6.8131448e-03 -1.5384675e-03 -1.2079573e-03
 -1.0989190e-03 -6.8131448e-03  4.1758539e-03 -2.1982193e-04
  2.4423827e-04 -8.9550167e-01 -2.8641328e-01  2.6207995e-01
  7.2514558e-01  2.0476506e+00  7.6486760e-01 -2.5458971e-01
 -8.1538036e-02 -4.9165159e-01 -1.5573072e+00  1.0343013e-02
  3.4876794e-02  7.7140950e-02 -2.3494557e-02  1.3605696e-01
 -1.0843049e-01]","[-0.22344573 -0.07012555  0.06480855  0.18106441  0.5115527   0.19151005
 -0.06229819 -0.02096109 -0.12317035 -0.38887542]","[-0.47426801919937134, -0.10240305960178375, 0.05598493665456772, -0.31885749101638794, 0.6621382832527161, 0.4409220218658447, -0.034838974475860596, -0.010261867195367813, 0.37696605920791626, -0.5396314263343811]"
1020,7.960937499999999,"[-2.4298018e-01  9.7003126e-01  2.0000000e-01  0.0000000e+00
  0.0000000e+00 -9.7715378e-02  5.1934510e-02  1.9346008e-02
 -6.4774513e-02  1.6283560e-01  9.3136787e-02 -2.0272521e-02
 -5.9401281e-02  3.3112526e-02 -1.7423633e-01 -1.0989190e-03
 -9.4505316e-03  7.2527886e-03 -1.5384675e-03  1.5912676e-03
 -2.1982193e-04 -8.1318859e-03  3.7363053e-03  3.7363053e-03
 -3.1676900e-03 -8.7164861e-01 -1.9930346e-01  2.1116397e-01
  6.9816309e-01  2.0700777e+00  7.8144151e-01 -1.4061794e-01
 -1.3465767e-01 -5.4102314e-01 -1.5239670e+00  4.3166775e-02
  1.3187918e-02  8.0601379e-02 -1.9940300e-02  1.3862950e-01
 -1.0059659e-01]","[-0.21718612 -0.04689802  0.05117275  0.17332321  0.51845866  0.19578792
 -0.03170993 -0.03573869 -0.1374475  -0.3794934 ]","[-0.4688074290752411, -0.08287735283374786, 0.04455949366092682, -0.3241429328918457, 0.6666460037231445, 0.4448593854904175, -0.00899890623986721, -0.021600661799311638, 0.3666945695877075, -0.5322558283805847]"
1030,8.0390625,"[ 2.4298018e-01  9.7003126e-01  2.0000000e-01  0.0000000e+00
  0.0000000e+00 -9.7715378e-02  3.2479554e-02  2.5449524e-02
 -6.5155983e-02  1.6215295e-01  9.2755318e-02 -3.5149843e-02
 -5.2534826e-02  4.1504860e-02 -1.8418387e-01 -6.5937045e-04
 -8.1318859e-03 -6.5937045e-04 -6.5937045e-04 -6.0946314e-04
 -2.1982193e-04 -1.0989190e-03 -2.1982193e-04  3.2966614e-03
 -4.5437682e-03 -8.3101565e-01 -6.3006029e-02  1.3326083e-01
  6.3000590e-01  2.1314461e+00  7.9822624e-01  3.1163648e-02
 -2.3659937e-01 -6.5089643e-01 -1.4358792e+00  4.4214759e-02
  1.6759211e-02 -5.9786257e-03 -1.5183177e-02  1.4034522e-01
 -9.6019521e-02]","[-0.20670974 -0.01305838  0.03130022  0.1553971   0.535017    0.1998747
  0.01205075 -0.06189505 -0.16604662 -0.35629734]","[-0.4589232802391052, -0.04989581182599068, 0.025567643344402313, -0.3401266038417816, 0.6816077828407288, 0.44919493794441223, 0.03354354202747345, -0.0460914671421051, 0.3403511643409729, -0.5119059681892395]"
1040,8.1171875,"[ 6.7155898e-01  7.4095112e-01  2.0000000e-01  0.0000000e+00
  0.0000000e+00 -9.6189499e-02  1.3406066e-02  2.6593933e-02
 -6.5155983e-02  1.6320425e-01  9.1992378e-02 -5.0027162e-02
 -5.0246008e-02  4.7989845e-02 -1.9367409e-01  6.5937045e-04
 -9.0109827e-03  1.0989190e-03  6.5937045e-04 -3.3357897e-04
 -1.0989190e-03 -9.8900795e-03 -2.1982193e-04  3.7363053e-03
 -3.4785748e-03 -7.9158467e-01  1.1057755e-01  2.5121212e-02
  5.1303262e-01  2.2129438e+00  8.1064898e-01  2.6035342e-01
 -3.7799793e-01 -7.8853643e-01 -1.3241609e+00  2.3840917e-02
 -7.5388099e-03  7.2349720e-02 -1.0219775e-02  1.4116475e-01
 -9.3551360e-02]","[-0.19714633  0.03265679  0.00332743  0.12482838  0.5551501   0.20287384
  0.07132382 -0.09814559 -0.20038867 -0.3281034 ]","[-0.448536217212677, -0.005621299613267183, -0.0014119461411610246, -0.369112491607666, 0.7011433839797974, 0.45246410369873047, 0.09031856805086136, -0.08148809522390366, 0.30606409907341003, -0.483498752117157]"
1050,8.1953125,"[ 9.4154406e-01  3.3688986e-01  2.0000000e-01  0.0000000e+00
  0.0000000e+00 -9.5045090e-02  8.4469598e-03  2.3160705e-02
 -6.3248634e-02  1.6214350e-01  8.9322090e-02 -6.1089784e-02
 -4.7957189e-02  5.1804543e-02 -1.9926915e-01  1.0989190e-03
 -2.8571130e-03  2.1982193e-04  1.5384675e-03 -1.9528680e-03
 -6.5937045e-04 -3.2966614e-03  6.5937045e-04  1.0989190e-03
 -7.5080054e-04 -7.6346195e-01  2.5321838e-01 -7.0238225e-02
  3.8578260e-01  2.3118837e+00  8.0819339e-01  4.6551725e-01
 -5.0375491e-01 -9.1626644e-01 -1.1870711e+00  3.0622220e-02
 -5.7696220e-03 -3.5235614e-02 -5.1525785e-03  1.4060724e-01
 -8.8541105e-02]","[-0.18988541  0.06885624 -0.02000287  0.09281051  0.5787328   0.20171455
  0.12122259 -0.12942606 -0.23138016 -0.29215956]","[-0.4412669539451599, 0.031255219131708145, -0.025672463700175285, -0.4009297490119934, 0.72478848695755, 0.45244985818862915, 0.14188958704471588, -0.113398976624012, 0.27398374676704407, -0.4501708745956421]"
1060,8.2734375,"[ 9.8917651e-01 -1.4673047e-01  2.0000000e-01  0.0000000e+00
  0.0000000e+00 -9.3518257e-02  6.1581414e-03  2.3160705e-02
 -6.0578346e-02  1.6110960e-01  9.0085030e-02 -6.4142495e-02
 -4.9483068e-02  5.2567482e-02 -1.9956443e-01  6.5937045e-04
 -2.1982193e-04  2.1982193e-04  2.1982193e-04 -1.0962532e-04
 -6.5937045e-04  2.1982193e-04 -1.0989190e-03 -6.5937045e-04
  2.0371376e-04 -7.5142932e-01  3.4766173e-01 -1.3394800e-01
  2.8495860e-01  2.3583841e+00  7.9955363e-01  5.8468258e-01
 -5.8084631e-01 -9.9675941e-01 -1.0957900e+00 -1.6921474e-02
 -2.0333296e-02 -1.3767070e-02 -3.2146170e-03  1.3945459e-01
 -9.0661280e-02]","[-0.18783198  0.08888656 -0.03478157  0.06904945  0.5906415   0.1996296
  0.14857972 -0.14664981 -0.25082344 -0.27200675]","[-0.4377762973308563, 0.05599452927708626, -0.042614150792360306, -0.4271691143512726, 0.7386525869369507, 0.4500442445278168, 0.1746954321861267, -0.13421966135501862, 0.25234007835388184, -0.42504915595054626]"
1070,8.3515625,"[ 8.0320752e-01 -5.9569931e-01  2.0000000e-01  0.0000000e+00
  0.0000000e+00 -9.1229439e-02  6.9210809e-03  5.9945676e-03
 -6.1341286e-02  1.6186365e-01  9.0466499e-02 -5.8800966e-02
 -5.4060705e-02  5.2186012e-02 -1.9712192e-01  1.5384675e-03
  1.0989190e-03 -1.6483499e-02  1.5384675e-03  1.7349540e-03
  2.1982193e-04  6.3735964e-03 -3.7363053e-03  6.5937045e-04
  2.4130542e-03 -7.4929428e-01  3.7476897e-01 -1.5331703e-01
  2.3510689e-01  2.3848836e+00  7.8545880e-01  6.1827075e-01
 -6.0495299e-01 -1.0334271e+00 -1.0492438e+00 -1.6900476e-02
  1.2330262e-02 -8.9698143e-02 -3.9747083e-03  1.3859670e-01
 -9.5762923e-02]","[-0.18737236  0.09323211 -0.0381125   0.05814098  0.59589046  0.19597569
  0.15311721 -0.15097305 -0.25847858 -0.26177952]","[-0.43729719519615173, 0.06406673043966293, -0.048451997339725494, -0.44098082184791565, 0.7458266019821167, 0.44676050543785095, 0.18478357791900635, -0.141269713640213, 0.2420603632926941, -0.41266751289367676]"
1080,8.4296875,"[ 4.27555084e-01 -9.03989315e-01  2.00000003e-01  0.00000000e+00
  0.00000000e+00 -8.85591507e-02  1.79837029e-02 -1.07901003e-02
 -6.28671646e-02  1.64677024e-01  9.39006805e-02 -4.58309948e-02
 -6.77936152e-02  5.21860123e-02 -1.93397641e-01  1.09891896e-03
  1.07692722e-02 -2.41756439e-03 -1.97801599e-03  3.55073600e-03
 -2.19821930e-04  7.69233704e-03 -6.81314478e-03 -6.59370446e-04
  1.89783296e-03 -7.58474171e-01  3.36532682e-01 -1.30567014e-01
  2.44463220e-01  2.36787486e+00  7.75428653e-01  5.56522012e-01
 -5.77718079e-01 -1.02390933e+00 -1.07418621e+00 -3.00734527e-02
 -1.95469204e-02 -1.12955950e-01 -6.24328759e-03  1.39298782e-01
 -1.06392816e-01]","[-0.19022961  0.08115148 -0.03119679  0.06275432  0.5916685   0.19395278
  0.13610217 -0.14270997 -0.2553555  -0.2709105 ]","[-0.4390642046928406, 0.05573142319917679, -0.043615277856588364, -0.4397568106651306, 0.7426502704620361, 0.44394105672836304, 0.1715061515569687, -0.13562144339084625, 0.2433813512325287, -0.41704219579696655]"
1090,8.5078125,"[-4.9067676e-02 -9.9879545e-01  2.0000000e-01  0.0000000e+00
  0.0000000e+00 -8.3600044e-02  4.0490419e-02 -1.1171570e-02
 -6.6300392e-02  1.7097434e-01  9.4282150e-02 -2.7138976e-02
 -8.0000646e-02  5.1423073e-02 -1.9145310e-01  1.0989190e-03
  1.0329628e-02 -6.5937045e-04 -1.9780160e-03  2.0018960e-03
 -2.1982193e-04  9.0109827e-03 -5.9340480e-03 -2.4175644e-03
 -4.9902691e-04 -7.8484201e-01  2.2759730e-01 -5.9967555e-02
  3.1645167e-01  2.3289692e+00  7.7294338e-01  4.1413698e-01
 -5.0036210e-01 -9.7286630e-01 -1.1775177e+00 -3.3404954e-02
 -1.2614786e-02 -8.3746187e-02 -1.0048996e-02  1.3745950e-01
 -1.1569084e-01]","[-0.19686165  0.05357208 -0.01280264  0.0816119   0.58105606  0.19329867
  0.09938849 -0.12272321 -0.24134067 -0.29754177]","[-0.44548454880714417, 0.029867496341466904, -0.02704256772994995, -0.42311418056488037, 0.7334470748901367, 0.4433174133300781, 0.13747572898864746, -0.11734990775585175, 0.2550962567329407, -0.4414544999599457]"
