step,phase,obs,action_scaled,smoothed_joint_pos
0,,,,"[0.0, 0.0, 0.0, 0.0, 0.0, 0.0, 0.0, 0.0, 0.0, 0.0, 0.0, 0.0, 0.0, 0.0, 0.0, 0.0, 0.0, 0.0, 0.0, 0.0, 0.0, 0.0]"
10,0.0625,"[ 3.82683426e-01  9.23879504e-01  2.00000003e-01  0.00000000e+00
  0.00000000e+00 -3.10897827e-03 -4.90543433e-03 -4.68658470e-03
 -3.69272232e-02  7.43889809e-02  2.62539759e-02  1.20162964e-03
 -3.86932306e-03 -5.23162819e-03  2.58636475e-02 -1.20886385e-01
  5.07995579e-03 -6.29425049e-03  7.05718994e-03  7.68671036e-02
  1.27603531e-01 -3.26166153e-02  6.55755997e-02  4.55865860e-02
  7.26709366e-02  2.91824341e-02 -4.26874161e-02 -2.19821930e-04
 -2.19821930e-04 -2.19821930e-04 -2.19821930e-04  1.13610447e-04
 -1.16883848e-06 -6.59370446e-04 -2.19821930e-04 -6.59370446e-04
 -2.19821930e-04  1.08984219e-04 -3.86763451e-04  2.19821930e-04
 -6.59370446e-04  2.19821930e-04 -2.19821930e-04 -1.09891896e-03
 -6.59370446e-04 -2.19821930e-04 -6.59370446e-04 -2.19821930e-04
 -2.19821930e-04 -5.61216474e-01  1.54711276e-01  1.04660794e-01
  3.04407865e-01  1.65084273e-01 -2.44839758e-01  3.05478513e-01
 -1.43266886e-01 -3.20434645e-02  1.69896856e-01 -4.27501678e-01
  4.33114022e-01 -4.16667126e-02  9.57587138e-02  5.28205559e-02
 -9.78243575e-02  2.59551764e-01  3.34671676e-01 -6.02916837e-01
 -1.98503345e-01 -5.28657258e-01 -6.25611544e-01 -1.43333420e-03
  2.41658278e-03 -1.66539307e-04  2.27413718e-02  8.00675806e-03
 -9.99709249e-01]","[-0.02406161 -0.00283138  0.02557098 -0.04214466  0.05458879 -0.16460262
 -0.00253962 -0.02236185  0.00988523 -0.03878242 -0.13165267  0.10450389
 -0.17790431 -0.02620784 -0.04040449 -0.00525857 -0.05978109  0.11942656
  0.00930743 -0.01616589  0.16912076 -0.1557038 ]","[-0.25165337324142456, -0.006905110087245703, 0.005648571066558361, -0.40587812662124634, 0.15531562268733978, -0.09822649508714676, 0.22659045457839966, 0.007138533517718315, 0.0039187343791127205, 0.37874382734298706, -0.1969485580921173, 0.09850911796092987, -0.032377660274505615, -0.002903843065723777, -0.020121311768889427, -0.01719828136265278, 0.004000859335064888, -0.7169970273971558, -0.05051726847887039, -0.03109596110880375, 0.011478185653686523, 0.6669954061508179]"
20,0.140625,"[ 7.73010433e-01  6.34393275e-01  2.00000003e-01  0.00000000e+00
  0.00000000e+00 -3.10897827e-03 -4.90543433e-03 -4.68658470e-03
 -3.69272232e-02  7.43889809e-02  2.62539759e-02  1.20162964e-03
 -3.86932306e-03 -5.23162819e-03  2.58636475e-02 -1.20886385e-01
  5.07995579e-03 -6.29425049e-03  7.05718994e-03  7.68671036e-02
  1.27603531e-01 -3.26166153e-02  6.55755997e-02  4.55865860e-02
  7.26709366e-02  2.91824341e-02 -4.26874161e-02 -6.59370446e-04
  2.19821930e-04 -2.19821930e-04  2.19821930e-04  2.26484102e-04
  1.99674352e-04 -2.19821930e-04  2.19821930e-04  2.19821930e-04
 -2.19821930e-04  1.08984219e-04 -3.86763451e-04 -2.19821930e-04
 -2.19821930e-04 -6.59370446e-04 -2.19821930e-04 -6.59370446e-04
 -6.59370446e-04 -2.19821930e-04 -2.19821930e-04  2.19821930e-04
  2.19821930e-04 -9.85693410e-02  1.98358133e-01  5.13348989e-02
 -2.63326377e-01  1.55259162e-01 -4.90882456e-01 -7.08354235e-01
 -3.40409070e-01  1.47182003e-01 -4.66182172e-01 -5.26588738e-01
  1.20947123e+00 -1.24154091e+00 -7.47492686e-02 -4.62952942e-01
 -2.83530116e-01  2.49562591e-01  3.22685480e-01 -6.94932491e-02
 -4.83898938e-01 -3.96952212e-01 -3.32184762e-01 -1.32679939e-04
  3.22575239e-03 -5.88525036e-05  2.27581393e-02  8.01840983e-03
 -9.99708891e-01]","[ 0.11737141 -0.03574714  0.05681187  0.0105492  -0.01616883 -0.13709332
  0.18297575 -0.06110547 -0.00767163 -0.1515062  -0.15062958  0.27023685
  0.60013807  0.00596898  0.02806157  0.04406799  0.00690161  0.05020193
  0.00891312 -0.01501712  0.04048282 -0.12593071]","[-0.26698026061058044, -0.03715122491121292, 0.019323866814374924, -0.49694153666496277, 0.17788060009479523, -0.13266022503376007, 0.2986903786659241, -0.014899708330631256, 0.017753751948475838, 0.4522102475166321, -0.2924598455429077, 0.1963903158903122, 0.06627188622951508, -0.0024084323085844517, -0.010147253051400185, -0.008625704795122147, 0.0073017096146941185, -0.9194713234901428, -0.03163471445441246, -0.03616129234433174, 0.007649865001440048, 0.8757014870643616]"
30,0.21875000000000003,"[ 9.80785251e-01  1.95090324e-01  2.00000003e-01  0.00000000e+00
  0.00000000e+00 -3.10897827e-03 -4.90543433e-03 -4.68658470e-03
 -3.69272232e-02  7.44881630e-02  2.60776561e-02  1.20162964e-03
 -3.86932306e-03 -5.23162819e-03  2.58636475e-02 -1.20886385e-01
  5.07995579e-03 -6.29425049e-03  7.05718994e-03  7.68671036e-02
  1.27603531e-01 -3.26166153e-02  6.55755997e-02  4.55865860e-02
  7.26709366e-02  2.91824341e-02 -4.26874161e-02  2.19821930e-04
 -2.19821930e-04  2.19821930e-04  2.19821930e-04 -7.03532294e-07
  2.02040028e-04 -2.19821930e-04 -6.59370446e-04 -6.59370446e-04
 -2.19821930e-04 -1.10496105e-04 -1.15615046e-06 -2.19821930e-04
 -2.19821930e-04 -2.19821930e-04 -6.59370446e-04 -2.19821930e-04
 -6.59370446e-04 -2.19821930e-04  6.59370446e-04 -6.59370446e-04
 -2.19821930e-04  5.40664978e-03 -5.60152769e-01 -9.53170806e-02
  4.07515705e-01 -3.23820502e-01 -3.57733935e-01  9.14791405e-01
 -1.22342192e-01 -3.81804854e-02  1.07434310e-01 -6.16717756e-01
  4.86089885e-01  2.37417078e+00  1.24392375e-01  5.17428994e-01
 -6.15962073e-02  1.26083747e-01  7.44597465e-02 -6.92016035e-02
 -2.56811917e-01 -9.53996420e-01 -1.92373484e-01 -4.72008577e-03
 -1.13184610e-03 -2.24861247e-03  2.27249004e-02  8.07454716e-03
 -9.99709249e-01]","[-0.2828332  -0.09096187  0.08891401  0.12757812 -0.04752109 -0.06333373
  0.14616776  0.05326835 -0.0078391   0.2645832  -0.1267381   0.00533787
 -0.4562762   0.00829823  0.00817534 -0.00306121 -0.02592288  0.0442048
 -0.10703471  0.11149964  0.1304979  -0.05548694]","[-0.3202935755252838, -0.08848141133785248, 0.03477812930941582, -0.4417068362236023, 0.11069035530090332, -0.1172591894865036, 0.36820438504219055, 0.00032214337261393666, 0.0129696074873209, 0.5438851714134216, -0.2885548770427704, 0.15476380288600922, 0.05953475087881088, 0.009974677115678787, 0.02254137396812439, -0.004121324513107538, 0.005896562244743109, -0.9478633403778076, -0.050702836364507675, -0.0026553100906312466, -0.004566398914903402, 0.9203111529350281]"
40,0.296875,"[ 9.56940353e-01 -2.90284663e-01  2.00000003e-01  0.00000000e+00
  0.00000000e+00 -3.10897827e-03 -4.90543433e-03 -4.68658470e-03
 -3.69272232e-02  7.44881630e-02  2.60776561e-02  1.20162964e-03
 -3.86932306e-03 -5.23162819e-03  2.58636475e-02 -1.20886385e-01
  5.07995579e-03 -6.29425049e-03  7.05718994e-03  7.68671036e-02
  1.27603531e-01 -3.26166153e-02  6.55755997e-02  4.55865860e-02
  7.26709366e-02  2.91824341e-02 -4.26874161e-02  2.19821930e-04
 -1.09891896e-03  2.19821930e-04 -6.59370446e-04  1.13604729e-04
 -1.15355840e-06 -2.19821930e-04  2.19821930e-04  2.19821930e-04
 -2.19821930e-04 -1.11960064e-04 -3.89075256e-04  2.19821930e-04
 -6.59370446e-04 -6.59370446e-04  6.59370446e-04 -6.59370446e-04
 -2.19821930e-04  2.19821930e-04 -2.19821930e-04  2.19821930e-04
  2.19821930e-04 -1.04604113e+00 -2.11317733e-01  3.58730376e-01
  4.57023054e-01 -9.96554494e-02 -1.24226585e-02 -1.86884791e-01
  5.43323159e-02 -6.57805949e-02  7.11654902e-01 -3.71799827e-01
  3.11672181e-01 -2.36866164e+00  3.55616547e-02 -2.33035594e-01
 -4.00375009e-01 -1.33849129e-01  1.60068393e-01 -1.93608165e-01
 -3.15504581e-01  3.10656548e-01 -7.32365996e-02  7.65693432e-04
  1.46686193e-03 -3.93048140e-05  2.27363985e-02  8.18802789e-03
 -9.99707818e-01]","[ 0.15174492  0.02914393  0.0381148  -0.11558322  0.00517276 -0.16880852
 -0.01521094 -0.11827876  0.05188229 -0.22794789 -0.13712601  0.361726
  0.3123996  -0.01637766 -0.12700711  0.01202188  0.05891764  0.0526615
  0.01167403 -0.07370383  0.01957234 -0.05953324]","[-0.3180793821811676, -0.07758728414773941, 0.03818534314632416, -0.46190086007118225, 0.129118412733078, -0.10343309491872787, 0.30847468972206116, -0.010790838859975338, 0.023859752342104912, 0.5282635688781738, -0.28540968894958496, 0.16653777658939362, -0.03829832002520561, -3.044102413696237e-05, -0.02198616974055767, -0.015531971119344234, 0.01135725062340498, -0.9548580050468445, -0.03521260991692543, -0.026098337024450302, 0.0190072413533926, 0.9538647532463074]"
50,0.375,"[ 7.07106769e-01 -7.07106769e-01  2.00000003e-01  0.00000000e+00
  0.00000000e+00 -3.10897827e-03 -4.90543433e-03 -4.68658470e-03
 -3.69272232e-02  7.44881630e-02  2.60776561e-02  1.20162964e-03
 -3.86932306e-03 -5.23162819e-03  2.58636475e-02 -1.20886385e-01
  5.07995579e-03 -6.29425049e-03  7.05718994e-03  7.68671036e-02
  1.27603531e-01 -3.26166153e-02  6.55755997e-02  4.55865860e-02
  7.26709366e-02  2.91824341e-02 -4.26874161e-02 -6.59370446e-04
  2.19821930e-04 -6.59370446e-04 -6.59370446e-04  1.13604729e-04
 -1.15355840e-06 -6.59370446e-04 -6.59370446e-04 -6.59370446e-04
  2.19821930e-04 -1.11960064e-04 -3.89075256e-04 -2.19821930e-04
 -6.59370446e-04 -2.19821930e-04  6.59370446e-04  2.19821930e-04
 -2.19821930e-04  6.59370446e-04 -6.59370446e-04 -2.19821930e-04
 -2.19821930e-04  4.76697147e-01  1.15913115e-02  1.23810127e-01
 -2.99905360e-01  7.44384304e-02 -2.85606831e-01  2.79064447e-01
 -3.39960217e-01  4.72340211e-02 -6.66222930e-01 -4.58629847e-01
  1.12275290e+00  2.12529945e+00  8.02303292e-03 -2.86831647e-01
 -1.83763638e-01  9.09234732e-02  7.90640861e-02  1.33227319e-01
 -3.80067706e-01 -5.26973128e-01 -6.87539130e-02  4.67922771e-04
  4.22596559e-03 -3.16785974e-03  2.27688905e-02  8.20257328e-03
 -9.99706984e-01]","[-0.21271254 -0.04045514 -0.04885263  0.2646422  -0.0316756   0.128537
  0.2187069  -0.01047339  0.00085961  0.294081   -0.12595533 -0.18524365
 -0.0390451   0.03216803  0.14582399  0.02902502 -0.0140254   0.04998628
 -0.19193551  0.13120705 -0.03977836 -0.04172701]","[-0.30143746733665466, -0.057385530322790146, 0.0036351352464407682, -0.43439093232154846, 0.1363811045885086, -0.029897481203079224, 0.3369205594062805, -0.019405359402298927, 0.02248753048479557, 0.5451005697250366, -0.2784612774848938, 0.08278127759695053, 0.09158655256032944, 0.0026083877310156822, 0.0037940815091133118, -0.005927188787609339, 0.010809564962983131, -0.9582293033599854, -0.049306176602840424, -0.007115844637155533, -0.020295297726988792, 0.9671822190284729]"
60,0.45312499999999994,"[ 2.90284663e-01 -9.56940353e-01  2.00000003e-01  0.00000000e+00
  0.00000000e+00 -3.10897827e-03 -4.90543433e-03 -4.68658470e-03
 -3.69272232e-02  7.44881630e-02  2.60776561e-02  1.20162964e-03
 -3.86932306e-03 -5.23162819e-03  2.58636475e-02 -1.20981604e-01
  5.24725020e-03 -6.29425049e-03  7.43865967e-03  7.68671036e-02
  1.27603531e-01 -3.26166153e-02  6.55755997e-02  4.55865860e-02
  7.26709366e-02  2.91824341e-02 -4.26874161e-02 -2.19821930e-04
 -6.59370446e-04 -2.19821930e-04 -2.19821930e-04 -7.03532294e-07
  2.02040028e-04 -1.09891896e-03  6.59370446e-04 -2.19821930e-04
  6.59370446e-04 -7.54898906e-07 -1.93962609e-04 -2.19821930e-04
  2.19821930e-04 -2.19821930e-04 -2.19821930e-04 -6.59370446e-04
 -6.59370446e-04 -2.19821930e-04 -2.19821930e-04 -6.59370446e-04
  2.19821930e-04 -8.36883962e-01  1.22887880e-01 -2.84671217e-01
  1.12616754e+00 -1.83096215e-01  8.20301950e-01  3.28866839e-01
 -1.13439441e-01  5.68360537e-02  1.01968813e+00 -2.94678748e-01
 -6.31442904e-01 -1.21426320e+00  1.91443682e-01  1.86383188e-01
 -2.77771682e-01 -8.71711373e-02  2.39965484e-01 -9.01813626e-01
  1.62491336e-01 -7.67626241e-02 -1.75722241e-01  8.91486779e-02
  2.47081414e-01 -2.42895372e-02  2.43812650e-02  7.55652785e-03
 -9.99674201e-01]","[-0.07750051  0.03464217  0.04881724 -0.15043834  0.07573598 -0.16473219
 -0.07995301 -0.00690547  0.02600038 -0.09009459 -0.0561116   0.00317904
 -0.16552052 -0.06335642 -0.09457026  0.04301297  0.03995415  0.06075243
  0.03227742 -0.1300796   0.10109451 -0.02692146]","[-0.3434555232524872, -0.020285122096538544, -0.011112548410892487, -0.43735000491142273, 0.16190196573734283, 0.01601235382258892, 0.2953510284423828, 0.006161758676171303, 0.013880526646971703, 0.5615400075912476, -0.23366914689540863, -0.030669424682855606, -0.04751887544989586, -0.005719160661101341, -0.001496960991062224, -0.004909064620733261, 0.0052018738351762295, -0.9525630474090576, -0.05850403383374214, -0.016318412497639656, 0.006200816016644239, 0.9736946821212769]"
70,0.53125,"[-1.9509032e-01 -9.8078525e-01  2.0000000e-01  0.0000000e+00
  0.0000000e+00 -2.7141571e-02 -7.0831366e-04 -3.9236452e-03
 -3.1204224e-02  7.3899016e-02  2.5382113e-02  4.7360420e-02
 -6.5396111e-03 -5.9945676e-03  5.3711891e-02 -1.3285005e-01
  1.6261283e-02  2.0980835e-03  7.4386597e-03  7.6867104e-02
  1.2531471e-01 -3.2616615e-02  6.5957069e-02  4.5586586e-02
  7.2289467e-02  2.8419495e-02 -4.2687416e-02 -2.9670333e-02
  1.5604401e-02 -1.9780160e-03  1.0989190e-03 -1.4677061e-03
 -2.8151562e-03  5.6043912e-02  1.5604401e-02 -6.8131448e-03
  2.5714302e-02 -8.2752723e-03  6.1374987e-03 -2.4175644e-03
 -6.5937045e-04  6.5937045e-04 -3.2966614e-03 -2.1982193e-04
 -2.1982193e-04 -2.1982193e-04  6.5937045e-04 -2.1982193e-04
 -2.1982193e-04 -9.4274312e-01  2.0988751e-02  2.1759681e-01
 -5.6459504e-01  7.9756927e-01 -3.8216490e-01 -2.2769757e-02
  4.2998976e-01 -2.3556532e-01 -3.4048907e-02  1.4451246e-01
 -5.0754666e-02  7.8289956e-01 -2.3462570e-01 -1.9100809e-01
 -1.3724256e-01 -8.7571271e-02  1.2955169e-01  2.4685383e-01
 -5.0609261e-01  6.4485058e-02 -2.2312172e-02  2.4712464e-01
  5.1402533e-01  8.8430487e-02  4.8290953e-02 -3.1557214e-03
 -9.9882841e-01]","[ 0.04874253  0.0937246  -0.15384182  0.2937673   0.02645975  0.38383147
  0.00704298  0.02503883 -0.1123607   0.10310848  0.10516728 -0.21440803
  0.05233143  0.0237195   0.0625274  -0.06387569 -0.00387968  0.01941667
 -0.09283322  0.1700983  -0.09044065  0.00498429]","[-0.3264325261116028, 0.013080865144729614, -0.040066029876470566, -0.4538975656032562, 0.2254016399383545, 0.0949040874838829, 0.24411170184612274, 0.080277219414711, -0.04679854214191437, 0.530982494354248, -0.11223360896110535, -0.08059803396463394, 0.016384195536375046, -0.012040444649755955, -0.010042155161499977, -0.024702200666069984, 0.0025643473491072655, -0.9648008942604065, -0.02456509694457054, -0.0072469646111130714, -0.004722983576357365, 0.9882105588912964]"
80,0.609375,"[-6.34393275e-01 -7.73010433e-01  2.00000003e-01  0.00000000e+00
  0.00000000e+00 -5.57527542e-02  1.41690057e-02 -4.30511497e-03
 -2.16674805e-02  7.07510114e-02  2.18960680e-02  7.71150589e-02
  5.66837378e-03 -5.23162819e-03  7.43112564e-02 -1.35971606e-01
 -5.04795462e-05 -1.20162964e-02  7.05718994e-03  7.64856339e-02
  1.25314713e-01 -3.26166153e-02  6.59570694e-02  4.36792374e-02
  7.26709366e-02  2.88009644e-02 -4.30688858e-02 -1.86813362e-02
  1.97801599e-03 -2.19821930e-04  1.12088202e-02  8.22954189e-06
 -3.44396080e-03  1.60439499e-02  1.38461115e-02  1.42857553e-02
 -1.09891896e-03 -3.40140285e-03 -5.74751105e-03 -3.53846550e-02
 -1.09891896e-03 -2.19821930e-04  3.29666142e-03  2.19821930e-04
 -2.19821930e-04  1.97801599e-03 -2.19821930e-04 -2.19821930e-04
 -2.19821930e-04 -2.66152680e-01  5.30682266e-01 -4.47644293e-01
  1.22102642e+00  4.60801367e-03  1.43286264e+00 -2.72809476e-01
  1.16912402e-01 -1.87903926e-01  2.26351932e-01  5.70058107e-01
 -5.33733726e-01 -1.32694185e+00  3.00362736e-01 -5.51572964e-02
 -9.19166133e-02  3.63710932e-02  1.24422699e-01 -1.03991783e+00
 -1.34276539e-01 -2.26516835e-02 -1.02107942e-01 -2.25814879e-02
  1.24891974e-01  2.57179379e-01  6.36928752e-02 -5.70713775e-03
 -9.97953176e-01]","[-0.41500068 -0.04211033  0.04955031 -0.20655422  0.2769062  -0.18526606
 -0.00787349  0.21316263 -0.08458897  0.00553492  0.07260883 -0.18067393
 -0.03117371 -0.08438239  0.0256823   0.00406959  0.00158472  0.01406094
  0.02259016 -0.12619062  0.07719654 -0.00801852]","[-0.40102747082710266, -0.00041501448140479624, -0.04633242264389992, -0.46741145849227905, 0.26568174362182617, 0.11943064630031586, 0.2558441162109375, 0.15390677750110626, -0.08324296027421951, 0.5367156863212585, -0.054405711591243744, -0.14720195531845093, -0.022306570783257484, -0.012317897751927376, 0.012635027058422565, -0.03114098496735096, 0.0002653326955623925, -0.9864380955696106, -0.04787632077932358, -0.01643192581832409, -0.0008351122960448265, 1.0005179643630981]"
90,0.6875,"[-9.2387950e-01 -3.8268343e-01  2.0000000e-01  0.0000000e+00
  0.0000000e+00 -5.4608345e-02  1.4169006e-02 -1.3460388e-02
 -8.3160400e-03  7.3380962e-02  3.1527746e-02  6.1856270e-02
  1.5586587e-02 -7.5204466e-03  5.9815407e-02 -1.3226897e-01
 -1.1954578e-03 -2.5367737e-02  7.0571899e-03  7.6485634e-02
  1.2531471e-01 -3.2616615e-02  6.5957069e-02  4.4442177e-02
  7.2670937e-02  2.8800964e-02 -4.2687416e-02  1.2967015e-02
 -7.2527886e-03 -3.7363053e-03  1.2967015e-02 -1.9886100e-03
  1.1753783e-02 -2.0439530e-02 -8.5714338e-03 -7.2527886e-03
 -1.7362595e-02 -1.3183969e-03 -1.7309891e-03  2.4175644e-03
 -6.5937045e-04 -1.0989190e-03 -1.0989190e-03 -2.1982193e-04
  2.1982193e-04  2.1982193e-04 -2.1982193e-04 -2.1982193e-04
  1.0989190e-03 -7.8794587e-01 -9.7430795e-02  1.6920845e-01
 -6.3453543e-01  7.9857802e-01 -1.0663718e-03  5.6063461e-01
  7.4645346e-01 -6.2655729e-01  6.2683210e-02  1.3771424e-01
 -4.0761459e-01  1.7225100e+00 -3.7057585e-01 -1.6166550e-01
 -3.8071242e-01  7.1619302e-02  2.0522028e-03  6.1142606e-01
 -4.2814016e-04 -1.9380228e-01  6.8794012e-02 -5.1933546e-02
  1.2980264e-01  2.9217330e-01  6.4510047e-02 -7.1140453e-03
 -9.9789178e-01]","[ 0.01369976  0.15812284 -0.13518682  0.3487095  -0.01970359  0.39857894
 -0.06035604  0.02477379 -0.08744857  0.05073367  0.15513547 -0.14519413
 -0.19556703  0.06819383  0.03429385 -0.03725488 -0.04441185  0.03669034
 -0.25572574  0.08750548 -0.05622813 -0.02802519]","[-0.38537147641181946, 0.001651659607887268, -0.03761190548539162, -0.49490663409233093, 0.2533020079135895, 0.0973331555724144, 0.28261157870292664, 0.17764507234096527, -0.09629886597394943, 0.5139222145080566, -0.06132709980010986, -0.1213708221912384, 0.020031651481986046, -0.01627332717180252, 0.003294155700132251, -0.04305107891559601, -0.007315656170248985, -0.9853765368461609, -0.04017825797200203, -0.006192825734615326, -0.006498356349766254, 0.9986058473587036]"
100,0.765625,"[-9.9518472e-01  9.8017141e-02  2.0000000e-01  0.0000000e+00
  0.0000000e+00 -7.5207710e-02  7.3025506e-03 -1.4604798e-02
 -2.0904541e-02  7.8111500e-02  4.5616403e-02  6.4145088e-02
  9.8645408e-03 -2.5068054e-02  5.7908058e-02 -1.3170016e-01
 -2.5249710e-03 -2.3078918e-02  7.0571899e-03  7.7248573e-02
  1.2684059e-01 -3.2616615e-02  6.5575600e-02  4.5586586e-02
  7.2670937e-02  2.8800964e-02 -4.1543007e-02 -1.9999981e-02
 -8.5714338e-03 -2.1982193e-04 -1.4725304e-02  5.0193802e-03
  9.1335252e-03  1.0329628e-02 -5.4944991e-03 -5.9340480e-03
 -6.5937045e-04  2.1907434e-04 -1.9122145e-04  7.2527886e-03
 -2.1982193e-04  2.1982193e-04 -2.1982193e-04 -2.1982193e-04
 -2.1982193e-04  2.1982193e-04  2.1982193e-04  2.1982193e-04
  6.5937045e-04 -5.9918302e-01  2.5931948e-01 -1.2432361e-01
  2.0590115e-01  1.4740036e-01  4.9068752e-01 -2.0764077e-01
  5.2360559e-01 -6.6537485e-02 -2.3795322e-02  5.2875435e-01
 -3.9294690e-01 -1.7035673e+00  2.1707538e-01 -6.7758240e-02
  7.4258178e-02  1.5595122e-01  1.5156257e-01 -9.4630474e-01
 -5.4808831e-01  3.5366821e-01 -2.3513655e-01 -7.6028578e-02
  2.3511510e-01  1.3105629e-01  7.4327640e-02 -4.4826986e-03
 -9.9722385e-01]","[-0.34913775 -0.02896395  0.03497091 -0.19101553  0.26621878 -0.12409344
  0.0268481   0.20187853 -0.09958187  0.01865686  0.06196563 -0.12239204
  0.19971573 -0.08202399 -0.02521036 -0.05033317 -0.00450972  0.02943803
  0.07769961 -0.05226316  0.00911661 -0.04065033]","[-0.41655460000038147, 0.007685146294534206, -0.03642357513308525, -0.5000508427619934, 0.2657286822795868, 0.0728733092546463, 0.2604601979255676, 0.18284009397029877, -0.08096563816070557, 0.518907368183136, -0.045052558183670044, -0.12698183953762054, -0.03522571176290512, -0.011261222884058952, -0.0037370435893535614, -0.039092570543289185, -0.004431859590113163, -0.9750943779945374, -0.06715801358222961, -0.020935574546456337, 5.025714563089423e-05, 0.9729454517364502]"
110,0.84375,"[-8.31469595e-01  5.55570245e-01  2.00000003e-01  0.00000000e+00
  0.00000000e+00 -9.00850296e-02  6.53961115e-03 -1.42233279e-02
 -3.04412842e-02  8.21345598e-02  4.60349470e-02  7.63521194e-02
  8.33866186e-03 -3.38418558e-02  5.48563004e-02 -1.30745560e-01
 -8.55812803e-04 -9.72747803e-03  7.05718994e-03  7.64856339e-02
  1.26459122e-01 -3.26166153e-02  6.55755997e-02  4.55865860e-02
  7.26709366e-02  2.88009644e-02 -4.15430069e-02 -9.89007950e-03
  2.41756439e-03 -2.85711302e-03 -2.85711302e-03  5.94169786e-03
 -7.18293106e-03  1.03296284e-02 -1.09891896e-03 -1.20879179e-02
 -3.29666142e-03  2.42094719e-03  3.65944207e-03  1.07692722e-02
 -2.19821930e-04  2.19821930e-04  2.19821930e-04 -6.59370446e-04
  6.59370446e-04 -1.97801599e-03  2.19821930e-04 -2.19821930e-04
  2.19821930e-04 -2.84640472e-02  7.07426816e-02  1.97477601e-02
 -3.21091175e-01  4.09584343e-01  4.16902095e-01  5.80675483e-01
  5.36047935e-01 -6.18617356e-01  1.16145864e-01  2.32591793e-01
 -2.80824542e-01  1.78574836e+00 -2.39311874e-01 -1.87791348e-01
 -4.66050744e-01  6.57081455e-02  1.20081991e-01  5.06461799e-01
  4.99032617e-01 -4.77153599e-01 -1.14438221e-01 -7.69603625e-02
  1.94460377e-01  2.06041541e-02  8.45368430e-02 -3.90979322e-03
 -9.96412754e-01]","[-0.12201673  0.11616822 -0.04568377  0.19403403  0.01200862  0.19926609
 -0.02974968  0.03566916 -0.0207019   0.04139042  0.13746384 -0.07783419
 -0.3881855   0.07483726 -0.01514126  0.00220703 -0.00151819  0.07542998
 -0.28561315 -0.06526979  0.03652117 -0.11888739]","[-0.4058191478252411, 0.009160235524177551, -0.025559687986969948, -0.5064746737480164, 0.26274824142456055, 0.053777970373630524, 0.2783115804195404, 0.16019310057163239, -0.07085566967725754, 0.5238322615623474, -0.05493834242224693, -0.09425008296966553, -0.01149173267185688, -0.012398340739309788, -0.02111045829951763, -0.04711247980594635, -0.00033068080665543675, -0.9560315012931824, -0.06329842656850815, -0.010473296046257019, -0.01350791659206152, 0.9364914298057556]"
120,0.9218749999999999,"[-4.71396744e-01  8.81921291e-01  2.00000003e-01  0.00000000e+00
  0.00000000e+00 -1.04963303e-01  7.68402033e-03 -1.15530398e-02
 -4.07419205e-02  8.70930701e-02  3.86148505e-02  7.71150589e-02
  8.72013159e-03 -3.30789164e-02  4.64639664e-02 -1.27393007e-01
  4.67770547e-03 -7.82012939e-03  7.05718994e-03  7.64856339e-02
  1.26459122e-01 -3.26166153e-02  6.55755997e-02  4.55865860e-02
  7.26709366e-02  2.88009644e-02 -4.19244766e-02 -1.03296284e-02
 -6.59370446e-04  3.29666142e-03 -1.29670147e-02  4.45215311e-03
 -7.69057358e-03 -1.09891896e-03  6.59370446e-04  6.37359638e-03
 -1.07692722e-02  9.98602598e-04  2.32236506e-03 -2.19821930e-04
 -2.19821930e-04  2.19821930e-04 -6.59370446e-04  2.19821930e-04
 -2.19821930e-04  2.19821930e-04 -6.59370446e-04 -2.19821930e-04
 -6.59370446e-04 -9.69590843e-01  8.80800337e-02  6.01781644e-02
 -4.40101683e-01  3.11224997e-01 -2.94876695e-01 -2.68026918e-01
  4.29454535e-01  5.29832244e-02 -1.24747731e-01  3.28657329e-01
 -1.82100385e-01 -1.76855290e+00  4.63102609e-02 -2.18455434e-01
  1.21856414e-01 -8.37494805e-03  3.28874350e-01 -5.43977797e-01
 -7.04875588e-01  5.41586041e-01 -5.75922728e-01 -1.16315074e-01
  1.48520365e-01  3.03460211e-02  9.25635993e-02  1.86706078e-03
 -9.95704889e-01]","[-0.08030576  0.01916445 -0.0035053  -0.10746562  0.1419674  -0.03581319
  0.0461668   0.05761911 -0.07515873 -0.03711455  0.04037521  0.06418493
  0.42346358 -0.05700439 -0.08747441 -0.08963353  0.0165759   0.06826489
  0.08280141  0.00815461 -0.07176245 -0.09968244]","[-0.38529887795448303, 0.012938112020492554, -0.024164635688066483, -0.5175297856330872, 0.24476274847984314, 0.009376941248774529, 0.2603614330291748, 0.10912272334098816, -0.03607811778783798, 0.5010619759559631, -0.06865471601486206, -0.034115422517061234, -0.03330891579389572, -0.008367901667952538, -0.04422154277563095, -0.036942679435014725, 0.004375305492430925, -0.9274798035621643, -0.0720970630645752, -0.0396389402449131, 0.0034087218809872866, 0.8905542492866516]"
130,1.0,"[-2.44929371e-16  1.00000000e+00  2.00000003e-01  0.00000000e+00
  0.00000000e+00 -1.15262985e-01  1.37875360e-02 -6.59393333e-03
 -5.18045425e-02  9.52742845e-02  2.37937924e-02  7.78779984e-02
  1.29162986e-02 -3.19345072e-02  4.03604507e-02 -1.25439376e-01
  1.30746141e-02 -7.82012939e-03  7.05718994e-03  7.64856339e-02
  1.26459122e-01 -3.26166153e-02  6.59570694e-02  4.55865860e-02
  7.26709366e-02  2.88009644e-02 -4.38318253e-02 -8.13188590e-03
  8.13188590e-03 -6.59370446e-04 -1.03296284e-02  8.23715981e-03
 -1.31785516e-02  2.19821930e-04  6.81314478e-03 -1.53846748e-03
 -5.49449911e-03 -1.58818276e-03  9.62272752e-03 -6.59370446e-04
 -2.19821930e-04 -2.19821930e-04  2.19821930e-04 -6.59370446e-04
  2.19821930e-04 -1.09891896e-03  6.59370446e-04 -6.59370446e-04
 -1.53846748e-03  2.65415967e-01 -5.32184914e-03 -2.18124576e-02
 -4.28447314e-02 -6.85929041e-03  1.41290501e-01  5.93313694e-01
 -8.54916871e-03 -2.11446360e-01 -1.03392310e-01  1.21848062e-01
  3.05045962e-01  1.81147397e+00 -2.16210447e-03 -5.10329902e-02
 -1.94850668e-01  4.87541147e-02  3.09844047e-01  8.58375058e-03
  2.99320638e-01 -6.50781691e-01 -5.30017078e-01 -1.30287945e-01
  5.01489826e-02  6.61357655e-04  9.82434303e-02  5.63701615e-03
 -9.95146394e-01]","[-0.19876428 -0.03518524  0.05093636  0.07751577 -0.10401118 -0.03410207
  0.13295396 -0.01160955  0.0159478   0.12921846 -0.03821581 -0.02640821
 -0.36716408  0.02814009 -0.01690328 -0.01488173  0.00756657  0.09129785
 -0.17830153 -0.05872045  0.08513691 -0.15572332]","[-0.3498578667640686, -0.012970209121704102, -0.008561143651604652, -0.4943275451660156, 0.1674679070711136, -0.03350985050201416, 0.30962446331977844, 0.035870734602212906, -0.007812160067260265, 0.5198462605476379, -0.1344670057296753, 0.029330426827073097, 0.018024396151304245, -0.004807827062904835, -0.03869149088859558, -0.03580143675208092, 0.00950222834944725, -0.9134654998779297, -0.0717405304312706, -0.01860281080007553, -0.018030252307653427, 0.8612026572227478]"
140,1.078125,"[ 4.71396744e-01  8.81921291e-01  2.00000003e-01  0.00000000e+00
  0.00000000e+00 -1.14881516e-01  1.91281121e-02 -7.35687278e-03
 -6.01968765e-02  1.02576971e-01  6.43466413e-03  6.41450882e-02
  1.78754050e-02 -2.73568723e-02  2.28118896e-02 -1.23693734e-01
  2.66986769e-02 -7.82012939e-03  7.05718994e-03  7.64856339e-02
  1.26459122e-01 -3.26166153e-02  6.67200089e-02  4.55865860e-02
  7.26709366e-02  2.88009644e-02 -5.03168106e-02  1.09891896e-03
  2.85711302e-03 -1.09891896e-03 -7.25278864e-03  7.68940663e-03
 -1.17860194e-02 -1.69230457e-02  5.05495071e-03  5.05495071e-03
 -2.21978184e-02  3.95188062e-03  8.63245968e-03  2.19821930e-04
  2.19821930e-04 -2.19821930e-04 -2.19821930e-04 -6.59370446e-04
  2.19821930e-04  6.59370446e-04  2.19821930e-04 -2.19821930e-04
 -9.45053156e-03 -6.49614394e-01 -4.14215624e-01  4.93735582e-01
  3.62172425e-02 -6.09719753e-01 -4.38189924e-01  1.47063494e-01
 -1.41841695e-02 -1.36459768e-02  3.10262531e-01 -2.74384856e-01
  3.90416503e-01 -1.84301984e+00  9.44327656e-03 -2.64398724e-01
 -2.17551410e-01 -2.08643958e-01  3.22335064e-01 -2.11714387e-01
 -1.57187968e-01  5.15918016e-01 -4.04694587e-01 -1.08893082e-01
  6.43618777e-02 -2.79865973e-02  9.94100869e-02  1.27849579e-02
 -9.94964361e-01]","[ 0.08928442 -0.02891565  0.00904927 -0.08538847 -0.06157877 -0.20110627
 -0.09034059 -0.12542148  0.08064021 -0.21246627 -0.07535051  0.37960297
  0.3021511  -0.007807   -0.14027555 -0.01124702  0.06925504  0.05848151
 -0.01756946 -0.13992599 -0.05286571 -0.12653503]","[-0.30271589756011963, -0.09021006524562836, 0.0369594544172287, -0.5072767734527588, 0.058760449290275574, -0.13557109236717224, 0.3054060935974121, -0.023934921249747276, 0.04325134679675102, 0.48353031277656555, -0.21926049888134003, 0.14873793721199036, -0.02707270160317421, 0.0013166554272174835, -0.05547701567411423, -0.022456789389252663, 0.01837785542011261, -0.9209210276603699, -0.061923664063215256, -0.06067606061697006, 0.010587506927549839, 0.8687515258789062]"
150,1.15625,"[ 8.31469595e-01  5.55570245e-01  2.00000003e-01  0.00000000e+00
  0.00000000e+00 -1.04200363e-01  2.52316277e-02 -3.16070579e-03
 -6.05783463e-02  1.00406319e-01 -1.77615248e-02  6.56709671e-02
  2.09271628e-02 -2.35421751e-02  2.12860107e-02 -1.23720914e-01
  3.91096249e-02 -3.24249268e-03  7.05718994e-03  7.61041641e-02
  1.25696182e-01 -3.26166153e-02  6.82458878e-02  4.55865860e-02
  7.22894669e-02  2.84194946e-02 -6.86273575e-02  4.61540231e-03
  1.16483690e-02  7.25278864e-03  3.73630528e-03  3.98567936e-04
 -1.77682489e-02  3.29666142e-03  2.61538513e-02 -3.29666142e-03
  1.09891896e-03  5.31221798e-04  1.31618679e-02  5.05495071e-03
 -2.19821930e-04 -1.53846748e-03 -6.37359638e-03  2.19821930e-04
  1.53846748e-03 -1.53846748e-03 -2.85711302e-03 -6.59370446e-04
 -1.69230457e-02  4.76326913e-01 -6.22663975e-01  1.06496602e-01
 -1.83317706e-01 -7.09972620e-01 -7.31989145e-01  2.81307042e-01
 -4.04495627e-01  2.72740036e-01 -4.24591362e-01 -2.96943456e-01
  1.33407927e+00  2.04283667e+00 -5.17294481e-02 -2.69391090e-01
 -5.46398982e-02  1.86599270e-01  7.79962316e-02  1.38127118e-01
 -2.81826377e-01 -5.84227324e-01 -3.22373509e-01 -1.47956097e-02
  2.84998473e-02 -9.13963690e-02  1.03368968e-01  1.15524074e-02
 -9.94575858e-01]","[-0.16610335 -0.23480421  0.14352779  0.08451146 -0.25548694 -0.09181432
  0.41467816  0.0204424   0.00415326  0.26104045 -0.16360295 -0.02325597
 -0.14724348  0.02784942  0.08526932 -0.01164026  0.00554667  0.04440943
 -0.13759795  0.09661565 -0.00366332 -0.07229146]","[-0.2757181227207184, -0.16534841060638428, 0.0652153417468071, -0.5040405988693237, -0.020101351663470268, -0.1604418307542801, 0.3800465166568756, -0.02095073089003563, 0.04493889957666397, 0.5214430689811707, -0.25735676288604736, 0.19656221568584442, 0.06707929074764252, 0.0033330360893160105, -0.023933321237564087, -0.016465196385979652, 0.018167508766055107, -0.9480670094490051, -0.042700283229351044, -0.024225186556577682, -0.022152945399284363, 0.9084320068359375]"
160,1.234375,"[ 9.95184720e-01  9.80171412e-02  2.00000003e-01  0.00000000e+00
  0.00000000e+00 -9.27553177e-02  3.55313122e-02  3.32427956e-03
 -6.09598160e-02  8.62385035e-02 -3.87907326e-02  5.30824661e-02
  3.35156620e-02  2.77923606e-03  3.35693359e-03 -1.32084191e-01
  6.34847432e-02 -3.24249268e-03  7.43865967e-03  7.49597549e-02
  1.23025894e-01 -3.22351456e-02  6.82458878e-02  4.55865860e-02
  7.22894669e-02  2.88009644e-02 -8.96081924e-02  5.05495071e-03
  9.01098270e-03  6.59370446e-04 -4.61540231e-03 -1.33575946e-02
 -1.33678243e-02 -1.82417873e-02  8.57143383e-03  2.21978184e-02
 -1.34065626e-02  2.50881282e-03  1.77726522e-02 -2.19821930e-04
  6.59370446e-04 -2.41756439e-03  2.19821930e-04 -2.19821930e-04
 -6.59370446e-04 -2.19821930e-04 -6.59370446e-04 -6.59370446e-04
 -1.86813362e-02 -7.87018955e-01 -8.85010600e-01  7.21633494e-01
  3.74716640e-01 -9.40219522e-01 -1.53276652e-01  1.06510651e+00
  1.36087179e-01 -1.20237216e-01  8.72665644e-01 -4.54468071e-01
  2.14524940e-01 -1.38896990e+00  1.35171354e-01  8.96745920e-02
 -1.94738165e-01 -2.01271012e-01  1.30374774e-01 -4.54938918e-01
  1.21890932e-01  3.04291785e-01 -1.49675027e-01 -9.01673585e-02
  6.71442449e-02 -7.69065320e-02  1.01963162e-01  1.80081949e-02
 -9.94625211e-01]","[ 0.06606272 -0.14756614  0.05044574 -0.10697384 -0.10359392 -0.20484488
 -0.17673805 -0.12733126  0.06760918 -0.16366786 -0.0835222   0.34671915
  0.03687576 -0.02676422 -0.11550068 -0.00707063  0.01104521  0.05097681
  0.02297974 -0.16924535  0.02655752 -0.04845747]","[-0.29822203516960144, -0.2331533432006836, 0.0933612510561943, -0.49709397554397583, -0.031362514942884445, -0.13643373548984528, 0.370701402425766, -0.01203602273017168, 0.032221872359514236, 0.5470061898231506, -0.2556239366531372, 0.1787475198507309, -0.015957344323396683, 0.0013463235227391124, -0.01631600223481655, -0.01552440132945776, 0.00146294420119375, -0.961438000202179, -0.03194739669561386, -0.03483026102185249, 0.0024287994019687176, 0.9520731568336487]"
170,1.3125,"[ 9.23879504e-01 -3.82683426e-01  2.00000003e-01  0.00000000e+00
  0.00000000e+00 -8.51259232e-02  3.66757214e-02  4.46868874e-03
 -5.94339371e-02  8.41520429e-02 -4.75642905e-02  7.67335892e-02
  3.08453757e-02  1.68936159e-02  2.05230713e-02 -1.29179865e-01
  8.87966901e-02 -5.72204590e-04  7.43865967e-03  7.49597549e-02
  1.23025894e-01 -3.22351456e-02  6.74829483e-02  4.55865860e-02
  7.19079971e-02  2.80380249e-02 -9.72385406e-02  3.29666142e-03
  1.09891896e-03 -6.59370446e-04  5.93404798e-03  3.28707392e-03
 -5.63685596e-03  2.83516888e-02 -1.82417873e-02  1.20879179e-02
  1.03296284e-02  5.22300834e-03  2.95873713e-02  4.17585392e-03
  6.59370446e-04 -1.09891896e-03 -2.19821930e-04 -2.19821930e-04
  2.19821930e-04 -2.19821930e-04 -2.19821930e-04 -2.19821930e-04
  2.19821930e-04  3.07727814e-01 -4.86374497e-01  1.30650595e-01
 -3.83291483e-01 -2.93938011e-01 -5.78378081e-01 -3.34861547e-01
 -4.93034273e-01  2.55879819e-01 -5.58173954e-01 -2.67223775e-01
  1.21874452e+00  1.19461536e+00 -4.81539518e-02 -4.42559630e-01
 -6.25402778e-02  1.13413200e-01  9.27141607e-02  1.14271760e-01
 -4.90902394e-01 -2.02650726e-01 -1.36117369e-01 -9.35568884e-02
  1.86153710e-01 -7.46087581e-02  1.09878682e-01  2.39044409e-02
 -9.93657470e-01]","[-0.06875876 -0.23116061  0.04299263  0.15218152 -0.21639949  0.06302546
  0.42238712  0.0122647  -0.00083256  0.26666784 -0.1543169  -0.1312694
  0.1606891   0.0111331   0.11266327 -0.01319863  0.02346685  0.02644451
 -0.09356805  0.1344045  -0.10924682 -0.0119574 ]","[-0.2705638110637665, -0.2245030254125595, 0.05839451402425766, -0.48009464144706726, -0.009048630483448505, -0.07689396291971207, 0.38001060485839844, -0.01280415803194046, 0.03142945095896721, 0.5562511682510376, -0.2578924596309662, 0.1251765489578247, 0.08664768189191818, -0.002520038979128003, -0.012226985767483711, -0.017018642276525497, 0.015844954177737236, -0.9746843576431274, -0.018632201477885246, -0.020911764353513718, -0.030341513454914093, 0.9771758317947388]"
180,1.390625,"[ 6.34393275e-01 -7.73010433e-01  2.00000003e-01  0.00000000e+00
  0.00000000e+00 -8.85591507e-02  3.32424939e-02  1.01907346e-02
 -5.56192398e-02  8.51012021e-02 -4.92513180e-02  1.00385666e-01
  3.76102515e-03  1.95639040e-02  3.42569351e-02 -1.28204525e-01
  1.03006549e-01 -8.96453857e-03  7.43865967e-03  7.38153458e-02
  1.23407364e-01 -3.22351456e-02  6.74829483e-02  4.55865860e-02
  7.19079971e-02  2.84194946e-02 -9.30414200e-02  2.19821930e-04
 -3.29666142e-03  1.51648521e-02  7.25278864e-03 -1.05927968e-04
  3.94310482e-04  1.07692722e-02 -2.92307865e-02 -1.53846748e-03
  9.01098270e-03 -1.23748498e-04  2.47115525e-03 -1.47253042e-02
 -2.19821930e-04 -1.53846748e-03 -6.59370446e-04 -2.19821930e-04
 -1.09891896e-03 -2.19821930e-04 -6.59370446e-04  2.19821930e-04
  4.17585392e-03 -4.09400880e-01 -6.06367707e-01  7.79941827e-02
  7.42131174e-01 -9.37544823e-01  5.55756569e-01  1.35800886e+00
 -3.33590060e-03  1.12980157e-02  1.01493585e+00 -4.68084812e-01
 -5.30690014e-01 -3.98846447e-01  1.26573786e-01  2.69759595e-01
 -1.63717747e-01 -1.30703151e-02  1.54812261e-01 -6.85362458e-01
  4.04474825e-01 -1.36684299e-01 -8.80815834e-02 -5.61555848e-02
  3.93278524e-02  1.20963976e-01  1.15619324e-01  3.09875105e-02
 -9.92810249e-01]","[-0.02829986 -0.09200721  0.06084374 -0.10549278 -0.09757628 -0.12372211
 -0.14685126 -0.05081763  0.02801857 -0.06211494 -0.06440373  0.10438062
 -0.27227432 -0.03529898 -0.11874288 -0.01140362 -0.01562876  0.05827169
  0.0384987  -0.17891388  0.14177823 -0.01901811]","[-0.28896841406822205, -0.18059498071670532, 0.03978276625275612, -0.47207266092300415, -0.008356149308383465, -0.011244460940361023, 0.36873966455459595, 0.008038070052862167, 0.01737457700073719, 0.5826444029808044, -0.23753248155117035, 0.037662968039512634, -0.022551000118255615, -0.004444623365998268, -0.02140996791422367, -0.020681120455265045, 0.0025203656405210495, -0.9702973961830139, -0.030470222234725952, -0.021963609382510185, 0.005841326899826527, 0.9869722723960876]"
190,1.46875,"[ 1.95090324e-01 -9.80785251e-01  2.00000003e-01  0.00000000e+00
  0.00000000e+00 -7.13930130e-02  3.09536736e-02  1.13351438e-02
 -3.84531021e-02  8.61183107e-02 -4.67716977e-02  1.09922409e-01
 -1.91281121e-02  1.95639040e-02  4.60824966e-02 -1.26824439e-01
  9.95042175e-02 -1.43051147e-02  7.05718994e-03  7.34338760e-02
  1.23407364e-01 -3.22351456e-02  6.67200089e-02  4.55865860e-02
  7.19079971e-02  2.80380249e-02 -8.73193741e-02  2.17582714e-02
  6.59370446e-04 -1.09891896e-03  1.47253042e-02  6.08085596e-04
  2.82691512e-03  4.61540231e-03 -2.04395298e-02  6.59370446e-04
  1.07692722e-02  1.15479052e-03 -7.15418020e-03  6.59370446e-04
 -2.19821930e-04  2.19821930e-04 -2.19821930e-04 -2.19821930e-04
 -1.53846748e-03  1.09891896e-03  2.19821930e-04  6.59370446e-04
  3.73630528e-03 -4.42206174e-01 -9.91956443e-02  1.05191961e-01
 -5.12561917e-01  2.17444912e-01 -5.21266520e-01 -4.65508938e-01
 -4.36778665e-02  9.94978249e-02 -3.21131289e-01 -2.70828456e-02
  1.33163691e-01 -4.37022261e-02 -2.07190588e-01 -3.41379315e-01
  4.29372787e-02  4.58881371e-02  2.13526502e-01  1.57286823e-01
 -6.28299654e-01  1.69743285e-01 -9.90453660e-02  1.16775095e-01
 -3.79914381e-02  1.84600234e-01  1.14137650e-01  2.83709839e-02
 -9.93059635e-01]","[ 0.04240577 -0.04350552 -0.09250004  0.172857   -0.03566806  0.2607858
  0.19868276  0.04962721 -0.09916398  0.11742017  0.06775814 -0.1929026
  0.3798082   0.00701383  0.07852647 -0.08461128  0.00874022  0.02027487
  0.01740781  0.14999636 -0.13236707  0.01233688]","[-0.28232377767562866, -0.09666508436203003, -0.01704050786793232, -0.475631445646286, 0.08239655196666718, 0.03882536664605141, 0.30708473920822144, 0.029410921037197113, -0.006782045122236013, 0.5353359580039978, -0.1584160327911377, -0.022594107314944267, 0.07031027227640152, -0.010158149525523186, -0.021373974159359932, -0.028764914721250534, 0.004767142236232758, -0.9657289981842041, -0.005830210633575916, -0.017185796052217484, -0.017969578504562378, 0.9885914921760559]"
200,1.546875,"[-2.90284663e-01 -9.56940353e-01  2.00000003e-01  0.00000000e+00
  0.00000000e+00 -5.68971634e-02  3.32424939e-02  1.05722044e-02
 -2.96783447e-02  8.88534337e-02 -4.02336195e-02  1.12211227e-01
 -1.83651727e-02  1.00271609e-02  6.89706802e-02 -1.27764195e-01
  6.56252205e-02 -1.50680542e-02  7.05718994e-03  7.34338760e-02
  1.23407364e-01 -3.22351456e-02  6.59570694e-02  4.55865860e-02
  7.19079971e-02  2.84194946e-02 -7.89270401e-02  7.25278864e-03
  6.59370446e-04  6.59370446e-04  6.59370446e-04  4.01757238e-03
  5.76382643e-03 -2.19821930e-04 -1.09891896e-03 -1.16483690e-02
  1.64834987e-02 -3.20510264e-03 -4.55594324e-02 -2.41756439e-03
 -2.19821930e-04 -2.19821930e-04  2.19821930e-04 -2.19821930e-04
 -2.19821930e-04 -2.19821930e-04  2.19821930e-04 -6.59370446e-04
  1.34065626e-02 -1.78004485e-02  3.23698103e-01 -6.58363044e-01
  1.31996560e+00 -2.37057090e-01  1.59321666e+00  9.84154120e-02
 -1.27160326e-02 -2.38424852e-01  5.18724680e-01  4.99877572e-01
 -8.15660655e-01 -5.27619660e-01  1.63802803e-01  1.31560892e-01
 -3.10571402e-01 -1.19915351e-01  1.47515193e-01 -7.27897823e-01
  5.45105278e-01 -3.20855677e-01 -3.48245203e-02  2.27658123e-01
 -2.21744087e-03  2.49719366e-01  1.14508845e-01  2.04426125e-02
 -9.93211985e-01]","[-0.35874125 -0.02462575  0.05330483 -0.16921644  0.18335474 -0.15957911
 -0.06007849  0.18299486 -0.0381324  -0.01221399  0.10723148 -0.14309739
 -0.23794536 -0.04612424 -0.01788815  0.03382647  0.02363123  0.01426663
 -0.01750163 -0.19973963  0.11346729 -0.01317956]","[-0.3798230290412903, -0.033638954162597656, -0.04237185791134834, -0.4547886848449707, 0.19243760406970978, 0.09945476800203323, 0.27508488297462463, 0.10323643684387207, -0.04548857361078262, 0.552986741065979, -0.06286264955997467, -0.12085602432489395, -0.02278684452176094, -0.009794189594686031, -0.004135206341743469, -0.03083379939198494, 0.0024888520129024982, -0.9756350517272949, -0.040504470467567444, -0.02080606110394001, 0.002207415644079447, 0.9939127564430237]"
210,1.625,"[-7.07106769e-01 -7.07106769e-01  2.00000003e-01  0.00000000e+00
  0.00000000e+00 -4.16383743e-02  3.51498425e-02 -1.00271609e-02
 -2.05230713e-02  9.96636599e-02 -3.21887061e-02  8.39815140e-02
 -1.26431268e-02 -1.47683714e-02  5.25674820e-02 -1.39543205e-01
  7.85613805e-03 -1.31607056e-02  7.05718994e-03  7.34338760e-02
  1.23407364e-01 -3.22351456e-02  6.59570694e-02  4.59680557e-02
  7.22894669e-02  2.84194946e-02 -7.05347061e-02  1.07692722e-02
  6.59370446e-04 -2.21978184e-02  1.12088202e-02  4.73996066e-03
  3.55219585e-03 -2.39560138e-02 -6.81314478e-03 -1.78022385e-02
 -2.04395298e-02 -3.00179422e-02 -5.02583571e-02  7.69233704e-03
 -2.19821930e-04  1.53846748e-03  2.19821930e-04 -6.59370446e-04
 -6.59370446e-04  2.85711302e-03  1.09891896e-03 -6.59370446e-04
  1.07692722e-02 -1.66621590e+00 -1.55191228e-01  2.07640156e-01
 -6.33638918e-01  1.01631963e+00 -4.62661624e-01 -1.91926181e-01
  7.69004226e-01 -3.42745245e-01  1.63117051e-01  5.59303403e-01
 -5.81504226e-01  4.26569134e-01 -2.71514982e-01  2.29890719e-02
 -1.44010246e-01 -1.11296251e-01  3.97355705e-02  2.63656408e-01
 -3.79295111e-01  1.58795640e-01 -3.53611112e-02  2.17061922e-01
  2.59886861e-01  1.20852180e-01  1.16872311e-01  8.82942043e-03
 -9.93107677e-01]","[ 0.12484901  0.05585295 -0.12048189  0.20591114 -0.0674065   0.36883417
  0.03407988  0.11527284 -0.13765556  0.08484179  0.23125896 -0.15908754
  0.0810983   0.00801041  0.00078343 -0.10692082  0.00156003  0.0069824
 -0.01733519  0.16396789 -0.09208989  0.03856931]","[-0.395458459854126, -0.022583531215786934, -0.03380632400512695, -0.4944199025630951, 0.2280927449464798, 0.10131419450044632, 0.24924935400485992, 0.17127437889575958, -0.08220726251602173, 0.5408978462219238, 0.014337748289108276, -0.13206835091114044, 0.0006801664712838829, -0.016972001641988754, -0.005598780233412981, -0.04422256723046303, 0.001373213715851307, -0.9892763495445251, -0.009848725982010365, -0.012241733260452747, -0.00011151283979415894, 1.0092251300811768]"
220,1.703125,"[-9.56940353e-01 -2.90284663e-01  2.00000003e-01  0.00000000e+00
  0.00000000e+00 -5.91859818e-02  3.28610241e-02 -2.29980852e-02
 -2.01416016e-02  1.11650735e-01 -1.47214923e-02  8.39815140e-02
 -1.49319451e-02 -3.00271604e-02  4.83713150e-02 -1.54625207e-01
 -1.11870430e-02  1.90734863e-04  7.05718994e-03  7.34338760e-02
  1.23788834e-01 -3.22351456e-02  6.55755997e-02  4.67309952e-02
  7.22894669e-02  2.84194946e-02 -6.13794327e-02 -1.82417873e-02
 -1.16483690e-02 -9.45053156e-03 -6.59370446e-04  6.33091619e-03
  1.28818303e-02  1.56044010e-02 -1.03296284e-02  5.05495071e-03
  6.59370446e-04 -1.82124774e-03 -4.84966813e-03  4.17585392e-03
 -6.59370446e-04  1.53846748e-03  2.19821930e-04 -6.59370446e-04
  2.19821930e-04 -2.19821930e-04  2.19821930e-04 -2.19821930e-04
  3.73630528e-03 -1.67129766e-02  3.43544006e-01 -2.75105923e-01
  8.12939286e-01 -3.22233707e-01  1.30212271e+00 -4.45254967e-02
  4.15177077e-01 -2.21961096e-01  1.36528760e-01  1.11244035e+00
 -4.77452219e-01 -1.28289759e+00  3.43919009e-01 -1.65667266e-01
 -1.82879463e-01 -3.02808546e-02  1.13465644e-01 -8.97496760e-01
  3.92633602e-02 -6.39139414e-02 -3.53661329e-02 -6.68217093e-02
  3.42477888e-01  7.38217384e-02  1.34966001e-01  6.89099450e-03
 -9.90826249e-01]","[-0.51579225 -0.04870934  0.04065236 -0.17023245  0.29487878 -0.16234249
 -0.10003219  0.23796831 -0.07770012  0.04554766  0.18670927 -0.20652176
  0.00503587 -0.06876293  0.02977347  0.00754061 -0.00177132 -0.00191242
  0.00570233 -0.14483526  0.08002758 -0.02421369]","[-0.4259037673473358, -0.02530592493712902, -0.03104688785970211, -0.49938833713531494, 0.23382742702960968, 0.11534509807825089, 0.23323625326156616, 0.21232415735721588, -0.0863376259803772, 0.551640510559082, 0.06971018761396408, -0.15479278564453125, -0.024588029831647873, -0.007936591282486916, -0.0034074157010763884, -0.04529208689928055, -0.00023322459310293198, -0.9961198568344116, -0.03587145730853081, -0.012469151988625526, -0.0014760032063350081, 1.0019938945770264]"
230,1.7812500000000002,"[-9.8078525e-01  1.9509032e-01  2.0000000e-01  0.0000000e+00
  0.0000000e+00 -8.2837105e-02  2.0653991e-02 -1.2697449e-02
 -2.9678345e-02  1.1598101e-01 -4.0309411e-04  8.4362984e-02
 -2.4850158e-02 -3.0027160e-02  3.6927223e-02 -1.5255576e-01
 -1.4783112e-02 -9.5367432e-04  7.0571899e-03  7.2670937e-02
  1.2531471e-01 -3.2235146e-02  6.5194130e-02  4.6730995e-02
  7.3052406e-02  2.8419495e-02 -5.3750038e-02 -1.4285755e-02
 -1.1208820e-02  9.8900795e-03 -7.6923370e-03  1.9557462e-03
  1.6392287e-02 -3.2966614e-03 -1.2527466e-02 -6.5937045e-04
 -1.3406563e-02 -9.6068607e-04 -2.9887499e-03 -1.5384675e-03
  2.1982193e-04  1.0989190e-03  1.5384675e-03 -2.1982193e-04
 -1.0989190e-03 -2.1982193e-04 -2.1982193e-04  2.1982193e-04
  1.1648369e-02 -8.2723385e-01 -9.7646102e-02  4.4367574e-03
 -4.3278706e-01  6.5351295e-01  2.4435019e-01  1.3448262e-01
  8.1727964e-01 -6.7079735e-01  3.4362268e-01  7.3460007e-01
 -6.1642772e-01  1.6384397e+00 -3.1894955e-01 -7.5823404e-02
 -4.5252496e-01  6.5591216e-02  5.0896704e-03  6.1341417e-01
  2.5750285e-01 -2.4910866e-01 -4.0678710e-02 -9.4831802e-02
  2.6682219e-01  1.9998866e-01  1.4895958e-01  1.0403411e-02
 -9.8878837e-01]","[ 0.00974606  0.10245569 -0.08688348  0.21561785 -0.08868992  0.30634505
  0.01059297  0.09604132 -0.06668711  0.05061488  0.27805576 -0.09470366
 -0.30064234  0.07823456 -0.03927033 -0.04586236 -0.01484894  0.04411452
 -0.23415016  0.04010931 -0.03049806 -0.04090227]","[-0.4292176365852356, -0.018484866246581078, -0.03088921681046486, -0.5172895789146423, 0.23275791108608246, 0.09049710631370544, 0.24687668681144714, 0.2199794054031372, -0.0913296788930893, 0.5500965118408203, 0.07432598620653152, -0.1360756754875183, -0.010887859389185905, -0.009910255670547485, -0.01680801622569561, -0.05414446070790291, -0.002475399523973465, -0.9855215549468994, -0.03645609691739082, -0.006420232355594635, -0.0064742774702608585, 0.9789310097694397]"
240,1.8593749999999998,"[-7.7301043e-01  6.3439327e-01  2.0000000e-01  0.0000000e+00
  0.0000000e+00 -1.0534477e-01  1.3787536e-02 -4.6865847e-03
 -3.8834572e-02  1.2042928e-01  1.3466290e-02  8.2074165e-02
 -2.9427795e-02 -3.0027160e-02  3.0059814e-02 -1.5131986e-01
 -1.8871158e-02 -7.8201294e-03  7.0571899e-03  7.3052406e-02
  1.2531471e-01 -3.2235146e-02  6.5194130e-02  4.7112465e-02
  7.2670937e-02  2.8419495e-02 -4.9172401e-02 -1.5604401e-02
 -6.8131448e-03 -1.0989190e-03 -5.9340480e-03  4.4187042e-04
  1.2999830e-02 -1.9780160e-03 -1.5384675e-03 -1.9780160e-03
 -4.1758539e-03 -1.8287331e-03 -1.4721806e-03 -5.0549507e-03
 -6.5937045e-04  2.1982193e-04  6.5937045e-04 -2.1982193e-04
 -2.1982193e-04 -6.5937045e-04 -6.5937045e-04 -2.1982193e-04
  2.1982193e-04 -1.0759192e+00 -8.5910000e-03  3.5457339e-02
 -4.8113722e-01  3.0915630e-01 -6.5081790e-02 -1.5069923e-01
  7.9239631e-01 -1.2550004e-01 -6.0784727e-02  8.6082029e-01
 -2.2325957e-01 -1.3850180e+00  1.2552987e-01 -1.9628379e-01
  1.9210415e-01  2.4451938e-02  1.8899137e-01 -6.4072526e-01
 -7.5430954e-01  4.2763948e-01 -3.8800776e-01 -7.2348796e-02
  2.2337677e-01  3.1017947e-01  1.6105142e-01  1.1295209e-02
 -9.8688138e-01]","[-0.22701898 -0.01227976 -0.01034266 -0.10355958  0.16764256 -0.00390565
 -0.01437245  0.16004883 -0.12606977  0.05406405  0.17094257 -0.06021962
  0.3256464  -0.06629284 -0.05756342 -0.10144295  0.00834602  0.03943033
  0.10608235  0.03386397 -0.04448495 -0.0716538 ]","[-0.4290967583656311, -0.01085569802671671, -0.036529283970594406, -0.5259820818901062, 0.23066368699073792, 0.055345211178064346, 0.2391664981842041, 0.19654551148414612, -0.08036454021930695, 0.5384535789489746, 0.06239129602909088, -0.08400868624448776, -0.03337413817644119, -0.0068972473964095116, -0.03803984075784683, -0.049401700496673584, -0.0010819761082530022, -0.9616657495498657, -0.050317518413066864, -0.019428208470344543, -0.0023590191267430782, 0.9385063648223877]"
250,1.9375,"[-3.82683426e-01  9.23879504e-01  2.00000003e-01  0.00000000e+00
  0.00000000e+00 -1.22510910e-01  1.30245965e-02 -5.06805442e-03
 -4.72269058e-02  1.20134354e-01  2.00348571e-02  8.20741653e-02
 -2.82833856e-02 -3.80380228e-02  2.62451172e-02 -1.52919739e-01
 -1.73812211e-02 -1.01089478e-02  7.05718994e-03  7.30524063e-02
  1.25314713e-01 -3.22351456e-02  6.51941299e-02  4.71124649e-02
  7.26709366e-02  2.84194946e-02 -4.95538712e-02 -1.51648521e-02
 -6.59370446e-04 -2.19821930e-04 -5.05495071e-03 -5.59417997e-04
  3.10840155e-03  2.19821930e-04  1.97801599e-03 -2.17582714e-02
 -5.05495071e-03 -4.56516771e-03  7.37644592e-03 -2.19821930e-04
 -2.19821930e-04  6.59370446e-04  6.59370446e-04 -2.19821930e-04
 -2.19821930e-04 -6.59370446e-04 -2.19821930e-04 -6.59370446e-04
 -6.59370446e-04  1.74871534e-01  4.12690900e-02 -2.11834610e-01
 -7.03036115e-02 -3.25721726e-02  4.95302439e-01  4.31381881e-01
  4.92071599e-01 -4.85984743e-01  3.45637202e-01  7.76757002e-01
 -2.57607877e-01  7.42998898e-01 -4.73612100e-02 -1.54685766e-01
 -5.16437411e-01  1.18697330e-01  2.73805678e-01  5.58936484e-02
  5.45518160e-01 -5.23091614e-01 -4.15959805e-01 -1.06270462e-01
  1.53527573e-01  3.38535547e-01  1.70972809e-01  1.14008291e-02
 -9.85209823e-01]","[-0.18572842  0.00974689  0.0165092  -0.06969421 -0.01861991 -0.02595112
 -0.01744553  0.09652005 -0.02249641 -0.01649296  0.16233018  0.03854183
 -0.31972957  0.02514856 -0.08507724  0.03935486 -0.00627888  0.08469398
 -0.12232199 -0.15863271  0.10464677 -0.14871296]","[-0.3974151611328125, -0.015254220925271511, -0.03370258957147598, -0.5342249870300293, 0.19677594304084778, 0.012551230378448963, 0.25254422426223755, 0.14586618542671204, -0.0615345798432827, 0.5352736115455627, 0.027445754036307335, -0.02164611779153347, -0.026090409606695175, -0.008406557142734528, -0.056300025433301926, -0.04377799481153488, 0.0044201696291565895, -0.9337002635002136, -0.045768480747938156, -0.021853012964129448, -0.0035152204800397158, 0.8909561038017273]"
260,2.015625,"[ 9.80171412e-02  9.95184720e-01  2.00000003e-01  0.00000000e+00
  0.00000000e+00 -1.32429123e-01  1.72207635e-02 -6.21246360e-03
 -5.52377701e-02  1.22154534e-01  1.38041237e-02  7.63521194e-02
 -2.56130975e-02 -5.21533564e-02  1.70898438e-02 -1.58645868e-01
 -7.43833836e-03 -1.01089478e-02  7.05718994e-03  7.30524063e-02
  1.25314713e-01 -3.22351456e-02  6.55755997e-02  4.71124649e-02
  7.26709366e-02  2.84194946e-02 -5.22241592e-02 -4.61540231e-03
  5.93404798e-03  6.59370446e-04 -9.45053156e-03  4.52697976e-03
 -1.23933917e-02 -6.37359638e-03  3.29666142e-03  1.53846748e-03
 -5.93404798e-03 -2.68932804e-03  4.85154567e-03  1.09891896e-03
  2.19821930e-04 -6.59370446e-04 -2.19821930e-04 -6.59370446e-04
 -2.19821930e-04 -6.59370446e-04  6.59370446e-04  2.19821930e-04
 -4.61540231e-03 -3.73846889e-01 -4.35135029e-02  6.43016100e-02
 -2.93071628e-01 -2.80814737e-01 -7.17479467e-01 -7.25415468e-01
 -2.60040462e-01  1.37487650e-01 -5.13254404e-01  2.99778879e-02
  8.96592796e-01 -3.69255006e-01 -5.64661920e-02 -5.09411573e-01
 -9.35338885e-02 -6.77098557e-02  4.06900644e-01 -1.07561454e-01
 -5.85207641e-01  3.15684676e-01 -6.62065506e-01 -1.09419145e-01
  5.18324710e-02  2.44630098e-01  1.76504746e-01  1.26316072e-02
 -9.84218717e-01]","[ 0.07819153 -0.13175261 -0.01556655 -0.04834319 -0.19734542 -0.0904085
  0.2180195   0.0442515   0.01539864  0.05960515  0.01201709  0.07258192
  0.30359212 -0.02060278 -0.04472595 -0.02249698  0.0575127   0.05989334
  0.00623093  0.06704237 -0.13666275 -0.11611775]","[-0.31986695528030396, -0.06863940507173538, -0.01461339183151722, -0.5463688969612122, 0.06970199197530746, -0.0816231369972229, 0.28450021147727966, 0.06665825098752975, 0.005718280095607042, 0.5051260590553284, -0.07202057540416718, 0.09035275876522064, -0.0016610234742984176, -0.003029995132237673, -0.07437500357627869, -0.02036171965301037, 0.014559614472091198, -0.9203140735626221, -0.047357894480228424, -0.04266871139407158, -0.007852247916162014, 0.860822856426239]"
270,2.09375,"[ 5.55570245e-01  8.31469595e-01  2.00000003e-01  0.00000000e+00
  0.00000000e+00 -1.28614426e-01  1.91281121e-02 -6.21246360e-03
 -5.90524673e-02  1.24361575e-01 -9.67167504e-03  6.83412552e-02
 -2.10354608e-02 -4.87201288e-02  1.36566162e-02 -1.63098365e-01
  3.18923779e-03 -4.76837158e-03  7.05718994e-03  7.30524063e-02
  1.25314713e-01 -3.22351456e-02  6.63385391e-02  4.71124649e-02
  7.26709366e-02  2.84194946e-02 -6.17609024e-02  3.73630528e-03
  6.37359638e-03 -6.59370446e-04 -5.49449911e-03  8.51509254e-03
 -2.37462875e-02 -6.37359638e-03  9.89007950e-03 -2.19821930e-04
 -2.41756439e-03 -4.02982719e-03  1.05234748e-02  5.93404798e-03
 -2.19821930e-04 -6.59370446e-04 -2.19821930e-04 -6.59370446e-04
 -2.19821930e-04 -6.59370446e-04  2.19821930e-04  2.19821930e-04
 -8.13188590e-03  6.99686110e-02 -9.10975695e-01  4.18085694e-01
 -9.19547305e-02 -1.38407910e+00 -7.05419302e-01  1.65407777e+00
  3.87895629e-02  2.04582438e-01  6.37424409e-01 -4.63719904e-01
  2.25867495e-01  5.58490217e-01  6.17171824e-02  5.14804050e-02
 -2.10923404e-01  2.30516285e-01  1.77842364e-01 -1.49980992e-01
  2.54482746e-01 -3.09808910e-01 -3.83125424e-01 -1.24420583e-01
 -2.38276888e-02  3.91060412e-02  1.77924186e-01  1.50443604e-02
 -9.83929038e-01]","[-0.05128176 -0.17605823  0.14579116 -0.05096726 -0.29552475 -0.1833455
  0.01022589 -0.01977118 -0.00188452 -0.04335067 -0.06154491  0.27024204
 -0.2759898   0.00520268 -0.08747226 -0.0191019  -0.06159696  0.06825497
 -0.01946875 -0.0816533   0.12965962 -0.08261566]","[-0.24981658160686493, -0.1791583150625229, 0.06254030764102936, -0.5415766835212708, -0.11752040684223175, -0.17649690806865692, 0.38815411925315857, 0.020856503397226334, 0.03812230005860329, 0.5175703167915344, -0.20267944037914276, 0.18564391136169434, 0.0022172927856445312, 0.0037979083135724068, -0.06058743968605995, -0.02741592936217785, 0.00722349202260375, -0.9363032579421997, -0.029558008536696434, -0.02019640989601612, -0.002964906394481659, 0.8911798596382141]"
280,2.171875,"[ 8.8192129e-01  4.7139674e-01  2.0000000e-01  0.0000000e+00
  0.0000000e+00 -1.0610771e-01  2.2942809e-02 -6.2124636e-03
 -5.9052467e-02  1.2663186e-01 -3.4855917e-02  5.6134224e-02
 -1.3406066e-02 -7.1389768e-03  4.8828125e-03 -1.6844636e-01
  1.9911127e-02  1.7166138e-03  7.0571899e-03  7.2670937e-02
  1.2531471e-01 -3.2235146e-02  6.7482948e-02  4.7112465e-02
  7.2670937e-02  2.8419495e-02 -7.8545570e-02  1.8241787e-02
  9.4505316e-03 -3.2966614e-03  3.2966614e-03  1.1032133e-02
 -9.6457442e-03 -1.6043950e-02  1.2087918e-02  3.6703300e-02
 -4.6154023e-03  3.8034995e-03  7.1025114e-03 -2.4175644e-03
  2.1982193e-04 -1.0989190e-03 -1.0989190e-03 -6.5937045e-04
  1.0989190e-03  6.5937045e-04 -6.5937045e-04 -2.1982193e-04
 -2.3076916e-02 -9.7499322e-03 -7.4909496e-01  3.9093676e-01
 -3.0296594e-01 -1.0122417e+00 -8.2599157e-01 -4.8780876e-01
 -9.1607630e-02  4.7199592e-02 -3.8419437e-01 -2.4418767e-01
  1.4520988e+00 -6.9063228e-01 -4.8736647e-02 -4.6795657e-01
 -1.1395622e-01 -1.7311071e-01  2.5899711e-01  5.0391432e-02
 -5.0454921e-01  4.0398747e-01 -2.4019563e-01 -7.8807957e-02
 -7.6763593e-02 -1.1760878e-01  1.7269184e-01  1.8555582e-02
 -9.8480105e-01]","[ 0.09420045 -0.27254885  0.06042096 -0.04422478 -0.32509443 -0.18295996
  0.25022718 -0.02844162  0.06183089  0.04454729 -0.07978328  0.22844417
  0.43376985 -0.01209507 -0.03576349  0.00673505  0.07164969  0.00086488
  0.03710203  0.0171467  -0.15931234 -0.03970566]","[-0.23871102929115295, -0.2460458129644394, 0.08973532170057297, -0.545246958732605, -0.15131494402885437, -0.20062588155269623, 0.3732311427593231, 0.013092351146042347, 0.040343865752220154, 0.5084813237190247, -0.2289949655532837, 0.2602379024028778, 0.04951857775449753, -0.0010996487690135837, -0.05949092283844948, -0.017396219074726105, 0.0054778759367764, -0.9606888890266418, -0.005177872721105814, -0.03532642498612404, -0.008880251087248325, 0.934159517288208]"
290,2.25,"[ 1.00000000e+00  5.51091070e-16  2.00000003e-01  0.00000000e+00
  0.00000000e+00 -7.97853470e-02  3.17166150e-02  1.40054319e-02
 -4.87527847e-02  1.22803003e-01 -4.12496030e-02  8.32185745e-02
 -1.11172479e-02  3.44421789e-02  2.66265869e-02 -1.68395221e-01
  4.57621664e-02  1.12533569e-02  7.05718994e-03  7.34338760e-02
  1.22262955e-01 -3.22351456e-02  6.78644180e-02  4.71124649e-02
  7.22894669e-02  2.84194946e-02 -9.26599503e-02  1.64834987e-02
  4.61540231e-03  1.78022385e-02  4.61540231e-03 -1.06088874e-05
 -5.79970714e-04  2.79120449e-02  1.64834987e-02  3.01098824e-02
  2.13187225e-02  2.07280647e-02  3.45164388e-02  2.41756439e-03
 -6.59370446e-04 -2.41756439e-03 -5.49449911e-03  2.19821930e-04
 -1.53846748e-03 -2.41756439e-03 -1.09891896e-03 -2.19821930e-04
 -9.01098270e-03  1.39744401e-01 -1.18165028e+00  3.00153971e-01
  7.76350424e-02 -1.28193784e+00 -5.21530211e-01  1.64978099e+00
  9.66628417e-02  1.55195966e-01  6.42326117e-01 -4.86530364e-01
  3.08812886e-01  1.42941010e+00  1.74008142e-02  1.79400116e-01
 -1.12403102e-01  3.71667355e-01 -2.51990110e-02  6.33888245e-02
  3.11873317e-01 -6.41043842e-01 -6.23666644e-02  7.90384505e-03
 -4.46700081e-02 -2.61427790e-01  1.71989575e-01  2.02652644e-02
 -9.84890342e-01]","[-0.12375271 -0.22344065  0.17848237  0.02454138 -0.28829    -0.09663213
  0.16945387  0.03697771 -0.05076617  0.11445454 -0.0867108   0.15148504
 -0.3710349   0.01797846 -0.03740563 -0.03275935 -0.06937151  0.0218637
 -0.04002421 -0.03006025  0.13725935 -0.01867845]","[-0.263051301240921, -0.27738749980926514, 0.10180825740098953, -0.5107859373092651, -0.15129198133945465, -0.15689469873905182, 0.451055109500885, 0.03849434852600098, 0.0226545799523592, 0.5756144523620605, -0.24606163799762726, 0.2056036740541458, 0.030299048870801926, 0.005863664206117392, -0.026134775951504707, -0.021629823371767998, 0.006358728744089603, -0.9808427095413208, -0.009544054046273232, -0.006841445341706276, -0.015821732580661774, 0.9666906595230103]"
300,2.328125,"[ 8.8192129e-01 -4.7139674e-01  2.0000000e-01  0.0000000e+00
  0.0000000e+00 -5.9567451e-02  2.9809264e-02  5.7875402e-02
 -3.8071632e-02  1.2208733e-01 -4.3804884e-02  8.7033272e-02
 -7.6840203e-03  3.7875406e-02  3.2731056e-02 -1.6212618e-01
  7.8217536e-02  1.3923645e-02  7.0571899e-03  7.3052406e-02
  1.1005592e-01 -3.2235146e-02  6.7482948e-02  4.7875404e-02
  7.1907997e-02  2.8419495e-02 -9.3041420e-02  1.5164852e-02
 -1.9780160e-03  3.8901139e-02  5.0549507e-03  3.3025030e-04
  1.9161345e-05 -2.1982193e-04 -3.7363053e-03 -2.3516465e-02
 -1.0989190e-03  6.9873193e-03  3.9053094e-02  1.1208820e-02
  2.1982193e-04  2.1982193e-04 -2.5714302e-02 -2.1982193e-04
  2.1982193e-04  1.9780160e-03 -1.9780160e-03 -6.5937045e-04
  2.8571130e-03 -1.2250455e-01 -7.3139381e-01  5.5930406e-01
 -1.8201047e-01 -1.2039188e+00 -5.0434232e-01 -6.8662219e-02
  4.4076271e-02 -6.9627538e-02  5.3261891e-03 -2.9010040e-01
  7.4747950e-01 -1.4712265e+00 -3.8027056e-02 -3.9903793e-01
 -1.8677439e-01 -1.6237025e-01  1.0511781e-01  1.1642665e-01
 -4.9689329e-01  7.0542395e-01 -1.0332167e-03  4.2254422e-04
  2.7721900e-01 -4.5611143e-01  1.7490888e-01  2.6612628e-02
 -9.8422492e-01]","[ 9.7916514e-02 -2.0559485e-01 -6.5387124e-03 -5.9847441e-02
 -2.6339665e-01 -1.3740389e-01  3.4749515e-02 -4.3326661e-02
  6.1124325e-02  7.1061645e-03 -2.3519728e-02  2.0221771e-01
  4.5171377e-01 -6.9392291e-03 -8.3578274e-02  2.9662393e-02
  2.0947769e-02 -1.6143706e-02  5.5664793e-02 -1.6490994e-03
 -1.5160161e-01 -2.8540567e-04]","[-0.2462044060230255, -0.2400062382221222, 0.07043954730033875, -0.5194120407104492, -0.13042230904102325, -0.1298774927854538, 0.36641961336135864, 0.024403274059295654, 0.02409745380282402, 0.5541037917137146, -0.22515396773815155, 0.16886600852012634, 0.022886786609888077, -0.0005089719779789448, -0.05476926267147064, -0.01782352104783058, -0.006691927555948496, -0.9877898097038269, 0.005708906799554825, -0.026633664965629578, 0.0020775399170815945, 0.991044282913208]"
310,2.40625,"[ 5.55570245e-01 -8.31469595e-01  2.00000003e-01  0.00000000e+00
  0.00000000e+00 -6.03303909e-02  2.56130975e-02  7.08453730e-02
 -2.35748291e-02  1.24040931e-01 -4.13478911e-02  1.41202927e-01
 -4.63226251e-03  3.92364524e-03  7.16409683e-02 -1.48326278e-01
  1.11210033e-01  2.49862671e-02  7.05718994e-03  7.30524063e-02
  8.44964981e-02 -3.22351456e-02  6.55755997e-02  4.82568741e-02
  7.19079971e-02  2.80380249e-02 -8.80823135e-02  2.19821930e-04
  1.53846748e-03 -1.78022385e-02  1.25274658e-02  1.33011618e-03
  6.53267722e-04  5.29670715e-02 -6.59370446e-04 -2.04395298e-02
  2.43955608e-02  2.06873696e-02  3.51897739e-02  2.41756439e-03
 -2.19821930e-04 -6.59370446e-04 -3.14285271e-02 -2.19821930e-04
 -6.59370446e-04 -1.09891896e-03 -1.09891896e-03 -6.59370446e-04
  2.41756439e-03  4.33103263e-01 -9.21666861e-01 -3.66974585e-02
 -1.01011194e-01 -1.19726717e+00 -2.27847189e-01  1.02991581e+00
  1.11270025e-02  1.73813745e-01  4.86147642e-01 -1.35060459e-01
 -1.38278484e-01  1.77362216e+00 -6.04725629e-02 -5.23528308e-02
 -4.56936285e-02  3.26647490e-01 -8.57666880e-02  2.79775083e-01
  3.09880912e-01 -8.56350660e-01  1.17312431e-01  1.33305356e-01
  1.63084850e-01 -5.25629818e-01  1.89812228e-01  2.76667736e-02
 -9.81430531e-01]","[-0.0388714  -0.18918827  0.1242542   0.06875573 -0.36312208  0.01816172
  0.27432483  0.00482179  0.00119955  0.12863897 -0.09898859 -0.00390922
 -0.30272052  0.02715072 -0.02900159 -0.02648508 -0.04056054  0.02270014
 -0.10810851  0.01170571  0.08746301 -0.00807687]","[-0.20924226939678192, -0.2343350648880005, 0.04702053591609001, -0.5087695717811584, -0.17565476894378662, -0.08393631875514984, 0.42627498507499695, 0.017012469470500946, 0.044935088604688644, 0.5788474678993225, -0.22756201028823853, 0.07172098755836487, 0.06059975177049637, 0.002681331243366003, -0.04397980496287346, -0.013720890507102013, 0.002550856675952673, -0.9907159805297852, -0.010869723744690418, 0.007835283875465393, -0.03284195810556412, 0.9996844530105591]"
320,2.484375,"[ 9.8017141e-02 -9.9518472e-01  2.0000000e-01  0.0000000e+00
  0.0000000e+00 -4.8123360e-02  2.2179870e-02  4.9864538e-02
 -1.0986328e-02  1.2404093e-01 -4.1347891e-02  1.3624382e-01
 -6.5396111e-03  1.4223328e-02  6.1722755e-02 -1.4362997e-01
  1.1459212e-01  1.7356873e-02  7.0571899e-03  7.1907997e-02
  4.9782753e-02 -3.2235146e-02  6.5194130e-02  4.7112465e-02
  7.2670937e-02  2.8419495e-02 -8.4267616e-02  2.1758271e-02
 -5.4944991e-03  5.0549507e-03  6.3735964e-03  2.4485181e-04
  1.3638613e-03 -2.1758271e-02 -7.2527886e-03  1.1648369e-02
 -1.7362595e-02 -1.1730234e-02 -2.0310966e-02 -9.4505316e-03
 -2.1982193e-04 -3.2966614e-03 -3.6263753e-02 -2.1982193e-04
 -1.0989190e-03 -1.9780160e-03 -2.1982193e-04 -6.5937045e-04
  8.5714338e-03 -2.3125687e-01 -3.9410275e-01  3.1897688e-01
 -1.0246603e-01 -9.9030590e-01 -8.3568394e-02  1.0352282e-01
  1.3651781e-02  4.0290847e-02  9.4648324e-02 -8.0863252e-02
 -1.3327864e-01 -1.7567831e+00 -1.6929662e-02 -4.4115320e-01
 -3.4729362e-02 -7.1198732e-02  1.3442764e-01 -2.5864294e-01
 -5.9348834e-01  6.1353642e-01 -3.9913841e-02  4.5762740e-02
 -1.1039832e-01 -3.5699466e-01  1.8631507e-01  3.0836675e-02
 -9.8200595e-01]","[-0.0929568  -0.06090887 -0.01448934 -0.05437626  0.02279838 -0.04096105
 -0.0455029   0.01948216 -0.01133477  0.01455658  0.12048006 -0.03793266
  0.41656417 -0.03153004 -0.03519773  0.01772757  0.02323001  0.00551422
  0.0817303  -0.01987676 -0.06491462 -0.01265272]","[-0.2803713083267212, -0.15466658771038055, 0.025286389514803886, -0.5010721683502197, -0.039137452840805054, -0.024257104843854904, 0.34310463070869446, 0.031148754060268402, 0.01975865662097931, 0.5589056015014648, -0.15102826058864594, -0.03174746409058571, 0.009721505455672741, -0.007719401270151138, -0.046416983008384705, -0.010073651559650898, 0.0010460133198648691, -0.9792344570159912, -0.00931345485150814, -0.021878832951188087, 0.010057679377496243, 0.9959548711776733]"
330,2.5625,"[-3.8268343e-01 -9.2387950e-01  2.0000000e-01  0.0000000e+00
  0.0000000e+00 -2.5234222e-02  1.6076354e-02  2.9645691e-02
  8.3923340e-04  1.2672991e-01 -3.4683980e-02  1.4501762e-01
 -1.4931945e-02  2.8720131e-02  7.3929787e-02 -1.4428800e-01
  8.6637855e-02  1.5068054e-02  7.0571899e-03  6.8856239e-02
  1.8882751e-02 -3.2235146e-02  6.5575600e-02  4.7112465e-02
  7.2289467e-02  2.8038025e-02 -7.2060585e-02  2.0439530e-02
 -2.4175644e-03 -1.5604401e-02  5.9340480e-03  2.4823665e-03
  4.1655446e-03  1.5164852e-02 -6.5937045e-04  2.6593400e-02
  2.5274754e-02  5.1397146e-03 -3.1657696e-02  2.1982193e-04
 -6.5937045e-04 -3.2966614e-03 -2.8351689e-02  2.1982193e-04
 -1.0989190e-03 -1.5384675e-03  6.5937045e-04 -2.1982193e-04
  1.4725304e-02  2.9030437e-02  2.2461619e-02 -2.7422807e-01
  2.0767279e-01  3.7969019e-02  9.1002071e-01  3.2493275e-01
  5.7469976e-01 -6.4309365e-01  4.5586303e-01  1.0099560e+00
 -8.4288514e-01  1.4703983e+00 -1.2583481e-01  9.4990000e-02
 -4.6562853e-01  4.5381080e-02 -2.4394415e-02  5.0396734e-01
  6.2223899e-01 -5.3174484e-01  1.6433716e-01  1.8140480e-01
 -1.9355107e-02 -2.2728753e-01  1.8345182e-01  2.6040621e-02
 -9.8268366e-01]","[-0.10649633  0.0333175  -0.0353478   0.07354163 -0.04931421  0.16262326
 -0.01746293  0.12994884 -0.05649103  0.02747539  0.2328153  -0.11323738
 -0.41166982  0.05495917 -0.06276601  0.04435249  0.01200965  0.01950127
 -0.16513224 -0.0751714   0.09138852 -0.00567621]","[-0.35089027881622314, -0.03740837424993515, -0.04223507270216942, -0.4688447117805481, 0.12810355424880981, 0.0810057520866394, 0.2663846015930176, 0.11990190297365189, -0.04460027068853378, 0.5584112405776978, 0.014614513143897057, -0.1271280199289322, 0.0053608594462275505, -0.0023995942901819944, -0.022480729967355728, -0.012231920845806599, 0.008160659112036228, -0.9839235544204712, -0.022002974525094032, 0.0010700225830078125, -0.009624870494008064, 0.9999436140060425]"
340,2.640625,"[-7.73010433e-01 -6.34393275e-01  2.00000003e-01  0.00000000e+00
  0.00000000e+00 -2.82859802e-02  1.41690057e-02  2.31607053e-02
 -5.64575195e-03  1.34013534e-01 -2.41992790e-02  1.24418259e-01
 -1.60763543e-02  2.14722063e-02  6.55374527e-02 -1.47808701e-01
  3.09703890e-02  9.72747803e-03  7.05718994e-03  4.97827530e-02
 -4.76837158e-03 -3.22351456e-02  6.55755997e-02  4.71124649e-02
  7.22894669e-02  2.84194946e-02 -6.09979630e-02 -2.85711302e-03
 -9.89007950e-03  1.97801599e-03 -1.12088202e-02  3.35937785e-03
  6.06233068e-03 -1.16483690e-02 -1.95604321e-02 -3.49450111e-02
 -1.99999809e-02 -2.36209985e-02 -5.59543967e-02  1.97801599e-03
 -2.19821930e-04 -2.17582714e-02 -1.29670147e-02  2.19821930e-04
 -2.19821930e-04  6.59370446e-04 -2.19821930e-04 -2.19821930e-04
  5.93404798e-03 -1.79701841e+00 -1.06958196e-01  2.09950909e-01
 -6.67693257e-01  8.03074896e-01 -5.58923781e-01 -2.99108863e-01
  1.03825855e+00 -2.26018384e-01  3.58687118e-02  8.54112506e-01
 -7.32012987e-01 -9.64181244e-01 -8.61152112e-02  2.20962130e-02
  2.45993838e-01  2.99833827e-02 -5.32525778e-03 -2.90654242e-01
 -8.14916253e-01  4.21655118e-01 -9.88332778e-02  1.57257736e-01
  6.97792545e-02 -4.62814197e-02  1.84323296e-01  2.25493833e-02
 -9.82607007e-01]","[-0.05610823  0.0026009  -0.04998686 -0.01099296  0.0451415   0.1929914
  0.03894923  0.21192326 -0.20412114  0.10542342  0.25568488 -0.17958647
  0.36525133 -0.0560407   0.00589217 -0.1149672  -0.00721646 -0.01747886
  0.17374417  0.15190232 -0.09259413  0.05048172]","[-0.4286721348762512, -0.01771274395287037, -0.042116422206163406, -0.48754388093948364, 0.2152717113494873, 0.09258048236370087, 0.23394082486629486, 0.19824524223804474, -0.09486626833677292, 0.5624134540557861, 0.0853850394487381, -0.16392666101455688, -0.020131004974246025, -0.014424928463995457, -0.009285414591431618, -0.021997932344675064, -0.0020744085777550936, -0.9996097683906555, -0.013281434774398804, -0.00472493190318346, 0.006320112384855747, 1.0116419792175293]"
350,2.71875,"[-9.80785251e-01 -1.95090324e-01  2.00000003e-01  0.00000000e+00
  0.00000000e+00 -4.46901321e-02  1.68392938e-02 -3.17718908e-02
 -7.55310059e-03  1.46983802e-01 -1.88786164e-03  1.00004196e-01
 -1.98910516e-02 -4.49054316e-02  3.38754654e-02 -1.60974473e-01
 -3.40004265e-03  9.53674316e-04  7.05718994e-03  1.46865845e-02
 -1.58309937e-02 -3.22351456e-02  6.55755997e-02  4.67309952e-02
  7.22894669e-02  2.84194946e-02 -5.18426895e-02 -1.82417873e-02
 -8.57143383e-03 -9.38461348e-02  1.97801599e-03 -4.80110664e-03
  1.23586645e-02 -6.81314478e-03 -2.85711302e-03 -6.13186844e-02
 -2.17582714e-02 -2.81036533e-02 -1.39542222e-02 -7.69233704e-03
  2.19821930e-04 -4.06593345e-02  4.61540231e-03 -2.19821930e-04
  6.59370446e-04 -2.19821930e-04 -2.19821930e-04 -2.19821930e-04
  6.37359638e-03  5.51033378e-01  1.70901254e-01 -4.35906231e-01
  7.44169533e-01 -4.56826150e-01  1.34010684e+00  1.80383384e-01
  4.81617063e-01 -4.76655781e-01  3.61054301e-01  1.24812162e+00
 -7.35758543e-01 -1.08236775e-01  7.15681762e-02 -7.79757798e-02
 -4.36935186e-01 -2.54289173e-02  5.26195019e-02 -1.59149081e-01
  7.05133915e-01 -3.87223184e-01  1.14211246e-01 -5.34510203e-02
  2.58033574e-01  2.51033127e-01  1.93179220e-01  1.68638043e-02
 -9.81018543e-01]","[-4.47478443e-01 -4.86107394e-02  5.10077551e-02 -1.65261388e-01
  2.00076759e-01 -1.14632726e-01 -7.48528317e-02  2.35281095e-01
 -4.17565294e-02  1.06757879e-02  2.39763170e-01 -1.84500158e-01
 -2.22088560e-01 -8.00052471e-03 -4.61105257e-03  6.50065541e-02
  5.22527844e-05  3.31563875e-03 -9.95590389e-02 -1.84055984e-01
  9.38485265e-02 -4.79179695e-02]","[-0.4310455620288849, -0.03595289587974548, -0.03352709859609604, -0.51259845495224, 0.21816469728946686, 0.08998172730207443, 0.2319779247045517, 0.2185845971107483, -0.09427546709775925, 0.561744213104248, 0.12038040161132812, -0.16190101206302643, -0.01548194233328104, -0.008667655289173126, -0.006818041671067476, -0.02809450402855873, 0.0002477563975844532, -0.9977765083312988, -0.018973272293806076, -0.001802255166694522, -0.0022951283026486635, 1.00128173828125]"
360,2.796875,"[-9.56940353e-01  2.90284663e-01  2.00000003e-01  0.00000000e+00
  0.00000000e+00 -9.58080292e-02  1.45504754e-02 -4.85565588e-02
 -2.16674805e-02  1.43637389e-01  9.55309067e-03  9.65709686e-02
 -2.25613397e-02 -5.78754023e-02  2.31933594e-02 -1.66823298e-01
 -4.52539604e-03 -2.19345093e-02  7.05718994e-03 -3.52869034e-02
 -1.08718872e-02 -3.22351456e-02  6.44311905e-02  4.71124649e-02
  7.38153458e-02  2.84194946e-02 -4.95538712e-02 -4.90109436e-02
 -1.09891896e-03  4.10988815e-02 -3.29666142e-03 -1.49650872e-02
  2.01734751e-02 -4.61540231e-03 -3.29666142e-03  4.61540231e-03
 -5.93404798e-03  1.06125852e-04 -1.84410182e-03 -3.49450111e-02
 -2.19821930e-04 -4.15384285e-02  7.69233704e-03  2.19821930e-04
 -1.97801599e-03  6.59370446e-04  1.97801599e-03 -6.59370446e-04
 -6.59370446e-04 -1.83094633e+00 -2.10635230e-01  4.98969667e-02
 -5.74897766e-01  1.05192113e+00 -5.50176680e-01 -4.09335434e-01
  7.72686779e-01 -3.04799080e-01  1.82248294e-01  8.17400038e-01
 -7.61740446e-01  4.18195903e-01 -2.79770285e-01  6.09163083e-02
 -1.90158505e-02  1.47921555e-02  4.88806069e-02  1.04590073e-01
 -4.69551325e-01  2.03498974e-01 -2.02796429e-01 -2.15090930e-01
  2.68148202e-02  4.71998692e-01  2.01797411e-01  1.96962021e-02
 -9.79229212e-01]","[ 0.12694937  0.04861947 -0.0931609   0.12471046 -0.1006284   0.27370307
  0.10830587  0.12697996 -0.13885692  0.08087713  0.28509942 -0.16151886
  0.08926696  0.00191362 -0.02444005 -0.10250617 -0.00149236  0.03247599
 -0.00942224  0.18314208 -0.10692976 -0.00847641]","[-0.4252626597881317, -0.037643469870090485, -0.028091687709093094, -0.5297081470489502, 0.21795618534088135, 0.06858620047569275, 0.2528117597103119, 0.20421631634235382, -0.08651448786258698, 0.5517997145652771, 0.10835549235343933, -0.1626589000225067, 0.006743540056049824, -0.013412906788289547, -0.01257495116442442, -0.02739635668694973, 0.005102052818983793, -0.9838727712631226, -0.026557359844446182, -0.007623438723385334, -0.006251722574234009, 0.9747575521469116]"
370,2.875,"[-7.0710677e-01  7.0710677e-01  2.0000000e-01  0.0000000e+00
  0.0000000e+00 -1.2861443e-01  1.3787536e-02 -7.7383425e-03
 -4.3030739e-02  1.3197622e-01  2.1968070e-02  8.3600044e-02
 -2.2561340e-02 -6.3978918e-02  2.0904541e-02 -1.6673079e-01
 -5.0056139e-03 -4.4442177e-02  7.0571899e-03 -8.2970619e-02
 -1.1253357e-02 -3.2235146e-02  6.2523842e-02  4.7112465e-02
  7.3815346e-02  2.8419495e-02 -4.9553871e-02 -1.4285755e-02
 -1.0989190e-03  1.9560432e-02 -1.4285755e-02 -4.9467566e-03
  4.6395333e-03 -1.7362595e-02  1.5384675e-03 -5.0549507e-03
 -2.1982193e-04 -1.6006898e-03 -1.1045247e-03 -2.1318723e-02
 -2.1982193e-04 -3.6703300e-02 -4.1758539e-03  2.1982193e-04
 -2.4175644e-03 -6.5937045e-04 -2.1982193e-04 -2.1982193e-04
 -2.1982193e-04 -1.6375871e-01  2.1968789e-01 -2.6527959e-01
  4.6163735e-01 -4.4584352e-01  6.9517332e-01  2.7721077e-01
  3.2426485e-01 -1.9010817e-01  2.0746936e-01  1.0530522e+00
 -3.1835854e-01 -1.2175349e+00  2.9288444e-01 -1.7694584e-01
  9.1893319e-03 -2.6532356e-02  2.5163776e-01 -9.3183613e-01
 -6.2343117e-02 -6.7548454e-03 -3.5409415e-01 -2.4547431e-01
 -7.2090596e-02  6.1765581e-01  1.9923347e-01  2.2998320e-02
 -9.7968209e-01]","[-3.8542330e-01 -1.7330065e-02 -1.5035860e-02 -1.0997775e-01
  2.0435801e-01 -1.7722185e-01 -1.3073792e-01  1.2312385e-01
 -3.8748980e-02 -1.2428242e-02  1.6364482e-01 -8.2140908e-02
  3.9145719e-02 -6.7993946e-02 -2.7885629e-02  2.6855316e-02
  1.3001356e-04  5.5540327e-02  4.4088336e-03 -1.3570420e-01
  7.1755528e-02 -9.6940979e-02]","[-0.40739843249320984, -0.021889954805374146, -0.048965346068143845, -0.5219942927360535, 0.19692254066467285, 0.03533277288079262, 0.25695282220840454, 0.16921907663345337, -0.07104337215423584, 0.533033013343811, 0.07850184291601181, -0.10316017270088196, -0.0107315918430686, -0.012970536947250366, -0.029546592384576797, -0.020765449851751328, 0.0034613844472914934, -0.9561266303062439, -0.046244021505117416, -0.01642427034676075, -0.0030767456628382206, 0.9339204430580139]"
380,2.953125,"[-2.9028466e-01  9.5694035e-01  2.0000000e-01  0.0000000e+00
  0.0000000e+00 -1.4082146e-01  3.1063836e-03 -4.6865847e-03
 -5.3330421e-02  1.2874803e-01  1.6648408e-02  7.1393013e-02
 -2.2179870e-02 -6.4360388e-02  2.1667480e-02 -1.6774893e-01
 -5.8035529e-03 -5.3978920e-02  7.0571899e-03 -1.1730385e-01
 -1.2016296e-02 -3.2235146e-02  6.2142372e-02  4.7112465e-02
  7.3815346e-02  2.8419495e-02 -4.9935341e-02 -9.8900795e-03
 -6.3735964e-03 -1.0989190e-03 -7.2527886e-03 -2.7383096e-03
 -8.4609492e-03 -9.8900795e-03  2.4175644e-03  2.1982193e-04
  2.1982193e-04  3.1984787e-04 -7.3495221e-07 -1.9780160e-03
 -2.1982193e-04 -2.4835205e-02 -2.1982193e-04 -6.5937045e-04
 -1.5384675e-03 -6.5937045e-04 -2.1982193e-04 -2.1982193e-04
  2.1982193e-04 -3.6356246e-01 -1.7978322e-02 -2.1574543e-01
 -2.2890897e-01  2.4091114e-01 -3.8127899e-02 -6.7966171e-02
  3.0868047e-01 -3.5474569e-01  1.0537157e-01  7.4194330e-01
 -1.5051134e-02  1.2942804e+00 -1.9076891e-01 -2.4728423e-01
 -3.5028300e-01  6.3040465e-02  2.6809603e-01  2.6674387e-01
  1.8214883e-01 -2.9114306e-01 -4.3660280e-01 -1.5540992e-01
 -5.6024197e-02  7.1921414e-01  1.9700116e-01  2.4769321e-02
 -9.8009026e-01]","[-0.05542992 -0.01042149 -0.01869669  0.01432852 -0.17222121  0.01736384
  0.18258421  0.06897051 -0.02866757  0.08459461  0.15240124 -0.03618132
 -0.25686848  0.04588367 -0.02453003  0.03591908  0.01241722  0.07374003
 -0.17027248 -0.0076366   0.00145807 -0.12868181]","[-0.39145806431770325, -0.02952866069972515, -0.04287533462047577, -0.5467963218688965, 0.16159074008464813, -0.03376633673906326, 0.27305975556373596, 0.12834569811820984, -0.049674805253744125, 0.5304026007652283, 0.0338168703019619, -0.03737187013030052, -0.01117926649749279, -0.012740280479192734, -0.0400712676346302, -0.01003399770706892, 0.009679306298494339, -0.9329619407653809, -0.04636199772357941, -0.02648470178246498, -0.0023499405942857265, 0.8869527578353882]"
390,3.03125,"[ 1.95090324e-01  9.80785251e-01  2.00000003e-01  0.00000000e+00
  0.00000000e+00 -1.41965866e-01  3.86932306e-03 -1.34603884e-02
 -5.18045425e-02  1.23461634e-01 -6.31028786e-04  6.18562698e-02
 -1.68392938e-02 -6.32159784e-02  1.86157227e-02 -1.67378753e-01
 -4.52500768e-03 -4.97827530e-02  7.05718994e-03 -1.32562637e-01
 -1.20162964e-02 -3.22351456e-02  6.32867813e-02  4.74939346e-02
  7.38153458e-02  2.84194946e-02 -5.45129776e-02  6.59370446e-04
  1.97801599e-03 -5.05495071e-03  6.59370446e-04 -5.58490446e-03
 -1.53623745e-02 -7.25278864e-03  7.25278864e-03  2.85711302e-03
 -4.61540231e-03  2.13419762e-03  4.23689699e-03  8.57143383e-03
  6.59370446e-04  5.05495071e-03  2.19821930e-04 -6.59370446e-04
  2.41756439e-03 -1.53846748e-03 -6.59370446e-04  2.19821930e-04
 -7.69233704e-03 -2.21202716e-01 -2.27544621e-01  3.99862051e-01
 -2.51234382e-01 -1.10672987e+00 -6.26388669e-01  6.15458861e-02
 -2.43183047e-01  6.75478578e-02 -2.56041378e-01 -4.20007408e-02
  8.85334790e-01 -9.90167081e-01  8.91954154e-02 -3.18990648e-01
 -1.77968461e-02 -1.22706234e-01  3.51365924e-01 -2.87150472e-01
 -4.74228024e-01  4.53760266e-01 -5.76876521e-01 -8.01946148e-02
 -2.14045960e-02  4.64834034e-01  1.95487738e-01  2.17181314e-02
 -9.80465531e-01]","[ 0.07136238 -0.12596685 -0.03695528 -0.05908389 -0.22028658 -0.20294133
 -0.00203582 -0.02610708  0.0519435  -0.06543267 -0.01247555  0.22664924
  0.27709273 -0.02533023 -0.09515935  0.02432739  0.04189167  0.05768634
  0.00137365 -0.03618338 -0.07621285 -0.1224262 ]","[-0.2772196829319, -0.08704818040132523, -0.011843536049127579, -0.5423564314842224, -0.019541148096323013, -0.12756767868995667, 0.2977719306945801, 0.034091878682374954, 0.018399681895971298, 0.4898691475391388, -0.09590758383274078, 0.12489049881696701, -0.010782673954963684, 0.0006244197720661759, -0.06468828022480011, 0.008118894882500172, 0.0139553127810359, -0.923912763595581, -0.054594121873378754, -0.04032573848962784, -0.0033790990710258484, 0.8666611909866333]"
400,3.109375,"[ 6.34393275e-01  7.73010433e-01  2.00000003e-01  0.00000000e+00
  0.00000000e+00 -1.41965866e-01  1.07357781e-02 -1.42233279e-02
 -5.67636490e-02  1.20366335e-01 -1.76765360e-02  5.95674515e-02
 -1.03543084e-02 -5.52051142e-02  1.78527832e-02 -1.68011963e-01
  2.98666675e-03 -3.14722061e-02  7.05718994e-03 -1.19592667e-01
 -1.20162964e-02 -3.22351456e-02  6.55755997e-02  4.71124649e-02
  7.34338760e-02  2.84194946e-02 -6.21423721e-02  2.19821930e-04
  5.05495071e-03 -1.09891896e-03 -7.25278864e-03  5.62034082e-03
 -1.16490023e-02 -1.53846748e-03  9.45053156e-03 -2.19821930e-04
 -2.19821930e-04  2.90250173e-03  7.02192588e-03  1.78022385e-02
 -2.19821930e-04  9.45053156e-03  2.19821930e-04 -2.19821930e-04
  4.61540231e-03  2.19821930e-04 -2.19821930e-04 -6.59370446e-04
 -6.37359638e-03  4.16496485e-01 -9.47293043e-01  1.86215833e-01
 -2.61529148e-01 -1.43601251e+00 -8.62008035e-01  9.59964871e-01
 -8.30683410e-02  3.08606148e-01  1.60426974e-01 -3.36551785e-01
  8.44603598e-01  1.34991837e+00 -4.38393131e-02 -1.95563108e-01
  2.19293498e-03  3.38168800e-01  9.22106951e-02  7.02295154e-02
  3.44943479e-02 -5.14276564e-01 -3.03856671e-01 -3.12604010e-02
 -1.75399587e-01  2.34769002e-01  1.94265619e-01  2.04712488e-02
 -9.80735421e-01]","[-0.0844346  -0.23344168  0.19669735 -0.01066414 -0.3807038  -0.19100907
  0.30890465  0.00563348 -0.00268059  0.09432005 -0.10471061  0.15735687
 -0.2144963   0.03214994  0.01590369 -0.00792233 -0.03903599  0.04498509
 -0.06787961  0.00221369  0.07187536 -0.08108591]","[-0.22960339486598969, -0.22246266901493073, 0.07383418083190918, -0.5503841638565063, -0.17655369639396667, -0.21514862775802612, 0.4164854884147644, 0.009483490139245987, 0.05029532313346863, 0.514296293258667, -0.2265995889902115, 0.21650303900241852, 0.04390524700284004, 0.0027997910510748625, -0.04406056925654411, 0.003427763469517231, 0.011549660004675388, -0.9471598267555237, -0.028769366443157196, -0.019333599135279655, -0.01179737038910389, 0.9012476205825806]"
410,3.1875,"[ 9.23879504e-01  3.82683426e-01  2.00000003e-01  0.00000000e+00
  0.00000000e+00 -1.02293015e-01  1.87466424e-02 -1.49862673e-02
 -4.72269058e-02  1.13396525e-01 -3.05935163e-02  4.85048294e-02
 -8.17565247e-04  6.59393333e-03  1.83105469e-03 -1.69427693e-01
  2.97674332e-02 -8.20159912e-03  7.05718994e-03 -1.20737076e-01
 -1.23977661e-02 -3.22351456e-02  7.05347061e-02  4.71124649e-02
  7.15265274e-02  2.84194946e-02 -7.81641006e-02  3.80219482e-02
  1.47253042e-02 -1.97801599e-03  6.37359638e-03 -7.75881577e-04
 -3.30690782e-05 -2.17582714e-02  2.21978184e-02  1.01758294e-01
 -4.17585392e-03  1.23266755e-02  2.07159128e-02  1.64834987e-02
  2.19821930e-04 -4.17585392e-03  6.59370446e-04 -6.59370446e-04
  1.09891896e-03  2.19821930e-04 -2.85711302e-03 -2.19821930e-04
 -1.82417873e-02 -4.32890177e-01 -8.88420284e-01  7.10983634e-01
 -3.44225392e-02 -1.20076823e+00 -6.89706802e-01  6.34202838e-01
  1.34950757e-01 -1.51450083e-01  2.97631741e-01 -3.27343315e-01
  7.75709033e-01 -1.22090006e+00  4.85433862e-02 -7.32297227e-02
 -1.03995629e-01 -2.05288336e-01  1.50717542e-01 -1.56576857e-01
 -1.39701396e-01  4.63637888e-01 -1.89835742e-01  4.04540300e-02
 -1.57492101e-01 -3.52808163e-02  1.80691078e-01  1.64551865e-02
 -9.83402252e-01]","[ 0.07080355 -0.18784046  0.05195097 -0.08123906 -0.24553365 -0.22586878
 -0.06613278 -0.06752851  0.0583825  -0.10634542 -0.06220231  0.39449137
  0.19887996 -0.01508373 -0.10959157  0.02905857  0.020946    0.03266652
  0.02325517 -0.09560142 -0.04668136 -0.05100325]","[-0.26461970806121826, -0.24528852105140686, 0.10499244183301926, -0.5371701717376709, -0.1505991518497467, -0.22096917033195496, 0.3777957558631897, 0.014055820181965828, 0.034232091158628464, 0.511259913444519, -0.23627103865146637, 0.267645001411438, -0.00844384916126728, 0.0032171974889934063, -0.03713741526007652, 0.0035712129902094603, -0.0011328307446092367, -0.961251974105835, -0.01601121388375759, -0.03708367794752121, 0.011349014937877655, 0.9384154081344604]"
420,3.2656249999999996,"[ 9.95184720e-01 -9.80171412e-02  2.00000003e-01  0.00000000e+00
  0.00000000e+00 -7.52077103e-02  2.14169305e-02  2.65939329e-02
 -3.54013443e-02  1.08656824e-01 -3.86136994e-02  8.85591507e-02
 -4.63226251e-03  5.88562414e-02  3.04412842e-02 -1.64886326e-01
  6.70879558e-02  3.22351456e-02  7.05718994e-03 -1.23025894e-01
 -1.23977661e-02 -3.22351456e-02  6.86273575e-02  4.86383438e-02
  7.03821182e-02  2.84194946e-02 -8.80823135e-02  1.60439499e-02
  2.85711302e-03  4.81318496e-02  5.49449911e-03 -9.39488655e-06
 -5.88038820e-04  3.67032997e-02 -6.37359638e-03  8.57143383e-03
  1.20879179e-02  2.17490178e-02  4.78996448e-02  3.75823975e-02
 -2.19821930e-04  1.09891896e-03 -3.29666142e-03  2.19821930e-04
 -2.85711302e-03 -1.09891896e-03 -1.53846748e-03 -2.19821930e-04
 -5.49449911e-03  3.31474483e-01 -6.82216227e-01  5.22088818e-02
 -1.91400245e-01 -1.02811790e+00 -7.16313601e-01  2.66080886e-01
 -7.66542405e-02  2.22258180e-01 -8.93404558e-02 -1.74074367e-01
  1.16007972e+00  1.52905190e+00 -7.33700916e-02 -2.92717874e-01
  6.22981712e-02  2.53286809e-01 -7.57998973e-03  1.48538232e-01
 -1.25119627e-01 -5.71910799e-01 -1.00779921e-01  1.04198985e-01
 -6.00503571e-02 -2.61502385e-01  1.78240389e-01  1.50456838e-02
 -9.83871937e-01]","[-0.0890714  -0.22747822  0.13335937  0.06087042 -0.33576757 -0.09315855
  0.4235666   0.03938486 -0.00570434  0.22876175 -0.15435447  0.00904054
 -0.15107821  0.0305254   0.07433665 -0.01296006 -0.01979643  0.02084048
 -0.10383657  0.07966974  0.00967494 -0.03168602]","[-0.25599125027656555, -0.22781723737716675, 0.08002118766307831, -0.5140559673309326, -0.13845863938331604, -0.16865409910678864, 0.4133121967315674, 0.03297673165798187, 0.02822706289589405, 0.5594058632850647, -0.2450408786535263, 0.21135224401950836, 0.03140455111861229, 0.0023901297245174646, -0.020847873762249947, 0.0024297821801155806, 0.006386198569089174, -0.9786308407783508, -0.01723106950521469, -0.008666180074214935, -0.01624882221221924, 0.9659824967384338]"
430,3.34375,"[ 8.31469595e-01 -5.55570245e-01  2.00000003e-01  0.00000000e+00
  0.00000000e+00 -6.68153763e-02  2.10354608e-02  7.92377070e-02
 -3.50198746e-02  1.09246165e-01 -3.79052460e-02  1.10685349e-01
 -1.53134149e-02  3.25348303e-02  2.96783447e-02 -1.55733764e-01
  1.02513000e-01  5.43603897e-02  7.05718994e-03 -1.23407364e-01
 -1.39236450e-02 -3.26166153e-02  6.74829483e-02  4.82568741e-02
  7.07635880e-02  2.84194946e-02 -8.96081924e-02  9.89007950e-03
 -6.59370446e-04  2.30769161e-02  1.09891896e-03 -1.04881976e-04
  3.86442116e-04  3.73630528e-03 -4.17585392e-03 -3.31868194e-02
 -2.85711302e-03 -4.97143425e-04  2.03038398e-02  6.81314478e-03
 -1.09891896e-03 -1.53846748e-03 -6.59370446e-04 -2.19821930e-04
  1.09891896e-03 -2.19821930e-04 -6.59370446e-04 -2.19821930e-04
 -2.19821930e-04 -3.90151292e-01 -7.74394393e-01  5.08212328e-01
  2.63353735e-01 -1.29129851e+00 -2.02679068e-01  1.04332256e+00
  1.21272318e-01 -2.72711664e-02  6.62849188e-01 -4.30137694e-01
  1.30388677e-01 -1.38321996e+00  6.84047490e-02 -2.39917710e-02
 -9.11215022e-02 -1.57229856e-01  7.51738101e-02 -3.73117596e-01
  3.07684839e-02  3.66124749e-01 -5.07093892e-02  6.79764524e-02
 -1.75926741e-02 -4.59582150e-01  1.74149007e-01  1.78052373e-02
 -9.84558344e-01]","[ 0.03360406 -0.12896068  0.01606666 -0.08494185 -0.1815087  -0.19559285
 -0.15531394 -0.06128348  0.06654797 -0.08939706 -0.04316449  0.23257343
  0.07072192 -0.02052793 -0.09509288  0.01889526 -0.00183202  0.03514096
  0.03586023 -0.12636006  0.0141452  -0.01998375]","[-0.2677498161792755, -0.21199509501457214, 0.057232461869716644, -0.5021353363990784, -0.11450012773275375, -0.13366898894309998, 0.37871989607810974, 0.03095744363963604, 0.03342403843998909, 0.5670959949493408, -0.23372238874435425, 0.12957763671875, -0.033008746802806854, -0.0005981001304462552, -0.020955560728907585, 0.0005163300083950162, -0.006667164620012045, -0.9775778651237488, -0.01736832596361637, -0.020338881760835648, 0.007135826162993908, 0.9862706065177917]"
440,3.421875,"[ 4.71396744e-01 -8.81921291e-01  2.00000003e-01  0.00000000e+00
  0.00000000e+00 -5.65156937e-02  1.87466424e-02  5.74939325e-02
 -2.39562988e-02  1.10819638e-01 -3.57929543e-02  1.32047653e-01
 -9.20989923e-03  7.73834251e-03  5.25674820e-02 -1.52179360e-01
  1.17622636e-01  5.62677383e-02  7.05718994e-03 -1.23407364e-01
 -1.43051147e-02 -3.22351456e-02  6.63385391e-02  4.78754044e-02
  7.07635880e-02  2.84194946e-02 -8.80823135e-02  7.25278864e-03
  2.19821930e-04 -2.87912376e-02  9.01098270e-03  1.16970019e-04
  3.96490330e-04  3.05494312e-02  1.09891896e-03  2.19821930e-04
  2.08790787e-02  1.96765852e-03  7.69645348e-03 -2.41756439e-03
 -6.59370446e-04  2.19821930e-04 -2.19821930e-04  2.19821930e-04
 -1.09891896e-03 -1.53846748e-03 -2.19821930e-04 -1.09891896e-03
  2.19821930e-04  5.01756445e-02 -4.06748772e-01 -7.27471709e-02
 -2.21727103e-01 -4.45247710e-01 -4.46471632e-01 -2.40192354e-01
 -1.71075255e-01  1.85546294e-01 -6.64383620e-02  1.34165272e-01
  4.43988025e-01  1.41129088e+00 -5.14289886e-02 -2.92953283e-01
  7.30568320e-02  1.13507003e-01  5.72960079e-03  2.08580762e-01
 -1.95610762e-01 -2.98155189e-01 -5.09019047e-02  1.84257641e-01
  3.95899341e-02 -4.59598690e-01  1.75347477e-01  1.53329708e-02
 -9.84387159e-01]","[-0.00816264 -0.14018947  0.01846109  0.12607138 -0.30112055  0.09476443
  0.36386976  0.01262317  0.0152439   0.20722817 -0.07964279 -0.15084378
 -0.07521713  0.01100722  0.04783908 -0.03540491  0.0088227   0.02682894
 -0.11611265  0.12831444 -0.07648227  0.00085435]","[-0.24566994607448578, -0.17779625952243805, 0.023239657282829285, -0.49147722125053406, -0.08723848313093185, -0.06996820867061615, 0.368526816368103, 0.014968838542699814, 0.04025515168905258, 0.568058431148529, -0.2014743834733963, 0.038511812686920166, 0.03255905583500862, -0.005413958802819252, -0.02702167257666588, -0.00601885374635458, 0.008569803088903427, -0.9824779629707336, -0.0119297094643116, -0.0005834475159645081, -0.022721780464053154, 0.9975525140762329]"
450,3.5000000000000004,"[-2.69546086e-15 -1.00000000e+00  2.00000003e-01  0.00000000e+00
  0.00000000e+00 -5.11751175e-02  1.87466424e-02  3.91824320e-02
 -1.44195557e-02  1.11022562e-01 -3.51049379e-02  1.35480881e-01
 -7.30255060e-03  1.99453738e-02  6.01968765e-02 -1.54061288e-01
  1.00629345e-01  5.05456924e-02  7.05718994e-03 -1.23788834e-01
 -1.39236450e-02 -3.26166153e-02  6.59570694e-02  4.67309952e-02
  7.07635880e-02  2.84194946e-02 -8.65564346e-02  6.37359638e-03
 -6.59370446e-04 -6.37359638e-03  5.49449911e-03  8.86340240e-06
  5.86799695e-04  1.97801599e-03 -6.59370446e-04  9.89007950e-03
  6.59370446e-04 -6.44887565e-03 -2.65884250e-02 -1.34065626e-02
  2.19821930e-04 -2.19821930e-04 -2.19821930e-04 -6.59370446e-04
 -1.09891896e-03 -1.53846748e-03 -6.59370446e-04 -2.19821930e-04
  1.97801599e-03 -2.09340841e-01 -1.80907294e-01  3.48352231e-02
  5.52951515e-01 -9.50741827e-01  6.36306882e-01  6.97946846e-01
  2.72574499e-02 -3.07054967e-02  4.74109530e-01  1.34881869e-01
 -4.33535427e-01 -1.35761178e+00  1.17163986e-01 -1.74025148e-01
 -1.05119891e-01 -7.18335509e-02  1.53962955e-01 -7.04249024e-01
  3.74553651e-02  2.76001930e-01 -7.22288042e-02  1.52164653e-01
 -1.07974268e-01 -3.89591902e-01  1.73628613e-01  1.35116503e-02
 -9.84718561e-01]","[-0.23228574 -0.0309145   0.01081196 -0.09771412  0.08873806 -0.13468888
 -0.1530423   0.05772681  0.010306   -0.01715877  0.09932339 -0.07252727
  0.02880453 -0.04577226 -0.02199464  0.04382925  0.00112165  0.0328246
  0.03426545 -0.13790324  0.043483   -0.02033785]","[-0.31607186794281006, -0.10915778577327728, 0.003726265160366893, -0.4859601855278015, 0.011185185983777046, 0.005067172460258007, 0.32743048667907715, 0.05207042023539543, 0.012013216502964497, 0.5702447891235352, -0.11632122844457626, -0.07289566099643707, -0.03561478853225708, -0.010519220493733883, -0.01843351125717163, -0.0007975154439918697, 0.002378844190388918, -0.9736891984939575, -0.03239556401968002, -0.014441057108342648, 0.002947480883449316, 0.9915074110031128]"
460,3.578125,"[-4.71396744e-01 -8.81921291e-01  2.00000003e-01  0.00000000e+00
  0.00000000e+00 -3.40089798e-02  1.83651727e-02  2.65939329e-02
 -2.97546387e-03  1.14877641e-01 -2.76562143e-02  1.30903244e-01
 -1.60763543e-02  2.18536761e-02  6.09598160e-02 -1.54022515e-01
  5.39207608e-02  4.13904190e-02  7.05718994e-03 -1.23788834e-01
 -1.39236450e-02 -3.22351456e-02  6.59570694e-02  4.71124649e-02
  7.07635880e-02  2.80380249e-02 -7.70196915e-02  1.42857553e-02
 -1.97801599e-03 -1.60439499e-02  6.81314478e-03 -1.67983235e-04
  4.08441620e-03 -5.93404798e-03 -5.05495071e-03  6.59370446e-04
  1.09891896e-03  2.46010604e-03 -5.51186390e-02 -5.93404798e-03
 -2.19821930e-04 -1.09891896e-03 -2.19821930e-04 -1.09891896e-03
 -2.19821930e-04 -6.59370446e-04 -1.09891896e-03 -2.19821930e-04
  1.42857553e-02 -8.63250613e-01 -9.07749683e-02  1.78227983e-02
 -2.75440544e-01  5.73577225e-01  2.59156406e-01  7.10379854e-02
  7.19417155e-01 -6.09192073e-01  3.53814185e-01  8.59293640e-01
 -5.46959877e-01  1.74645805e+00 -3.13547641e-01  7.29245842e-02
 -1.98098317e-01  1.14671215e-01 -6.28714859e-02  5.94848216e-01
  1.39902905e-01 -2.12190464e-01  9.32472199e-02  1.83502808e-01
 -1.32674634e-01 -2.84312993e-01  1.66171253e-01  8.28403700e-03
 -9.86062169e-01]","[ 0.0010966   0.10554016 -0.14246458  0.30527335 -0.09168953  0.36486712
 -0.00573944  0.06491951 -0.06152271  0.08756641  0.24077854 -0.12900329
 -0.3039048   0.0658098  -0.00615653 -0.04994247 -0.03462702  0.0242844
 -0.21517064  0.08262009 -0.04470145  0.00503945]","[-0.3731667697429657, -0.015694385394454002, -0.05093963071703911, -0.4547508955001831, 0.17054127156734467, 0.10414521396160126, 0.2363072633743286, 0.1452745497226715, -0.059451907873153687, 0.5551759004592896, 0.03871042653918266, -0.1212746724486351, -0.01512937992811203, -0.007595102768391371, -0.0033637811429798603, -0.02057063579559326, -0.0005110873025842011, -0.9857784509658813, -0.022342223674058914, -0.001040727598592639, -0.005492630414664745, 1.0048747062683105]"
470,3.6562499999999996,"[-8.31469595e-01 -5.55570245e-01  2.00000003e-01  0.00000000e+00
  0.00000000e+00 -4.20198441e-02  1.76022332e-02  1.43869016e-02
 -1.02233887e-02  1.20373130e-01 -1.70033164e-02  1.20603561e-01
 -1.41690057e-02  7.73834251e-03  5.86709976e-02 -1.57056391e-01
 -1.01964865e-02  2.65121460e-02  7.05718994e-03 -1.23407364e-01
 -1.27792358e-02 -3.22351456e-02  6.59570694e-02  4.71124649e-02
  7.15265274e-02  2.84194946e-02 -6.51941299e-02 -7.25278864e-03
 -3.29666142e-03  1.53846748e-03 -4.61540231e-03  2.47374014e-03
  4.53548832e-03  6.59370446e-04 -2.41756439e-03 -5.05495071e-03
 -2.19821930e-04 -2.42318865e-02 -4.03154157e-02 -1.56044010e-02
 -2.19821930e-04 -6.59370446e-04  4.61540231e-03  6.59370446e-04
 -2.19821930e-04  6.59370446e-04  1.53846748e-03 -6.59370446e-04
  1.12088202e-02 -9.97558177e-01 -4.60559614e-02  6.91733807e-02
 -4.06115860e-01  2.39606202e-01  1.15152381e-01 -1.24151401e-01
  9.95415866e-01 -1.66145131e-01 -2.45138295e-02  9.96643066e-01
 -4.24988210e-01 -1.56471670e+00  1.49657428e-01 -6.23433515e-02
  2.99681425e-01  1.29061177e-01  1.99520588e-03 -6.19599044e-01
 -6.71483278e-01  4.50329781e-01 -6.48690909e-02  6.12612478e-02
 -1.47120617e-02 -2.19172344e-01  1.65103510e-01  4.63566836e-03
 -9.86265302e-01]","[-0.2893205  -0.03171024  0.01325459 -0.10463862  0.18413386  0.03744172
  0.00296754  0.22086105 -0.16753997  0.09475902  0.21060425 -0.16240491
  0.38128915 -0.07904886  0.0155254  -0.07580252 -0.00537149 -0.01504999
  0.15326983  0.02656985 -0.03426047  0.01858189]","[-0.4319968819618225, -0.014073596335947514, -0.04286128655076027, -0.48403841257095337, 0.21931497752666473, 0.10430198162794113, 0.23819701373577118, 0.21071121096611023, -0.09160151332616806, 0.5612937211990356, 0.08039416372776031, -0.14455151557922363, -0.024888858199119568, -0.011872798204421997, 0.006413084454834461, -0.02882268652319908, -0.006519727408885956, -0.99796462059021, -0.024288125336170197, -0.00399968633428216, 0.0025087944231927395, 1.0102295875549316]"
480,3.734375,"[-9.95184720e-01 -9.80171412e-02  2.00000003e-01  0.00000000e+00
  0.00000000e+00 -5.34639359e-02  1.68392938e-02 -3.21533605e-02
 -6.40869141e-03  1.27216697e-01  7.61997327e-03  1.01911545e-01
 -2.17984002e-02 -5.23162819e-03  4.60824966e-02 -1.57680631e-01
 -1.84424706e-02  1.20162964e-02  7.05718994e-03 -1.24170303e-01
 -1.16348267e-02 -3.22351456e-02  6.59570694e-02  4.67309952e-02
  7.26709366e-02  2.84194946e-02 -5.79462051e-02 -9.45053156e-03
 -7.25278864e-03 -7.67032653e-02 -2.19821930e-04 -1.36966975e-02
  2.53392067e-02 -1.78022385e-02 -1.42857553e-02 -1.25274658e-02
 -1.56044010e-02  6.92032650e-03 -8.12854432e-03 -2.61538513e-02
 -2.19821930e-04  6.59370446e-04 -1.53846748e-03 -6.59370446e-04
  2.19821930e-04 -1.09891896e-03 -1.09891896e-03 -2.19821930e-04
  8.57143383e-03  3.93246412e-01  1.09730393e-01 -2.42470369e-01
  2.85446495e-01 -1.79379746e-01  1.10207605e+00  4.26292092e-01
  6.95126116e-01 -7.58300543e-01  3.60661983e-01  9.54401731e-01
 -6.30645216e-01  1.26762676e+00 -1.59945473e-01 -2.86026411e-02
 -4.97452974e-01 -3.05907726e-02 -2.09054351e-03  4.85498220e-01
  7.87235916e-01 -4.87070620e-01  1.57539636e-01 -9.34313163e-02
  3.25474404e-02  1.00890500e-03  1.62997857e-01  8.92442651e-03
 -9.86586094e-01]","[-0.20283704 -0.00439985  0.0197781  -0.07071535  0.02088738  0.06925276
 -0.02416302  0.21923195 -0.04189383 -0.01000942  0.25348833 -0.08088777
 -0.41116533  0.05999291 -0.02550968  0.0416284   0.0144037   0.01978253
 -0.19461411 -0.14950645  0.09793806 -0.04471271]","[-0.4219109117984772, -0.019879892468452454, -0.03073706105351448, -0.4959924817085266, 0.21518902480602264, 0.10758505761623383, 0.24962212145328522, 0.22420305013656616, -0.09980403631925583, 0.5528796315193176, 0.08628670871257782, -0.1330459713935852, -0.013493525795638561, -0.0113740349188447, 0.0001437203900422901, -0.032575659453868866, -0.0033256642054766417, -0.9949139952659607, -0.03328384459018707, -0.002036161720752716, -0.004147713538259268, 0.9980838298797607]"
490,3.8125,"[-9.23879504e-01  3.82683426e-01  2.00000003e-01  0.00000000e+00
  0.00000000e+00 -9.42821503e-02  1.18801873e-02 -3.63495275e-02
 -2.66265869e-02  1.20318115e-01  2.30650902e-02  9.31367874e-02
 -2.82833856e-02 -4.07083109e-02  3.92160416e-02 -1.53558880e-01
 -2.04595700e-02 -1.88827515e-02  7.05718994e-03 -1.23788834e-01
 -1.16348267e-02 -3.26166153e-02  6.55755997e-02  4.71124649e-02
  7.26709366e-02  2.84194946e-02 -4.91724014e-02 -4.02197838e-02
  5.49449911e-03  2.21978184e-02 -1.25274658e-02 -1.08818412e-02
  1.61981340e-02 -5.05495071e-03 -3.73630528e-03 -2.92307865e-02
 -2.85711302e-03 -8.65905022e-04  5.77660336e-04 -3.18681709e-02
  2.19821930e-04 -2.19821930e-04 -2.19821930e-04  2.19821930e-04
 -2.19821930e-04 -6.59370446e-04 -1.97801599e-03  2.19821930e-04
  3.73630528e-03 -1.93860555e+00 -1.57290727e-01  1.00430593e-01
 -7.15534210e-01  1.01120746e+00 -7.71758735e-01 -3.73045921e-01
  9.02258933e-01 -1.67629927e-01 -8.91928002e-03  6.90143228e-01
 -6.24151409e-01 -5.75001895e-01 -2.13362649e-01  1.36769712e-02
  2.22106338e-01  3.20522115e-03  9.53974426e-02 -2.47414678e-01
 -8.06726754e-01  4.53797817e-01 -2.70398021e-01 -9.70419124e-02
  3.61016989e-02  2.03230277e-01  1.66111991e-01  1.11260898e-02
 -9.86044168e-01]","[ 0.05636052  0.01290898 -0.04516665 -0.0058137   0.00899016  0.20066151
  0.11714211  0.16545905 -0.17523506  0.07813505  0.2121012  -0.12546614
  0.35441008 -0.04279699 -0.0124876  -0.13103753  0.00110873  0.02563651
  0.11751971  0.18089588 -0.14080288 -0.01412943]","[-0.4284648001194, -0.023373272269964218, -0.029240325093269348, -0.5247365832328796, 0.23088784515857697, 0.06757738441228867, 0.25696879625320435, 0.20824965834617615, -0.08750241249799728, 0.5426867008209229, 0.07000680267810822, -0.11378195881843567, -0.0024825246073305607, -0.014759055338799953, -0.009602679871022701, -0.02843034639954567, 0.0015106104547157884, -0.9768999814987183, -0.041096944361925125, -0.012805999256670475, -0.003926869947463274, 0.9634166359901428]"
500,3.8906250000000004,"[-6.34393275e-01  7.73010433e-01  2.00000003e-01  0.00000000e+00
  0.00000000e+00 -1.17551804e-01  1.14987176e-02 -5.06805442e-03
 -3.61642838e-02  1.11020744e-01  3.53769735e-02  8.89406204e-02
 -2.75204461e-02 -6.13086298e-02  3.61642838e-02 -1.53936833e-01
 -1.98028609e-02 -4.17718887e-02  7.05718994e-03 -1.23788834e-01
 -1.20162964e-02 -3.22351456e-02  6.55755997e-02  4.71124649e-02
  7.26709366e-02  2.84194946e-02 -4.57391739e-02 -7.69233704e-03
 -2.19821930e-04  1.69230457e-02 -1.09891896e-03 -4.94726375e-03
  8.12446140e-03 -4.61540231e-03  3.73630528e-03 -8.13188590e-03
 -2.85711302e-03 -1.19417149e-03  1.51851797e-03 -1.20879179e-02
 -6.59370446e-04 -6.59370446e-04 -2.19821930e-04  1.09891896e-03
  2.19821930e-04 -2.19821930e-04 -2.19821930e-04 -2.19821930e-04
  4.61540231e-03  2.10235521e-01  2.68624753e-01 -4.02751535e-01
  5.95099032e-01 -3.16797048e-01  8.40335608e-01  4.31647837e-01
  3.56785238e-01 -3.49885643e-01  3.81702155e-01  9.49186206e-01
 -4.28209245e-01 -4.76240963e-01  1.51232645e-01  1.12300739e-02
 -2.23187014e-01  5.76906987e-02  2.44891033e-01 -6.16900146e-01
  5.04115820e-01 -2.96298206e-01 -3.29862952e-01 -1.12930894e-01
  2.16486454e-02  3.66467983e-01  1.67178020e-01  1.18946498e-02
 -9.85855103e-01]","[-0.37331197 -0.00347049  0.00305097 -0.13861804  0.1677633  -0.16689225
 -0.11472262  0.14198326 -0.01858923 -0.0341683   0.14592664 -0.04585259
 -0.16215308 -0.03660951 -0.0486685   0.05496026 -0.01617381  0.0670542
 -0.05716117 -0.19704986  0.10561021 -0.11650794]","[-0.4006601870059967, -0.010502798482775688, -0.04606056585907936, -0.5250160098075867, 0.20905888080596924, 0.03330281004309654, 0.25836294889450073, 0.1689184010028839, -0.06824707984924316, 0.5327813029289246, 0.04849227890372276, -0.06556220352649689, -0.011818720027804375, -0.012138701975345612, -0.028839629143476486, -0.02219819463789463, 0.002008369890972972, -0.9480486512184143, -0.04571063071489334, -0.0154606057330966, -0.0007241798448376358, 0.9212844967842102]"
510,3.96875,"[-1.95090324e-01  9.80785251e-01  2.00000003e-01  0.00000000e+00
  0.00000000e+00 -1.32429123e-01  8.82842951e-03 -3.92364524e-03
 -4.79898453e-02  1.10084981e-01  3.06344610e-02  8.47444534e-02
 -2.52316277e-02 -5.71124628e-02  3.12042236e-02 -1.54886752e-01
 -1.68651603e-02 -4.78754044e-02  7.05718994e-03 -1.23407364e-01
 -1.20162964e-02 -3.22351456e-02  6.55755997e-02  4.71124649e-02
  7.26709366e-02  2.84194946e-02 -4.45947647e-02 -1.12088202e-02
 -2.41756439e-03 -3.29666142e-03 -9.01098270e-03  1.49937335e-03
 -9.82013531e-03 -1.97801599e-03  2.85711302e-03 -6.59370446e-04
 -2.41756439e-03 -1.30523194e-03  2.82363617e-03  2.19821930e-04
 -2.19821930e-04 -2.19821930e-04 -2.19821930e-04  2.19821930e-04
 -2.19821930e-04  2.19821930e-04 -2.19821930e-04 -2.19821930e-04
 -2.19821930e-04 -7.30420232e-01  5.99419773e-02 -1.47862673e-01
 -2.66194373e-01  3.91878486e-01 -5.00325084e-01 -5.71849346e-01
  1.64408475e-01 -9.97943729e-02 -2.23218083e-01  4.28727031e-01
  3.72338086e-01  6.54009044e-01 -2.10171729e-01 -3.22252482e-01
 -1.29152939e-01  2.99913846e-02  3.38221550e-01  1.16224781e-01
 -2.55168140e-01  6.20462969e-02 -5.28629422e-01 -1.02018841e-01
 -7.97208473e-02  3.86205643e-01  1.66901529e-01  1.29349204e-02
 -9.85888839e-01]","[-1.7557666e-04 -2.4348203e-02 -4.3123491e-02  2.9605122e-02
 -1.0789461e-01  2.8473176e-02  2.3439172e-01  8.6918674e-02
 -4.3883882e-02  1.2706274e-01  1.1170834e-01 -5.8196172e-02
 -7.0345714e-03  2.4273079e-02  1.6319320e-02 -1.4022766e-02
  3.7203081e-02  7.7605650e-02 -1.0422724e-01  8.5002027e-02
 -8.9037418e-02 -1.3163850e-01]","[-0.3836376667022705, -0.02602708525955677, -0.03551406040787697, -0.5416327714920044, 0.1685265749692917, -0.039615631103515625, 0.27682188153266907, 0.12222208082675934, -0.03867911174893379, 0.5267882943153381, -0.006320825312286615, 9.301826503360644e-05, -0.003842628328129649, -0.010570008307695389, -0.03809407353401184, -0.008015729486942291, 0.01066745724529028, -0.9249143004417419, -0.049404505640268326, -0.02975742146372795, -0.0030582156032323837, 0.8767658472061157]"
520,4.046875,"[ 2.90284663e-01  9.56940353e-01  2.00000003e-01  0.00000000e+00
  0.00000000e+00 -1.30903244e-01  1.34060662e-02 -1.34603884e-02
 -5.10416031e-02  1.08969748e-01  8.18096101e-03  7.59706497e-02
 -2.17984002e-02 -5.32977656e-02  2.43377686e-02 -1.54628754e-01
 -9.23878606e-03 -4.13904190e-02  7.05718994e-03 -1.23407364e-01
 -1.20162964e-02 -3.22351456e-02  6.63385391e-02  4.74939346e-02
  7.26709366e-02  2.84194946e-02 -4.57391739e-02  5.05495071e-03
  1.97801599e-03 -6.37359638e-03 -1.97801599e-03 -3.71170673e-03
 -2.47340854e-02 -5.93404798e-03  5.05495071e-03 -1.09891896e-03
 -6.37359638e-03  2.79525737e-03  4.66142315e-03  1.07692722e-02
 -6.59370446e-04 -2.19821930e-04 -2.19821930e-04  2.19821930e-04
 -6.59370446e-04 -6.59370446e-04  2.19821930e-04 -2.19821930e-04
 -1.09891896e-03 -4.82777834e-01 -4.53004360e-01  4.05529052e-01
  7.07418993e-02 -1.07356703e+00 -4.23359573e-01  1.11529326e+00
  1.52335986e-02  5.25481552e-02  5.22826612e-01 -2.21472889e-01
  2.00714141e-01 -1.02226377e+00  1.71949312e-01  5.48306666e-02
 -6.68087788e-03 -7.02201575e-02  2.99761653e-01 -5.77532470e-01
 -2.44735628e-02  1.72774389e-01 -5.49913645e-01 -8.50046426e-02
 -1.28343850e-01  2.00071782e-01  1.61317572e-01  1.22474618e-02
 -9.86826539e-01]","[ 2.8413732e-02 -5.7725023e-02  6.1220611e-03 -7.7274710e-02
 -1.3490920e-01 -2.3052643e-01 -1.8238771e-01 -8.2575902e-02
  6.4147860e-02 -1.7350073e-01 -5.5690009e-02  3.2509536e-01
  8.5416774e-05 -3.0604970e-02 -1.1614735e-01  1.5470441e-02
  4.3006605e-03  9.5680043e-02 -9.6133193e-03 -1.2356396e-01
  3.8341615e-02 -1.3988158e-01]","[-0.2800581455230713, -0.083283931016922, 0.003405947471037507, -0.530454695224762, 0.008123436942696571, -0.12086788564920425, 0.30689096450805664, 0.0280979722738266, 0.02126222848892212, 0.4920029640197754, -0.1368955373764038, 0.14607921242713928, -0.02107643522322178, -0.00022603645629715174, -0.04842497780919075, 0.001005398342385888, 0.01176539808511734, -0.9173597693443298, -0.055305495858192444, -0.03515477105975151, -0.0026223226450383663, 0.8598265051841736]"
530,4.125,"[ 7.07106769e-01  7.07106769e-01  2.00000003e-01  0.00000000e+00
  0.00000000e+00 -1.27470016e-01  1.18801873e-02 -1.42233279e-02
 -6.13412857e-02  1.03081524e-01 -2.17902120e-02  6.94856644e-02
 -1.68392938e-02 -4.98645380e-02  2.24304199e-02 -1.54808402e-01
  1.47605408e-03 -2.76565552e-02  7.05718994e-03 -1.23788834e-01
 -1.20162964e-02 -3.22351456e-02  6.78644180e-02  4.71124649e-02
  7.26709366e-02  2.84194946e-02 -5.45129776e-02 -1.09891896e-03
  7.69233704e-03  1.53846748e-03 -1.29670147e-02  3.12974374e-03
 -2.09825989e-02 -9.01098270e-03  6.37359638e-03  2.19821930e-04
 -6.59370446e-04  1.84221699e-05  6.54709106e-03  8.57143383e-03
 -2.19821930e-04 -6.59370446e-04  2.19821930e-04 -2.19821930e-04
  1.09891896e-03  2.19821930e-04 -1.09891896e-03 -2.19821930e-04
 -1.91208851e-02  3.24371099e-01 -4.68755245e-01  8.64066556e-03
 -2.87002355e-01 -6.95636034e-01 -8.90470803e-01 -4.28212672e-01
 -3.05503875e-01  3.20272446e-01 -6.23181880e-01 -2.11982459e-01
  1.55813837e+00  9.92109835e-01 -5.62480614e-02 -4.90465075e-01
  8.68165120e-02  1.20348111e-01  2.22173199e-01  2.48231627e-02
 -4.56354767e-01 -1.92081541e-01 -4.13415909e-01 -6.78608268e-02
 -2.47611761e-01  9.01495740e-02  1.54268563e-01  1.50844175e-02
 -9.87913847e-01]","[-0.0656487  -0.2511386   0.1159244   0.04915709 -0.28798985 -0.13616008
  0.46959764  0.014664    0.02864503  0.21819499 -0.1447165   0.00812274
  0.11087258  0.01297848  0.10445282 -0.00612217  0.04315716  0.03828378
 -0.06834946  0.10500527 -0.07364787 -0.08038453]","[-0.2593451142311096, -0.1812591701745987, 0.05610940232872963, -0.5211411118507385, -0.07977873831987381, -0.19236166775226593, 0.38339388370513916, 0.0021666281390935183, 0.049458958208560944, 0.5119733810424805, -0.23075424134731293, 0.2033810317516327, 0.06289218366146088, -0.001977566396817565, -0.026813052594661713, 0.0029911487363278866, 0.019181791692972183, -0.9424562454223633, -0.029455361887812614, -0.023378759622573853, -0.0158148892223835, 0.8990087509155273]"
540,4.203125,"[ 9.56940353e-01  2.90284663e-01  2.00000003e-01  0.00000000e+00
  0.00000000e+00 -9.23738480e-02  2.02725213e-02 -8.11981224e-03
 -5.40933609e-02  9.89636481e-02 -3.37612033e-02  5.53712845e-02
 -6.15814142e-03  3.92364524e-03  7.93457031e-03 -1.59612000e-01
  2.19426136e-02 -2.15530396e-02  7.05718994e-03 -1.23407364e-01
 -1.23977661e-02 -3.22351456e-02  6.78644180e-02  4.71124649e-02
  7.19079971e-02  2.84194946e-02 -7.51123428e-02  3.09889801e-02
  1.69230457e-02 -2.41756439e-03  1.47253042e-02 -6.84492523e-04
 -1.01712113e-03 -2.13187225e-02  2.35164650e-02  5.12087829e-02
 -5.93404798e-03  7.67159835e-03  1.45539138e-02 -3.29666142e-03
 -2.19821930e-04 -1.53846748e-03 -2.19821930e-04 -2.19821930e-04
 -1.53846748e-03  2.19821930e-04 -4.61540231e-03 -1.09891896e-03
 -1.78022385e-02 -5.71483612e-01 -9.39230204e-01  5.60683012e-01
  3.22658598e-01 -1.09366989e+00 -4.06851053e-01  1.72548914e+00
  1.16376795e-01 -4.73221093e-02  1.00392497e+00 -5.83216727e-01
  3.30725312e-03 -3.90392840e-01  1.36145055e-01  4.47438836e-01
  2.70587113e-02 -8.27016234e-02  1.50533155e-01 -5.11184394e-01
  3.75822455e-01  6.44907355e-03 -2.49419138e-01 -3.78741696e-03
 -2.26428911e-01 -1.55372005e-02  1.37895420e-01  1.35470545e-02
 -9.90354180e-01]","[-0.00522438 -0.15279683  0.0948374  -0.0709041  -0.17711575 -0.18603392
 -0.17296004 -0.05899841  0.01342285 -0.10867372 -0.05822501  0.35028172
 -0.21926795 -0.02843547 -0.10498396 -0.00265335 -0.02988855  0.0644327
  0.0353556  -0.14747454  0.11533891 -0.04278333]","[-0.29533588886260986, -0.2174474447965622, 0.09101537615060806, -0.5044770836830139, -0.07324919104576111, -0.1627267748117447, 0.3878668248653412, 0.01387716643512249, 0.024533279240131378, 0.5460635423660278, -0.2389606088399887, 0.21560943126678467, -0.025319436565041542, -0.0015262969536706805, -0.00817570649087429, 0.00012513464025687426, 0.0010572418104857206, -0.9572550058364868, -0.024667888879776, -0.023189224302768707, 0.013688646256923676, 0.9389224052429199]"
550,4.28125,"[ 9.80785251e-01 -1.95090324e-01  2.00000003e-01  0.00000000e+00
  0.00000000e+00 -7.25374222e-02  2.82833856e-02 -4.68658470e-03
 -4.57010269e-02  9.55451578e-02 -4.18176129e-02  7.40633011e-02
 -8.17565247e-04  4.16901037e-02  2.85339355e-02 -1.59345210e-01
  4.46972251e-02 -9.72747803e-03  7.05718994e-03 -1.23407364e-01
 -1.23977661e-02 -3.22351456e-02  6.74829483e-02  4.71124649e-02
  7.07635880e-02  2.84194946e-02 -9.03711319e-02  6.37359638e-03
  2.85711302e-03  6.59370446e-04  4.17585392e-03  9.70702327e-04
 -2.33113789e-03  1.91208851e-02  6.37359638e-03  1.51648521e-02
  1.16483690e-02  9.10808425e-03  3.17316316e-02  1.25274658e-02
 -2.19821930e-04 -6.59370446e-04 -2.19821930e-04 -6.59370446e-04
 -1.09891896e-03 -1.53846748e-03 -1.09891896e-03  2.19821930e-04
 -7.69233704e-03  2.12719217e-01 -6.02261901e-01  2.30758145e-01
 -3.60665977e-01 -6.22822762e-01 -7.59846330e-01 -7.17522860e-01
 -3.41717780e-01  1.79477870e-01 -5.54825366e-01 -2.87540197e-01
  1.45971799e+00  5.41853346e-02 -1.02756947e-01 -4.04839396e-01
  1.17405906e-01 -7.36978278e-02  2.15090469e-01  9.39814448e-02
 -6.00489318e-01  1.36978000e-01 -1.48801029e-01 -7.57148257e-03
  9.26157236e-02 -8.44121724e-02  1.35736898e-01  1.53260957e-02
 -9.90626335e-01]","[ 0.03058629 -0.2828421   0.05493503  0.05427735 -0.27611852 -0.05852363
  0.43072718  0.01798351  0.0118795   0.19250019 -0.1316418  -0.01665587
  0.3908421   0.00445174  0.08678161 -0.00422736  0.07266285 -0.00610713
  0.00340111  0.1101133  -0.15183696 -0.00394242]","[-0.24707850813865662, -0.24134083092212677, 0.07149253785610199, -0.5083392858505249, -0.08058040589094162, -0.12916003167629242, 0.38051533699035645, 0.014177698642015457, 0.022561440244317055, 0.5415385961532593, -0.2434699833393097, 0.2043868452310562, 0.07625516504049301, -0.004086999222636223, -0.01330810971558094, 0.006075299810618162, 0.011595969088375568, -0.9749792814254761, -0.002286853501573205, -0.023730169981718063, -0.021287692710757256, 0.9720457196235657]"
560,4.359375,"[ 7.73010433e-01 -6.34393275e-01  2.00000003e-01  0.00000000e+00
  0.00000000e+00 -8.16926956e-02  3.40054333e-02  2.58309934e-02
 -4.53195572e-02  9.62062776e-02 -4.29887101e-02  9.96227264e-02
  3.26843932e-04  1.53677370e-02  5.25674820e-02 -1.52792364e-01
  7.18428269e-02 -7.43865967e-03  7.05718994e-03 -1.23407364e-01
 -1.39236450e-02 -3.22351456e-02  6.74829483e-02  4.71124649e-02
  7.07635880e-02  2.88009644e-02 -9.15155411e-02 -1.25274658e-02
  1.97801599e-03  2.35164650e-02 -1.09891896e-03 -7.77248933e-04
  3.57498793e-04  1.56044010e-02 -6.37359638e-03 -4.10988815e-02
  7.69233704e-03  6.24969415e-03  2.55642887e-02 -7.25278864e-03
 -1.09891896e-03 -6.59370446e-04 -2.41756439e-03 -2.19821930e-04
  2.19821930e-04 -2.19821930e-04  2.19821930e-04  2.19821930e-04
  1.09891896e-03 -2.27326881e-02 -9.71389294e-01  1.88443944e-01
  4.41152275e-01 -1.24965298e+00  1.87644601e-01  1.84617305e+00
  6.35177344e-02  3.80996615e-02  9.68495846e-01 -5.71256697e-01
 -4.46529388e-01  5.43001115e-01  4.91380543e-02  3.33832473e-01
 -3.45201120e-02  6.05951734e-02  6.35494143e-02 -2.99811363e-01
  5.97773015e-01 -4.45828378e-01  1.74599141e-02 -3.42450179e-02
  2.11763419e-02 -2.94574741e-02  1.41077250e-01  2.09732614e-02
 -9.89776373e-01]","[-0.03834905 -0.15965433  0.11852431 -0.05167061 -0.23456502 -0.0903042
 -0.06627188 -0.01456634 -0.00122073 -0.01364815 -0.07045083  0.14715149
 -0.38322446 -0.01824737 -0.0865787  -0.00942355 -0.03182482  0.03317149
  0.01876441 -0.14814794  0.20127344 -0.00291611]","[-0.2579863965511322, -0.24221311509609222, 0.06713632494211197, -0.48861074447631836, -0.09907110035419464, -0.06505037099123001, 0.42261332273483276, 0.021009473130106926, 0.020576361566781998, 0.5887795686721802, -0.24548979103565216, 0.08963792026042938, 0.0024984150659292936, -0.0021867812611162663, -0.011172814294695854, -0.003070926759392023, 0.007248313166201115, -0.985324501991272, -0.012931265868246555, -0.011420260183513165, 0.006588011048734188, 0.9946474432945251]"
570,4.4375,"[ 3.82683426e-01 -9.23879504e-01  2.00000003e-01  0.00000000e+00
  0.00000000e+00 -7.36818314e-02  2.94277947e-02  1.66757200e-02
 -3.57828140e-02  9.18422341e-02 -4.23404574e-02  1.00767136e-01
 -3.86932306e-03  1.25335716e-03  5.29489517e-02 -1.48689866e-01
  9.12235230e-02 -5.91278076e-03  7.05718994e-03 -1.23407364e-01
 -1.39236450e-02 -3.22351456e-02  6.71014786e-02  4.71124649e-02
  7.07635880e-02  2.80380249e-02 -8.96081924e-02  1.56044010e-02
 -2.19821930e-04  1.53846748e-03  1.03296284e-02 -3.45945149e-03
  8.38342682e-03 -1.09891896e-03 -3.29666142e-03  4.61540231e-03
  6.59370446e-04  3.51124327e-03  1.64716747e-02  5.93404798e-03
 -6.59370446e-04 -6.59370446e-04 -2.19821930e-04 -2.19821930e-04
 -2.19821930e-04 -2.19821930e-04 -6.59370446e-04 -2.19821930e-04
  2.41756439e-03 -1.51849762e-01 -3.93695980e-01  1.76245943e-01
 -4.26529944e-01 -4.59268242e-01 -5.67158043e-01 -6.27814770e-01
 -2.04439759e-01  1.96601853e-01 -2.68871486e-01 -1.62605420e-01
  3.52036119e-01 -7.35817075e-01 -1.50010228e-01 -3.79599571e-01
  9.79591236e-02 -8.34249258e-02  2.27993935e-01  1.13094449e-01
 -6.99285507e-01  4.75882053e-01 -9.27231908e-02  7.06275925e-02
  1.80367567e-02 -4.23797183e-02  1.38147637e-01  2.15369835e-02
 -9.90177393e-01]","[ 0.07518193 -0.14488752 -0.0186239   0.02472472 -0.15172657  0.08611209
  0.23454927  0.01656978 -0.02871724  0.09240141  0.04706543 -0.10120755
  0.53383017 -0.009933    0.04983364 -0.00472276  0.04532394 -0.0091626
  0.077052    0.12175535 -0.19729245  0.02277167]","[-0.25045913457870483, -0.16982653737068176, 0.02615569904446602, -0.5058388710021973, -0.037333566695451736, -0.028536397963762283, 0.3370157778263092, 0.010018364526331425, 0.022067755460739136, 0.5433558225631714, -0.1827680915594101, 0.03872279077768326, 0.06579142808914185, -0.01079253014177084, -0.025008223950862885, 0.0025903694331645966, 0.005760626867413521, -0.9806244373321533, 0.004041630774736404, -0.021153902634978294, -0.011907552368938923, 0.9970715641975403]"
580,4.515625,"[-9.80171412e-02 -9.95184720e-01  2.00000003e-01  0.00000000e+00
  0.00000000e+00 -6.79597855e-02  2.79019158e-02  1.62942503e-02
 -2.62451172e-02  8.87257010e-02 -3.53940651e-02  1.25944138e-01
 -4.25079279e-03  8.11981224e-03  8.34665298e-02 -1.42942816e-01
  8.49746019e-02 -2.86102295e-03  7.05718994e-03 -1.23407364e-01
 -1.39236450e-02 -3.22351456e-02  6.63385391e-02  4.71124649e-02
  7.07635880e-02  2.84194946e-02 -8.15973282e-02  6.59370446e-04
  2.19821930e-04 -6.59370446e-04  6.37359638e-03 -3.94704007e-03
  7.61516532e-03  2.21978184e-02 -6.59370446e-04  4.17585392e-03
  2.52747536e-02  7.26762554e-03 -1.45504950e-02 -1.09891896e-03
  2.19821930e-04 -1.09891896e-03  2.19821930e-04 -6.59370446e-04
  2.19821930e-04 -2.19821930e-04  6.59370446e-04 -2.19821930e-04
  1.20879179e-02  1.90537617e-01 -6.46292046e-03 -4.20953631e-01
  8.61745477e-01 -3.23493868e-01  1.19175124e+00  7.55479038e-01
  1.45986289e-01 -3.38931799e-01  5.92513323e-01  4.42668378e-01
 -9.73193228e-01  6.79637015e-01  2.60477122e-02  2.25617051e-01
 -3.09438020e-01  4.41166349e-02  7.40637034e-02 -1.15993455e-01
  7.41505802e-01 -4.70420063e-01  9.58017707e-02  1.45579517e-01
 -1.01573333e-01 -7.55102709e-02  1.38368562e-01  1.80181935e-02
 -9.90216851e-01]","[-0.208102   -0.00749456  0.0429725  -0.09728628  0.02240378 -0.02858514
 -0.08549374  0.10920336 -0.00169607 -0.02721328  0.11059569 -0.09023069
 -0.4455188   0.00160543 -0.05464225  0.05418596 -0.00910833  0.02825812
 -0.081438   -0.19232586  0.16156776 -0.01942524]","[-0.31587159633636475, -0.08214341849088669, -0.017858557403087616, -0.4696848392486572, 0.07439637929201126, 0.06190023571252823, 0.32043904066085815, 0.06443057209253311, -0.008765043690800667, 0.5577807426452637, -0.09034885466098785, -0.0951518788933754, -0.0066481768153607845, -0.004398332443088293, -0.006202490534633398, -0.0007113986648619175, 0.006721433252096176, -0.9774823784828186, -0.033500589430332184, -0.008169440552592278, -0.005189110524952412, 0.9962322115898132]"
590,4.59375,"[-5.55570245e-01 -8.31469595e-01  2.00000003e-01  0.00000000e+00
  0.00000000e+00 -5.34639359e-02  2.33242791e-02  2.94280984e-03
 -2.16674805e-02  8.91562402e-02 -3.22619975e-02  1.00004196e-01
 -8.82842951e-03  1.26974490e-02  6.63003922e-02 -1.43453121e-01
  4.42818999e-02 -2.86102295e-03  7.05718994e-03 -1.24170303e-01
 -1.39236450e-02 -3.22351456e-02  6.63385391e-02  4.71124649e-02
  7.07635880e-02  2.84194946e-02 -7.09161758e-02  1.91208851e-02
 -9.89007950e-03 -5.05495071e-03  2.41756439e-03  2.11166777e-03
  7.05979625e-03 -1.99999809e-02 -1.16483690e-02 -5.49449911e-03
 -2.96703335e-02 -1.15800593e-02 -5.07541895e-02  6.81314478e-03
 -6.59370446e-04  1.53846748e-03  6.59370446e-04 -2.19821930e-04
 -2.19821930e-04  1.09891896e-03 -6.59370446e-04 -2.19821930e-04
  1.07692722e-02 -1.70522833e+00 -1.11561731e-01  2.19111100e-01
 -6.89216495e-01  9.28375423e-01 -7.76184916e-01 -2.87841082e-01
  7.88134158e-01 -1.72753587e-01  4.37480360e-02  5.27552545e-01
 -7.62328506e-01 -4.75650430e-01 -2.91304082e-01  1.16216063e-01
  1.90874740e-01  6.11717515e-02  4.31881696e-02  1.06593817e-02
 -6.98326290e-01  4.04145956e-01 -2.61167809e-02  1.27275452e-01
 -1.12290278e-01 -3.26546207e-02  1.28078327e-01  1.41535383e-02
 -9.91663098e-01]","[ 9.8033711e-02  4.3369140e-02 -8.8662192e-02  1.2566847e-01
 -3.2570820e-02  3.2091627e-01  9.8822154e-02  1.3482784e-01
 -1.8113269e-01  7.9061553e-02  2.0552765e-01 -1.6056317e-01
  3.4763095e-01 -1.7760593e-02  1.4071521e-02 -1.2591855e-01
 -3.6590338e-02  7.6001510e-05  1.0718867e-01  1.9684540e-01
 -1.2737349e-01  5.8247656e-02]","[-0.394463449716568, -0.01076248474419117, -0.03405114635825157, -0.4737538993358612, 0.2054806351661682, 0.10287153720855713, 0.25401830673217773, 0.14435015618801117, -0.07050520181655884, 0.5427876710891724, 0.0034297346137464046, -0.1327575147151947, 0.004674005322158337, -0.020682182163000107, 0.0032518187072128057, -0.0200251005589962, -0.006569170858711004, -0.9860345125198364, -0.016769245266914368, -0.012123401276767254, 0.00167778879404068, 1.0078566074371338]"
600,4.671875,"[-8.81921291e-01 -4.71396744e-01  2.00000003e-01  0.00000000e+00
  0.00000000e+00 -5.15565872e-02  2.02725213e-02 -8.50128196e-03
 -1.82342529e-02  9.89747047e-02 -1.48832183e-02  8.77962112e-02
 -7.68402033e-03 -1.40054319e-02  6.01968765e-02 -1.48819119e-01
 -6.32824469e-03  1.90734863e-04  7.05718994e-03 -1.23025894e-01
 -1.23977661e-02 -3.22351456e-02  6.63385391e-02  4.71124649e-02
  7.11450577e-02  2.84194946e-02 -5.90906143e-02 -2.85711302e-03
 -2.41756439e-03 -1.86813362e-02  2.41756439e-03 -4.46209218e-04
  1.86524572e-04  5.93404798e-03 -5.49449911e-03 -1.73625946e-02
 -6.59370446e-04 -1.74257215e-02 -2.44491734e-02  6.37359638e-03
 -6.59370446e-04  2.19821930e-04  2.19821930e-04 -1.09891896e-03
 -2.19821930e-04  2.19821930e-04 -1.97801599e-03 -6.59370446e-04
  8.13188590e-03  2.20982179e-01  4.88694131e-01 -5.44958830e-01
  1.24777102e+00 -3.13041270e-01  1.58401847e+00 -8.15035775e-02
  2.66887754e-01 -3.21453810e-01  2.89752752e-01  1.03395939e+00
 -5.73160887e-01 -8.95016491e-01  2.16324955e-01  4.92669754e-02
 -2.25157931e-01 -7.08421171e-02  7.65032023e-02 -7.73536265e-01
  5.16824961e-01 -2.75964051e-01  3.99399251e-02  1.89883664e-01
  1.92084938e-01 -1.34777725e-01  1.31889746e-01  4.56183217e-03
 -9.91253734e-01]","[-0.51794577 -0.03742187  0.05247245 -0.17952317  0.27332363 -0.18417694
 -0.08769393  0.25135761 -0.05905511  0.02372386  0.18649735 -0.18943232
 -0.1438079  -0.05333258  0.02989156  0.04810159 -0.00560482  0.00114847
 -0.04027665 -0.19502655  0.10544553 -0.02348694]","[-0.4271739423274994, -0.010509875603020191, -0.03658519312739372, -0.48616263270378113, 0.2332947701215744, 0.1060139611363411, 0.24124903976917267, 0.19457854330539703, -0.08515231311321259, 0.5480498671531677, 0.056951411068439484, -0.14356637001037598, -0.018350357189774513, -0.011538112536072731, 0.010868210345506668, -0.024877997115254402, -0.00574922189116478, -0.9952484965324402, -0.03300042450428009, -0.007436640560626984, 0.0016246814047917724, 1.0075349807739258]"
610,4.75,"[-1.00000000e+00 -2.93977120e-15  2.00000003e-01  0.00000000e+00
  0.00000000e+00 -7.52077103e-02  2.14169305e-02 -1.72750857e-02
 -2.24304199e-02  1.04703337e-01  3.71526182e-03  8.74147415e-02
 -1.49319451e-02 -3.46047953e-02  4.76083755e-02 -1.55649841e-01
 -1.26384050e-02  5.72204590e-04  6.67572021e-03 -1.23407364e-01
 -1.16348267e-02 -3.22351456e-02  6.63385391e-02  4.67309952e-02
  7.30524063e-02  2.84194946e-02 -5.03168106e-02 -1.42857553e-02
 -9.89007950e-03  1.09891896e-03 -1.09891896e-03 -2.83203996e-03
  2.49800347e-02  2.41756439e-03 -1.12088202e-02  9.89007950e-03
 -2.41756439e-03  5.41035226e-03 -9.58093535e-03 -2.19821930e-04
 -2.19821930e-04 -1.97801599e-03 -1.09891896e-03 -6.59370446e-04
 -1.09891896e-03 -1.09891896e-03 -1.53846748e-03  2.19821930e-04
  4.61540231e-03 -1.54046214e+00 -1.89200744e-01  9.53578204e-02
 -6.03164136e-01  1.00286424e+00 -2.67406702e-01 -1.30980790e-01
  8.38332295e-01 -4.44218159e-01  2.95478731e-01  6.99953794e-01
 -7.55575061e-01  1.06253743e+00 -3.27781171e-01  8.62739980e-02
 -1.55159086e-01  8.03225115e-03  1.13882124e-03  3.90783459e-01
 -1.83474526e-01  2.07622796e-02 -7.25611746e-02 -1.12255320e-01
  1.60484552e-01 -7.37455040e-02  1.40916079e-01  5.64705115e-03
 -9.90005493e-01]","[ 0.10250434  0.11193463 -0.11201779  0.28101408 -0.10042237  0.37664288
  0.0366343   0.07764065 -0.10118887  0.07679029  0.27247512 -0.1446479
 -0.09833058  0.03446923 -0.0151898  -0.07039658 -0.01522387  0.02707697
 -0.14432876  0.16076799 -0.09369273  0.0006048 ]","[-0.4245089888572693, -0.017696084454655647, -0.02887686900794506, -0.5033881068229675, 0.23216253519058228, 0.09590670466423035, 0.24685393273830414, 0.2107369601726532, -0.08376367390155792, 0.5520041584968567, 0.07342882454395294, -0.1512245088815689, -0.006893606390804052, -0.015950597822666168, 0.0029173921793699265, -0.02939429320394993, -0.0011762145441025496, -0.9905432462692261, -0.03151388466358185, -0.003713908139616251, -0.0038858256302773952, 0.9939067959785461]"
620,4.828125,"[-8.81921291e-01  4.71396744e-01  2.00000003e-01  0.00000000e+00
  0.00000000e+00 -9.80968475e-02  1.34060662e-02 -1.23159792e-02
 -3.08227539e-02  1.05869234e-01  2.07977407e-02  8.66518021e-02
 -2.48501580e-02 -3.26974466e-02  3.92160416e-02 -1.46995038e-01
 -1.99230276e-02 -9.72747803e-03  7.05718994e-03 -1.23407364e-01
 -1.20162964e-02 -3.22351456e-02  6.59570694e-02  4.67309952e-02
  7.34338760e-02  2.84194946e-02 -4.61206436e-02 -2.65934002e-02
 -6.37359638e-03  3.73630528e-03 -9.45053156e-03  1.75768230e-03
  1.15952538e-02 -1.09891896e-03 -7.25278864e-03 -6.59370446e-04
 -8.13188590e-03  2.19797628e-04 -5.69719530e-04 -1.29670147e-02
 -1.09891896e-03 -6.59370446e-04 -1.09891896e-03  2.19821930e-04
  6.59370446e-04 -2.19821930e-04 -1.97801599e-03  6.59370446e-04
  4.17585392e-03 -4.58864331e-01  2.54745007e-01 -1.05119504e-01
  3.00662667e-01 -1.43749371e-01  6.43236816e-01 -5.77107072e-03
  5.30312419e-01 -1.43508300e-01  6.51005879e-02  9.82541323e-01
 -2.22642660e-01 -1.60106540e+00  3.13027531e-01 -1.38607293e-01
  1.12576865e-01  2.91451775e-02  2.09008828e-01 -9.70201433e-01
 -3.61732662e-01  2.56891191e-01 -3.07689965e-01 -7.10169747e-02
  1.15213007e-01  7.61690438e-02  1.47819489e-01  8.86269007e-03
 -9.88974690e-01]","[-0.40764603 -0.0244356   0.00528618 -0.14304177  0.25352013 -0.13580792
 -0.07970088  0.18720527 -0.0740734   0.02865707  0.14915112 -0.0988365
  0.14796402 -0.08143847 -0.01599039 -0.00547279 -0.00519968  0.03745045
  0.04727552 -0.08956066  0.04278546 -0.06899461]","[-0.4273153245449066, -0.0058107152581214905, -0.03685725852847099, -0.5014292597770691, 0.2305283546447754, 0.07256726920604706, 0.24565424025058746, 0.19740289449691772, -0.07753977924585342, 0.5403093099594116, 0.05868649482727051, -0.10917530208826065, -0.03430044651031494, -0.012512754648923874, -0.013137214817106724, -0.02264118567109108, -0.001745966263115406, -0.9704356789588928, -0.057542044669389725, -0.012279513292014599, 0.0005268745007924736, 0.9578844904899597]"
630,4.90625,"[-5.55570245e-01  8.31469595e-01  2.00000003e-01  0.00000000e+00
  0.00000000e+00 -1.13737106e-01  9.97283868e-03 -4.68658470e-03
 -3.92160416e-02  1.05564713e-01  2.54103057e-02  8.66518021e-02
 -2.71389764e-02 -3.26974466e-02  3.61642838e-02 -1.46044850e-01
 -2.15780176e-02 -2.15530396e-02  6.67572021e-03 -1.23407364e-01
 -1.20162964e-02 -3.22351456e-02  6.59570694e-02  4.71124649e-02
  7.38153458e-02  2.84194946e-02 -4.30688858e-02 -9.45053156e-03
 -6.59370446e-04  6.81314478e-03 -3.29666142e-03 -5.60828776e-04
  7.92912673e-04  2.19821930e-04  1.97801599e-03 -1.53846748e-03
 -2.19821930e-04  1.10701767e-04 -3.79788340e-04 -9.89007950e-03
 -6.59370446e-04 -2.19821930e-04  6.59370446e-04  6.59370446e-04
 -2.19821930e-04 -2.19821930e-04 -2.19821930e-04 -6.59370446e-04
 -2.19821930e-04 -1.59023002e-01  2.52306275e-02 -1.10457286e-01
 -2.56218582e-01  3.21482211e-01  3.49038333e-01  2.82226980e-01
  5.26746690e-01 -5.76846778e-01  2.02186406e-01  6.43999934e-01
 -1.36027351e-01  1.55676448e+00 -2.23910555e-01 -1.34433091e-01
 -4.17951912e-01  9.52420235e-02  1.98605642e-01  4.25088674e-01
  4.89207506e-01 -4.47897613e-01 -2.77700990e-01 -6.92675486e-02
  2.80289929e-02  1.83442920e-01  1.50375634e-01  8.80814716e-03
 -9.88589764e-01]","[-0.1105532   0.05903388 -0.03270213  0.09791508 -0.06513118  0.11826912
  0.06167567  0.07601226 -0.0371323   0.06018846  0.18447748 -0.02286986
 -0.35520887  0.06655062 -0.02678621  0.03921445 -0.00116804  0.07738248
 -0.23765077 -0.06688431  0.04692161 -0.1313475 ]","[-0.4186115264892578, -0.0088973268866539, -0.03564389795064926, -0.5224295854568481, 0.22281527519226074, 0.025650983676314354, 0.26469966769218445, 0.16844217479228973, -0.06948859244585037, 0.5400457382202148, 0.023795921355485916, -0.04986841231584549, -0.018649794161319733, -0.01363005954772234, -0.023312240839004517, -0.01921948604285717, 0.002700535114854574, -0.9443780779838562, -0.055567361414432526, -0.01566946506500244, -0.0020673200488090515, 0.9100800156593323]"
640,4.984375,"[-9.80171412e-02  9.95184720e-01  2.00000003e-01  0.00000000e+00
  0.00000000e+00 -1.19077682e-01  1.07357781e-02 -4.30511497e-03
 -4.22677994e-02  1.05671138e-01  2.25064754e-02  8.43629837e-02
 -2.52316277e-02 -3.26974466e-02  3.15866470e-02 -1.45869195e-01
 -1.92863327e-02 -2.30789185e-02  7.05718994e-03 -1.23407364e-01
 -1.20162964e-02 -3.22351456e-02  6.63385391e-02  4.71124649e-02
  7.38153458e-02  2.84194946e-02 -4.34503555e-02 -3.73630528e-03
  2.41756439e-03 -6.59370446e-04 -3.73630528e-03  2.02233717e-03
 -4.93456889e-03 -1.09891896e-03  3.73630528e-03 -2.19821930e-04
 -4.17585392e-03  2.15146481e-03  3.55433044e-03  2.19821930e-04
  2.19821930e-04 -1.53846748e-03 -2.19821930e-04 -2.19821930e-04
 -2.19821930e-04 -2.19821930e-04  2.19821930e-04 -2.19821930e-04
 -2.19821930e-04 -7.37646282e-01  3.79004888e-02  1.20626569e-01
 -3.43599826e-01 -1.19066969e-01 -3.71495664e-01 -3.20071608e-01
  1.90684378e-01 -1.72454938e-02 -2.06755579e-01  3.36231589e-01
  4.25649077e-01 -1.26690519e+00 -5.28704375e-04 -3.37672502e-01
  1.61661848e-01 -1.09426811e-01  4.04146552e-01 -3.28660280e-01
 -6.50497198e-01  5.18936813e-01 -6.53073430e-01 -6.67526349e-02
  3.38243395e-02  1.65311620e-01  1.52337164e-01  8.72885250e-03
 -9.88290071e-01]","[-0.01329819 -0.0047701  -0.03990073 -0.04387665  0.01245973 -0.04197266
 -0.01589835  0.03473935 -0.04244186 -0.02576946  0.1041363   0.13240121
  0.36038563 -0.03806016 -0.07210205 -0.04278436  0.04350646  0.07110026
  0.04069452  0.00275079 -0.08378872 -0.12812026]","[-0.35642603039741516, -0.013381874188780785, -0.032594431191682816, -0.5186852812767029, 0.15256395936012268, -0.026967769488692284, 0.24902284145355225, 0.09694347530603409, -0.027799218893051147, 0.5078983902931213, -0.026285285130143166, 0.056127194315195084, -0.03271756321191788, -0.0039042362477630377, -0.049643468111753464, -0.004654651042073965, 0.009701119735836983, -0.9175034761428833, -0.06540415436029434, -0.04294753819704056, 0.00621884036809206, 0.864556610584259]"
650,5.0625,"[ 3.82683426e-01  9.23879504e-01  2.00000003e-01  0.00000000e+00
  0.00000000e+00 -1.24036789e-01  1.34060662e-02 -4.68658470e-03
 -5.10416031e-02  1.07035100e-01  7.48844631e-03  8.47444534e-02
 -2.33242791e-02 -3.38418558e-02  2.92968750e-02 -1.44860119e-01
 -1.19166393e-02 -1.88827515e-02  7.05718994e-03 -1.23407364e-01
 -1.20162964e-02 -3.22351456e-02  6.71014786e-02  4.71124649e-02
  7.38153458e-02  2.84194946e-02 -4.72650528e-02 -5.05495071e-03
  1.09891896e-03  2.19821930e-04 -1.12088202e-02  2.75111361e-03
 -2.08117124e-02 -2.19821930e-04  1.09891896e-03 -1.09891896e-03
 -6.59370446e-04  2.81169545e-03  5.08469762e-03  6.37359638e-03
 -2.19821930e-04 -6.59370446e-04  6.59370446e-04 -2.19821930e-04
 -2.19821930e-04 -2.19821930e-04 -1.53846748e-03 -2.19821930e-04
 -8.13188590e-03  2.44302318e-01 -6.52536690e-01  7.40392357e-02
 -5.04466072e-02 -8.73722136e-01 -4.52391446e-01  1.17267513e+00
  8.00848082e-02  1.06143408e-01  2.84271419e-01 -1.86253607e-01
  4.00783956e-01  1.46820164e+00 -1.15565583e-02  3.67565900e-02
  4.73684743e-02  1.82816535e-01  2.08112553e-01 -1.39965750e-02
  2.66415775e-01 -6.01244569e-01 -4.25367296e-01 -1.27978235e-01
 -1.77643344e-01  1.88593287e-02  1.50415570e-01  1.15986876e-02
 -9.88554835e-01]","[-0.15612715 -0.1223706   0.14478442  0.02676475 -0.24334311 -0.11891434
  0.16364269  0.0009883  -0.01382413  0.08841909 -0.06299274  0.12716591
 -0.35768855  0.02633019 -0.01323616 -0.02567886 -0.02191619  0.06482337
 -0.102061   -0.04392739  0.11798704 -0.11465857]","[-0.29605913162231445, -0.10457709431648254, 0.02591889351606369, -0.5119538903236389, 0.0008130535716190934, -0.11411285400390625, 0.35294872522354126, 0.03131245821714401, 0.015958501026034355, 0.5253021717071533, -0.1601603627204895, 0.13885807991027832, 0.013783971779048443, -0.0007135868072509766, -0.03374212980270386, -0.007003870327025652, 0.013463376089930534, -0.9267204403877258, -0.04944754019379616, -0.018084406852722168, -0.009304030798375607, 0.8703082799911499]"
660,5.140625,"[ 7.73010433e-01  6.34393275e-01  2.00000003e-01  0.00000000e+00
  0.00000000e+00 -1.06870651e-01  1.34060662e-02 -8.11981224e-03
 -5.25674820e-02  1.01336777e-01 -2.18461659e-02  6.03303909e-02
 -2.06539910e-02 -2.96456907e-02  1.13677979e-02 -1.44763559e-01
  1.05248112e-03 -1.62124634e-02  7.05718994e-03 -1.23407364e-01
 -1.20162964e-02 -3.22351456e-02  6.86273575e-02  4.71124649e-02
  7.34338760e-02  2.84194946e-02 -6.29053116e-02  2.26373672e-02
 -2.19821930e-04 -1.97801599e-03  1.53846748e-03 -1.31061685e-03
 -1.87903438e-02 -4.15384285e-02  9.89007950e-03  5.93404798e-03
 -1.51648521e-02  7.85287376e-03  1.27255460e-02 -2.19821930e-04
 -6.59370446e-04 -1.53846748e-03 -2.19821930e-04 -2.19821930e-04
 -6.59370446e-04  6.59370446e-04  2.19821930e-04 -2.19821930e-04
 -1.82417873e-02 -4.80807006e-01 -5.78834295e-01  5.51371634e-01
 -6.30796924e-02 -8.35778892e-01 -6.04467750e-01 -6.99466541e-02
  2.35650390e-02 -7.75039047e-02  4.71289381e-02 -2.14141190e-01
  9.26398098e-01 -1.64698315e+00 -1.65972561e-02 -2.55487412e-01
 -3.70549932e-02 -2.83052593e-01  2.49188334e-01 -7.01369941e-02
 -3.14113438e-01  6.22044504e-01 -2.70102561e-01 -8.30895156e-02
 -1.77422374e-01 -1.01787657e-01  1.38171121e-01  1.56781301e-02
 -9.90284324e-01]","[ 0.10640555 -0.12717012  0.01700732 -0.06681756 -0.1874686  -0.20006151
 -0.01329111 -0.07823575  0.07747433 -0.12954237 -0.05121809  0.39651322
  0.4070931  -0.01638263 -0.10705281  0.0083883   0.07669191  0.02504776
  0.02244881 -0.09134778 -0.10023278 -0.08366753]","[-0.2801716923713684, -0.1697094440460205, 0.06786175817251205, -0.5160630345344543, -0.05525302141904831, -0.1774512231349945, 0.33734625577926636, 0.003897328395396471, 0.03903144598007202, 0.49783000349998474, -0.21999798715114594, 0.24171136319637299, 0.0013397007714956999, -0.00041619205148890615, -0.041048966348171234, -0.0018132851691916585, 0.011555063538253307, -0.9471400380134583, -0.02926795557141304, -0.04729913920164108, 0.012181613594293594, 0.906061053276062]"
670,5.21875,"[ 9.80785251e-01  1.95090324e-01  2.00000003e-01  0.00000000e+00
  0.00000000e+00 -8.28371048e-02  1.95095818e-02  5.99456765e-03
 -4.87527847e-02  9.81283188e-02 -3.08777411e-02  7.55891800e-02
 -9.20989923e-03  2.39776634e-03  2.51007080e-02 -1.45577878e-01
  2.10580043e-02 -1.08718872e-02  7.05718994e-03 -1.23407364e-01
 -1.23977661e-02 -3.22351456e-02  6.82458878e-02  4.71124649e-02
  7.15265274e-02  2.84194946e-02 -8.31232071e-02  5.05495071e-03
  1.99999809e-02  6.59370446e-04  1.53846748e-03 -1.16946176e-04
 -4.00314253e-04  1.16483690e-02  2.17582714e-02  3.45054641e-02
  1.82417873e-02  6.23201206e-03  1.54825468e-02 -6.59370446e-04
  2.19821930e-04 -1.09891896e-03 -6.59370446e-04 -2.19821930e-04
 -2.19821930e-04 -1.09891896e-03 -6.37359638e-03 -6.59370446e-04
 -1.91208851e-02  4.41876888e-01 -8.73723447e-01  8.33326727e-02
 -1.37418479e-01 -1.04038346e+00 -6.42591119e-01  7.64436603e-01
 -1.59032956e-01  2.01247498e-01 -1.45922825e-02 -2.98115909e-01
  1.04195786e+00  2.07928896e+00 -6.36899844e-02 -9.18591246e-02
  1.22641571e-01  2.33020157e-01 -2.36974582e-02  1.97239041e-01
  8.61862674e-03 -7.33446240e-01 -1.33903131e-01  4.06969599e-02
 -3.64842415e-02 -1.07180916e-01  1.35012403e-01  1.42215025e-02
 -9.90741849e-01]","[-0.14001878 -0.2512232   0.17239495  0.07325403 -0.30931577 -0.07719068
  0.38741693  0.03506096 -0.01862701  0.22807118 -0.14675985  0.05510163
 -0.22451396  0.03825308  0.06822866 -0.01561008 -0.01315011  0.02448143
 -0.1248131   0.05818427  0.04530703 -0.04674424]","[-0.2600460648536682, -0.2234499454498291, 0.07848618924617767, -0.5031536817550659, -0.09795162826776505, -0.15396897494792938, 0.4176878035068512, 0.009224394336342812, 0.03528084233403206, 0.5497180223464966, -0.24936288595199585, 0.2246505618095398, 0.07289071381092072, 0.003737161634489894, -0.009250800125300884, 0.00472601130604744, 0.014512251131236553, -0.9699693918228149, -0.029025837779045105, -0.011922069825232029, -0.02409239485859871, 0.9432914853096008]"
680,5.296875,"[ 9.5694035e-01 -2.9028466e-01  2.0000000e-01  0.0000000e+00
  0.0000000e+00 -7.7115059e-02  2.9809264e-02  1.6294250e-02
 -4.4938087e-02  9.4724715e-02 -3.8242564e-02  7.2155952e-02
 -4.6322625e-03  2.9483071e-02  2.0904541e-02 -1.5523803e-01
  4.5257129e-02 -1.4305115e-02  7.0571899e-03 -1.2378883e-01
 -1.2397766e-02 -3.2235146e-02  6.7864418e-02  4.7112465e-02
  7.1145058e-02  2.8800964e-02 -9.3422890e-02  1.5384675e-03
  1.9780160e-03  1.4725304e-02  2.8571130e-03  8.5331191e-04
 -2.9369674e-03 -7.6923370e-03  6.8131448e-03 -2.8571130e-03
 -4.1758539e-03 -3.3007183e-03  2.7993146e-02 -8.1318859e-03
 -2.1982193e-04 -1.0989190e-03 -2.1982193e-04  2.1982193e-04
  2.1982193e-04 -6.5937045e-04 -2.1982193e-04 -2.1982193e-04
 -3.7363053e-03 -4.4652545e-01 -9.5480204e-01  6.4719331e-01
  1.6904798e-01 -1.1791657e+00 -2.0080823e-01  9.1813064e-01
  1.6861847e-01 -1.4618827e-01  6.3609564e-01 -4.3660337e-01
  3.7648010e-01 -1.5018040e+00  7.7840835e-02 -5.7610475e-02
 -8.5274927e-02 -2.4759136e-01  8.2468376e-02 -2.8753108e-01
 -7.2393894e-02  4.7589058e-01 -6.2809475e-02 -4.4448178e-02
  1.3150622e-01 -8.5688336e-03  1.3611743e-01  1.8212445e-02
 -9.9052525e-01]","[ 0.07945287 -0.1546754   0.02458813 -0.09491122 -0.17325704 -0.17660627
 -0.14099267 -0.09572719  0.06066521 -0.12183872 -0.06259075  0.3363076
  0.18631956 -0.01837819 -0.10389259  0.02252272  0.02504975  0.02936043
  0.02524666 -0.13226604 -0.01212268 -0.02795089]","[-0.2641238868236542, -0.24820147454738617, 0.08255302906036377, -0.5070063471794128, -0.09560050070285797, -0.1232675090432167, 0.38331854343414307, 0.016614360734820366, 0.021469008177518845, 0.5572613477706909, -0.24908794462680817, 0.19461935758590698, -0.0019736378453671932, 0.002834348939359188, -0.018102550879120827, 0.004243992269039154, -0.0002494603395462036, -0.9758799076080322, -0.022690262645483017, -0.03164209425449371, 0.008710863068699837, 0.9740811586380005]"
690,5.375,"[ 7.07106769e-01 -7.07106769e-01  2.00000003e-01  0.00000000e+00
  0.00000000e+00 -7.71150589e-02  3.20980847e-02  1.97274778e-02
 -3.61642838e-02  9.20529217e-02 -4.12952751e-02  1.08778000e-01
 -2.72491388e-03  1.88009646e-02  5.18045425e-02 -1.51137114e-01
  7.99381509e-02 -1.27792358e-02  7.05718994e-03 -1.23025894e-01
 -1.23977661e-02 -3.22351456e-02  6.74829483e-02  4.71124649e-02
  7.03821182e-02  2.80380249e-02 -9.22784805e-02 -2.19821930e-04
  1.09891896e-03  2.19821930e-04  9.01098270e-03 -4.08592494e-03
 -3.17406538e-03  4.46153656e-02  2.19821930e-04 -3.73630528e-03
  2.04395298e-02  1.40653271e-02  4.86330912e-02  8.13188590e-03
 -2.19821930e-04  2.19821930e-04 -6.59370446e-04  2.19821930e-04
 -2.19821930e-04 -2.19821930e-04  6.59370446e-04 -2.19821930e-04
  6.59370446e-04  3.06027591e-01 -6.14100933e-01 -1.52946226e-02
 -2.49117523e-01 -5.68117440e-01 -3.82302403e-01  3.49204242e-02
 -2.44831443e-01  1.63218945e-01 -1.48914590e-01 -5.32695502e-02
  7.82607257e-01  1.82579839e+00 -6.42583743e-02 -2.91694880e-01
  9.17021260e-02  1.23646468e-01 -2.16929913e-02  2.21803069e-01
 -1.88860089e-01 -4.80538726e-01 -3.67453471e-02  1.26071414e-02
  1.85552947e-02 -2.23368984e-02  1.41958788e-01  1.99126638e-02
 -9.89672184e-01]","[-0.06563303 -0.1772044   0.04677474  0.14413704 -0.29096684  0.09052894
  0.3923187   0.00525212  0.0037702   0.23543455 -0.12652163 -0.10766175
 -0.07859646  0.02355885  0.07660774 -0.01838601  0.00869999  0.02615834
 -0.14413396  0.11807787 -0.05169302 -0.01202621]","[-0.240892231464386, -0.21286723017692566, 0.03995257616043091, -0.4910905361175537, -0.08251773566007614, -0.05877337232232094, 0.3926149904727936, 0.003612839849665761, 0.028335794806480408, 0.5663142204284668, -0.23546633124351501, 0.1053607240319252, 0.07390200346708298, -0.001769860042259097, -0.016789916902780533, 0.0016046479577198625, 0.012155059725046158, -0.9833791255950928, -0.020356344059109688, -0.007294486276805401, -0.02472350373864174, 0.990575909614563]"
700,5.453125,"[ 2.90284663e-01 -9.56940353e-01  2.00000003e-01  0.00000000e+00
  0.00000000e+00 -7.33003616e-02  2.90463250e-02  2.04904173e-02
 -3.15866470e-02  9.10733491e-02 -4.16865721e-02  1.14500046e-01
 -4.25079279e-03  1.72750857e-02  6.21042252e-02 -1.48150623e-01
  9.79398787e-02 -1.23977661e-02  7.05718994e-03 -1.23407364e-01
 -1.23977661e-02 -3.22351456e-02  6.74829483e-02  4.71124649e-02
  7.03821182e-02  2.84194946e-02 -8.92267227e-02  5.49449911e-03
 -6.81314478e-03  6.59370446e-04 -2.19821930e-04  4.70386905e-04
  1.41486374e-03 -5.05495071e-03 -7.25278864e-03 -6.37359638e-03
  5.93404798e-03 -1.77791563e-03  3.72053101e-03 -4.61540231e-03
 -6.59370446e-04 -6.59370446e-04 -6.59370446e-04  2.19821930e-04
 -6.59370446e-04 -6.59370446e-04 -6.59370446e-04 -2.19821930e-04
  4.17585392e-03 -3.36510777e-01 -4.01095062e-01  1.59576222e-01
  5.57540059e-01 -1.08563375e+00  4.67147589e-01  9.19436812e-01
 -4.67943251e-02  1.62723213e-02  6.65804982e-01 -2.41892666e-01
 -3.47794831e-01 -1.33749998e+00  1.21446282e-01 -7.55214468e-02
 -1.12606294e-01 -8.18989351e-02  1.44717723e-01 -7.29914308e-01
  5.70720732e-02  2.80226052e-01 -9.17269886e-02  4.28543948e-02
 -1.06850855e-01  1.31896799e-02  1.38319552e-01  2.33285632e-02
 -9.90112782e-01]","[-0.09526965 -0.04327749  0.00664909 -0.10725964  0.00410508 -0.14140317
 -0.15618572 -0.03320562  0.04340938 -0.0741796   0.01281046  0.03060128
  0.01872438 -0.04455948 -0.06011795  0.04366388  0.01016003  0.04781883
  0.03105744 -0.15306324  0.04764092 -0.02742141]","[-0.28766942024230957, -0.14693105220794678, 0.017335161566734314, -0.48320960998535156, -0.02078319527208805, -0.010337693616747856, 0.3574351966381073, 0.013032414950430393, 0.021975859999656677, 0.5655277967453003, -0.18876484036445618, -0.01250699907541275, -0.012964149937033653, -0.007535935379564762, -0.014571092091500759, 0.004947042092680931, 0.0027845848817378283, -0.9705573916435242, -0.03730995953083038, -0.02047020010650158, 0.002016452606767416, 0.9891203045845032]"
710,5.53125,"[-1.95090324e-01 -9.80785251e-01  2.00000003e-01  0.00000000e+00
  0.00000000e+00 -5.53712845e-02  2.44686883e-02  7.52044655e-03
 -2.12860107e-02  9.23131406e-02 -3.67979631e-02  1.14118576e-01
 -8.44695978e-03  1.61306765e-02  7.27853775e-02 -1.45313263e-01
  8.66968259e-02 -8.20159912e-03  7.05718994e-03 -1.23407364e-01
 -1.23977661e-02 -3.22351456e-02  6.71014786e-02  4.71124649e-02
  7.03821182e-02  2.80380249e-02 -8.23602676e-02  1.91208851e-02
 -5.49449911e-03 -2.39560138e-02  1.12088202e-02  1.89918850e-04
  5.57444664e-03  6.59370446e-04 -2.85711302e-03  1.53846748e-03
  1.07692722e-02  3.43363290e-03 -1.86335798e-02  6.81314478e-03
 -2.19821930e-04 -2.19821930e-04  6.59370446e-04 -2.19821930e-04
 -6.59370446e-04 -1.09891896e-03 -1.09891896e-03  2.19821930e-04
  1.20879179e-02 -7.69298255e-01 -1.10095710e-01  6.92664236e-02
 -3.37212980e-01  5.78550339e-01 -7.80161023e-02  1.82055011e-02
  3.48034739e-01 -3.00184727e-01  1.04262553e-01  5.19923866e-01
 -2.65473306e-01  1.71069360e+00 -2.40887970e-01 -7.87581131e-03
 -2.72279326e-02  1.07052967e-01  2.16539055e-02  3.84406805e-01
 -1.76891610e-01 -1.54239058e-01 -1.05525404e-02  1.58583105e-01
 -1.13978209e-02 -3.10382363e-03  1.33853793e-01  1.81717519e-02
 -9.90834475e-01]","[ 0.00259857  0.06943142 -0.14072776  0.30226117 -0.10241481  0.37085226
  0.06267262  0.01126695 -0.05752057  0.13233565  0.14386237 -0.19670889
 -0.18694064  0.04213192  0.02680701 -0.06623738 -0.03463334  0.03454264
 -0.18696465  0.13927247 -0.0704927  -0.00172993]","[-0.3232647776603699, -0.04304792359471321, -0.041291289031505585, -0.4523841142654419, 0.12276678532361984, 0.08623089641332626, 0.26962530612945557, 0.06282386183738708, -0.02619444951415062, 0.5480844974517822, -0.06051161140203476, -0.09643422812223434, 0.015445351600646973, -0.011171121150255203, -0.008958998136222363, -0.011595147661864758, 0.001104459399357438, -0.9716814160346985, -0.02979927696287632, -0.00574242090806365, -0.008007213473320007, 0.9947730898857117]"
720,5.609375,"[-6.34393275e-01 -7.73010433e-01  2.00000003e-01  0.00000000e+00
  0.00000000e+00 -5.27009964e-02  2.33242791e-02 -4.90417704e-04
 -1.86157227e-02  9.64168608e-02 -2.78494228e-02  1.09540939e-01
 -1.26431268e-02  1.61306765e-02  7.31668472e-02 -1.46972775e-01
  3.65672484e-02 -6.29425049e-03  7.05718994e-03 -1.23407364e-01
 -1.23977661e-02 -3.22351456e-02  6.71014786e-02  4.71124649e-02
  7.07635880e-02  2.84194946e-02 -7.16791153e-02 -5.49449911e-03
 -6.59370446e-04 -1.53846748e-03 -1.09891896e-03  2.89412937e-03
  8.03183112e-03 -1.09891896e-03 -3.29666142e-03  6.59370446e-04
 -1.09891896e-03 -9.76632722e-03 -6.19080476e-02 -6.59370446e-04
  2.19821930e-04 -6.59370446e-04 -6.59370446e-04  6.59370446e-04
 -6.59370446e-04  2.19821930e-04  6.59370446e-04 -2.19821930e-04
  9.45053156e-03 -5.13526976e-01  1.26378313e-01 -1.14627823e-01
  1.82014421e-01 -5.55531681e-02  6.46042585e-01 -1.34886175e-01
  6.45574033e-01 -1.71463475e-01  4.64711897e-02  9.13865805e-01
 -3.90383959e-01 -1.70619011e+00  2.18342736e-01 -1.42587453e-01
  2.24540859e-01  1.93710417e-01  4.59458306e-02 -7.57183015e-01
 -4.18392807e-01  3.72731805e-01 -3.27807590e-02  2.16080755e-01
  1.56156179e-02 -6.20048828e-02  1.36555642e-01  1.13469930e-02
 -9.90567327e-01]","[-0.40144894 -0.03597037  0.04403006 -0.13991217  0.24673606 -0.06730458
 -0.03363027  0.20295052 -0.11759059  0.06702764  0.1720857  -0.14609043
  0.24402307 -0.07456431  0.02414571 -0.02950785 -0.02222162 -0.00312212
  0.09551134 -0.0696161   0.02086233  0.00233305]","[-0.4226601719856262, -0.01839710772037506, -0.03731418401002884, -0.4771912097930908, 0.21528750658035278, 0.1076740175485611, 0.24850502610206604, 0.1696350872516632, -0.07611806690692902, 0.5612746477127075, 0.033975593745708466, -0.15171712636947632, -0.028782213106751442, -0.012284424155950546, 0.010839404538273811, -0.019714636728167534, -0.004332211799919605, -0.9901307821273804, -0.03300178423523903, -0.010750127024948597, 0.006706716027110815, 1.0065058469772339]"
730,5.6875,"[-9.23879504e-01 -3.82683426e-01  2.00000003e-01  0.00000000e+00
  0.00000000e+00 -5.15565872e-02  2.29428094e-02 -2.52869036e-02
 -8.31604004e-03  1.04030132e-01 -1.33863688e-02  8.28371048e-02
 -9.97283868e-03 -2.31607053e-02  4.76083755e-02 -1.57704771e-01
 -1.22950431e-02 -6.29425049e-03  7.05718994e-03 -1.23407364e-01
 -1.16348267e-02 -3.22351456e-02  6.67200089e-02  4.71124649e-02
  7.11450577e-02  2.84194946e-02 -6.25238419e-02  1.25274658e-02
 -1.20879179e-02 -3.14285271e-02  1.60439499e-02 -2.44135899e-03
  1.71203748e-03 -6.59370446e-04 -1.38461115e-02 -1.91208851e-02
 -1.47253042e-02 -2.07320955e-02 -5.02535142e-03 -2.19821930e-04
 -2.19821930e-04 -1.09891896e-03  5.05495071e-03 -2.19821930e-04
 -1.53846748e-03 -6.59370446e-04  2.41756439e-03 -6.59370446e-04
  3.73630528e-03 -1.33009087e-02  2.13648491e-02 -1.55703411e-01
 -2.70182714e-02  1.31930798e-01  8.60273659e-01  2.93129176e-01
  7.34501064e-01 -7.21163571e-01  3.92279148e-01  9.03961301e-01
 -7.58889973e-01  1.55441201e+00 -2.55432487e-01  8.15998316e-02
 -4.15454060e-01  1.97311230e-02 -4.77844551e-02  6.58843160e-01
  6.33795381e-01 -4.18278158e-01  1.90372109e-01  1.45067228e-02
  2.12484911e-01 -1.62511855e-01  1.40404850e-01  4.41575050e-03
 -9.90084410e-01]","[-0.07900688  0.04907615 -0.02460919  0.08470257 -0.05039435  0.21724167
 -0.01200807  0.15881751 -0.04634978  0.0149911   0.28084427 -0.0977304
 -0.38046733  0.08260431 -0.03170042  0.01216849  0.00975932  0.02437497
 -0.21742737 -0.06865442  0.04921309 -0.01859199]","[-0.416629433631897, -0.017881857231259346, -0.029315773397684097, -0.49329033493995667, 0.2227538377046585, 0.10981785506010056, 0.24603042006492615, 0.199656680226326, -0.08682776987552643, 0.5538848638534546, 0.0741804912686348, -0.14793235063552856, -0.008859287016093731, -0.011713330633938313, 0.0077507467940449715, -0.028832565993070602, -0.0034036904107779264, -0.9954557418823242, -0.028190556913614273, -0.003010891377925873, -0.003567872103303671, 1.0066654682159424]"
740,5.765625,"[-9.95184720e-01  9.80171412e-02  2.00000003e-01  0.00000000e+00
  0.00000000e+00 -8.66518021e-02  1.72207635e-02 -2.18536761e-02
 -2.09045410e-02  1.05092615e-01  4.40214388e-03  8.74147415e-02
 -1.68392938e-02 -2.81198118e-02  4.60824966e-02 -1.54516906e-01
 -1.58963781e-02 -8.96453857e-03  7.05718994e-03 -1.24933243e-01
 -1.04904175e-02 -3.22351456e-02  6.59570694e-02  4.55865860e-02
  7.30524063e-02  2.84194946e-02 -5.56573868e-02 -3.58242057e-02
 -7.69233704e-03  1.95604321e-02 -1.69230457e-02 -1.60623703e-03
  2.59679388e-02  1.97801599e-03 -1.20879179e-02 -1.97801599e-03
 -3.29666142e-03 -1.48350780e-03 -6.15384756e-03 -9.45053156e-03
  2.19821930e-04 -1.09891896e-03 -2.19821930e-04 -1.09891896e-03
 -6.59370446e-04 -5.49449911e-03  3.29666142e-03 -2.19821930e-04
  6.81314478e-03 -1.70874047e+00 -1.60016388e-01  1.54476300e-01
 -7.73801744e-01  7.75444508e-01 -4.99481082e-01 -2.40812778e-01
  1.05850053e+00 -1.20625600e-01 -5.89654371e-02  7.72644460e-01
 -6.39493823e-01 -1.19270897e+00 -2.58690808e-02  2.11619101e-02
  2.34297812e-01 -1.02632269e-02  4.84113172e-02 -5.16866982e-01
 -8.41896892e-01  4.55139458e-01 -2.27519751e-01 -9.77955610e-02
  9.92291048e-02  3.06068789e-02  1.48292348e-01  7.37612881e-03
 -9.88916039e-01]","[-0.06581499 -0.00414123 -0.01533114 -0.06565407  0.09092896  0.14018539
  0.09451687  0.19710703 -0.18425621  0.0805658   0.1800507  -0.14607397
  0.45046467 -0.07885303 -0.00119747 -0.1032179   0.01604106  0.00224351
  0.16952083  0.12763375 -0.09935477  0.01206602]","[-0.4274550676345825, -0.02153993584215641, -0.026279909536242485, -0.5174862742424011, 0.23294934630393982, 0.08912542462348938, 0.25312525033950806, 0.2201392501592636, -0.08822660893201828, 0.5452860593795776, 0.07235491275787354, -0.14051415026187897, -0.004786272998899221, -0.01466421876102686, -0.0012300277594476938, -0.028049981221556664, 0.0014638792490586638, -0.9885648488998413, -0.03476734086871147, -0.010654198005795479, -0.000976389623247087, 0.9874460697174072]"
750,5.84375,"[-8.31469595e-01  5.55570245e-01  2.00000003e-01  0.00000000e+00
  0.00000000e+00 -1.04200363e-01  1.26431268e-02 -2.39776634e-03
 -3.38754654e-02  1.06164336e-01  1.85767189e-02  8.55073929e-02
 -2.44686883e-02 -3.88009623e-02  4.22677994e-02 -1.53004527e-01
 -1.91688240e-02 -2.19345093e-02  7.05718994e-03 -1.23407364e-01
 -1.08718872e-02 -3.22351456e-02  6.59570694e-02  4.55865860e-02
  7.38153458e-02  2.84194946e-02 -4.99353409e-02 -1.07692722e-02
  1.09891896e-03  7.69233704e-03 -4.17585392e-03  3.00361565e-03
  4.70723026e-03 -2.85711302e-03 -3.73630528e-03 -6.81314478e-03
 -4.17585392e-03  9.94482775e-07 -1.87434533e-04 -1.12088202e-02
 -2.19821930e-04 -1.97801599e-03  2.19821930e-04 -2.19821930e-04
 -6.59370446e-04 -1.09891896e-03 -2.19821930e-04 -2.19821930e-04
  1.09891896e-03  4.53670710e-01  2.25261852e-01 -3.32722068e-01
  4.26426917e-01 -2.56123036e-01  1.01670837e+00  4.30840224e-01
  5.47186136e-01 -5.94699502e-01  3.46904159e-01  9.55033183e-01
 -4.81519401e-01  4.51759100e-01  2.18889210e-02 -4.69869003e-02
 -4.65450615e-01  9.30841640e-03  1.69498265e-01 -5.00590578e-02
  7.56259084e-01 -5.05133033e-01 -1.37945920e-01 -6.14852272e-02
  1.13282710e-01  1.69516593e-01  1.53428748e-01  8.46506469e-03
 -9.88123417e-01]","[-0.34239012 -0.01625206  0.01489496 -0.15475538  0.13090196 -0.08056398
 -0.06133626  0.21202746 -0.02375179 -0.02369961  0.19442132 -0.07485458
 -0.31623593  0.00515864 -0.03035809  0.06852749 -0.00343492  0.04629092
 -0.13474327 -0.20856403  0.12020102 -0.10109074]","[-0.41535547375679016, -0.009439188055694103, -0.03739824518561363, -0.5195846557617188, 0.22347863018512726, 0.06492441147565842, 0.2584512233734131, 0.19996513426303864, -0.08294561505317688, 0.5398520231246948, 0.05679451674222946, -0.09760422259569168, -0.015409190207719803, -0.012525188736617565, -0.014106998220086098, -0.025331487879157066, 0.0011840617517009377, -0.965377688407898, -0.045567747205495834, -0.011104938574135303, -0.0025133199524134398, 0.9497111439704895]"
760,5.921875,"[-4.71396744e-01  8.81921291e-01  2.00000003e-01  0.00000000e+00
  0.00000000e+00 -1.20985031e-01  1.03543084e-02 -2.39776634e-03
 -4.41751480e-02  1.07604444e-01  2.31731553e-02  8.51259232e-02
 -2.48501580e-02 -3.95639017e-02  3.69272232e-02 -1.53284490e-01
 -1.93266738e-02 -2.65121460e-02  7.05718994e-03 -1.23407364e-01
 -1.04904175e-02 -3.22351456e-02  6.59570694e-02  4.67309952e-02
  7.38153458e-02  2.84194946e-02 -4.99353409e-02 -1.20879179e-02
 -4.61540231e-03 -1.09891896e-03 -6.37359638e-03  1.66304933e-03
  2.73556146e-03 -6.59370446e-04  6.59370446e-04 -6.59370446e-04
 -7.25278864e-03  1.00794591e-06 -1.87373764e-04  6.59370446e-04
 -2.19821930e-04 -6.59370446e-04 -2.19821930e-04 -6.59370446e-04
 -2.19821930e-04 -6.59370446e-04 -1.09891896e-03 -2.19821930e-04
 -2.19821930e-04 -1.37729287e+00  1.03874542e-02 -3.76904197e-02
 -4.36645895e-01  7.34638035e-01 -6.99393213e-01 -5.68650723e-01
  4.46623594e-01 -9.40726101e-02 -1.23386584e-01  4.85017240e-01
 -5.24754599e-02 -3.20706777e-02 -2.45781839e-01 -1.97062194e-01
  6.67053238e-02 -3.74611057e-02  2.89414644e-01 -8.63716379e-03
 -5.27335286e-01  3.04135621e-01 -4.51994717e-01 -8.79679993e-02
  5.70061207e-02  2.36865312e-01  1.58705592e-01  8.36288929e-03
 -9.87290502e-01]","[ 0.05803388  0.02600113 -0.05921417  0.01893553 -0.02602691  0.13496512
  0.13820428  0.11969858 -0.11747769  0.09265524  0.19284992 -0.06930175
  0.15340246 -0.00159631 -0.00702954 -0.08705945  0.03210264  0.07043776
 -0.02154126  0.13940829 -0.12791598 -0.1046624 ]","[-0.41185465455055237, -0.014812905341386795, -0.03505877032876015, -0.5394558906555176, 0.21578292548656464, 0.010378705337643623, 0.2576129734516144, 0.16255998611450195, -0.060499850660562515, 0.5335034728050232, 0.029428506270051003, -0.04202444851398468, -0.020895492285490036, -0.011063804849982262, -0.02912224270403385, -0.016228869557380676, 0.007445283234119415, -0.9399138689041138, -0.0558709055185318, -0.025880225002765656, -0.0016210724133998156, 0.9009709358215332]"
770,6.0,"[-1.46957612e-15  1.00000000e+00  2.00000003e-01  0.00000000e+00
  0.00000000e+00 -1.24799728e-01  1.53134149e-02 -7.73834251e-03
 -4.72269058e-02  1.09068006e-01  1.68623254e-02  8.39815140e-02
 -2.29428094e-02 -3.95639017e-02  3.19681168e-02 -1.53299898e-01
 -1.60749946e-02 -2.53677368e-02  7.05718994e-03 -1.23407364e-01
 -1.08718872e-02 -3.22351456e-02  6.59570694e-02  4.71124649e-02
  7.34338760e-02  2.84194946e-02 -5.22241592e-02 -3.29666142e-03
  6.59370446e-04 -1.97801599e-03 -4.61540231e-03  3.90750915e-03
 -9.42482054e-03 -2.85711302e-03  4.17585392e-03 -6.59370446e-04
 -3.73630528e-03  2.03716196e-03  2.97026965e-03  1.16483690e-02
 -6.59370446e-04  6.59370446e-04  2.19821930e-04 -2.19821930e-04
 -2.19821930e-04 -6.59370446e-04 -6.59370446e-04 -2.19821930e-04
 -3.29666142e-03 -3.23765725e-01 -1.45684749e-01  2.62609832e-02
  1.76751137e-01 -6.90726399e-01  3.08001824e-02  9.40249562e-01
  2.17003256e-01 -2.84371525e-02  5.33125579e-01  2.33438537e-01
 -7.59220123e-02 -8.97022963e-01  1.75914019e-01  5.59383556e-02
  9.04633775e-02  4.70796041e-02  3.01130116e-01 -7.11918533e-01
  1.26884878e-01 -9.82159600e-02 -5.67145884e-01 -9.37505513e-02
 -9.51607618e-03  1.40119404e-01  1.60310537e-01  7.58934021e-03
 -9.87037539e-01]","[-0.08333648  0.01013986  0.00690705 -0.07254124 -0.04004864 -0.18855506
 -0.19948062 -0.05898255  0.04078422 -0.1371914   0.00386252  0.21868224
 -0.07810177 -0.03096598 -0.1132031  -0.00172725 -0.0046821   0.1059891
 -0.01619676 -0.15145528  0.0882515  -0.16399214]","[-0.3276718556880951, -0.031353969126939774, -0.020916251465678215, -0.529078483581543, 0.11261116713285446, -0.03824823349714279, 0.26426807045936584, 0.07947608083486557, -0.020168686285614967, 0.5078478455543518, -0.04649615287780762, 0.07359957695007324, -0.030243653804063797, -0.004022345412522554, -0.050931259989738464, -0.013592373579740524, 0.009758819825947285, -0.9168796539306641, -0.05390371382236481, -0.029735147953033447, -0.000612480565905571, 0.8610976934432983]"
780,6.078125,"[ 4.71396744e-01  8.81921291e-01  2.00000003e-01  0.00000000e+00
  0.00000000e+00 -1.28614426e-01  1.45504754e-02 -8.11981224e-03
 -5.94339371e-02  1.11347079e-01 -2.84480769e-03  7.78779984e-02
 -2.14169305e-02 -3.91824320e-02  2.66265869e-02 -1.53227359e-01
 -6.80722110e-03 -1.77383423e-02  7.05718994e-03 -1.23407364e-01
 -1.08718872e-02 -3.22351456e-02  6.74829483e-02  4.71124649e-02
  7.34338760e-02  2.84194946e-02 -5.98535538e-02 -2.41756439e-03
 -2.19821930e-04  1.09891896e-03 -1.47253042e-02  4.08876175e-03
 -2.67412812e-02 -5.05495071e-03  6.59370446e-04 -2.19821930e-04
 -4.61540231e-03  2.04824028e-03  3.74226877e-03  4.17585392e-03
  2.19821930e-04  2.19821930e-04 -1.09891896e-03  2.19821930e-04
  2.19821930e-04  2.19821930e-04 -2.19821930e-04 -2.19821930e-04
 -6.37359638e-03  2.26846904e-01 -3.92366529e-01 -5.56174740e-02
 -2.99891144e-01 -5.98203301e-01 -8.65086794e-01 -5.11369407e-01
 -2.08644688e-01  2.81283379e-01 -5.91752827e-01 -1.84288993e-01
  1.33190560e+00  6.98590159e-01 -9.77157652e-02 -4.60906297e-01
  1.22398399e-01  3.57195102e-02  2.95883715e-01 -9.81515273e-03
 -3.49422097e-01 -1.26417428e-01 -4.96353000e-01 -1.66736558e-01
 -1.69176802e-01 -2.33328529e-02  1.57385498e-01  1.35562019e-02
 -9.87444282e-01]","[-0.03514818 -0.21161067  0.10390956  0.03731504 -0.28254348 -0.1269253
  0.4422172   0.00720428  0.02877234  0.1872973  -0.11115082  0.01847816
  0.15872306  0.01763921  0.07083295 -0.02183703  0.0644767   0.04381701
 -0.06223993  0.07823127 -0.07970691 -0.1004999 ]","[-0.2719022333621979, -0.14005203545093536, 0.03802330791950226, -0.5253818035125732, -0.039635058492422104, -0.15692251920700073, 0.3594667613506317, 0.01371929794549942, 0.039517588913440704, 0.5085473656654358, -0.19191713631153107, 0.16473351418972015, 0.050879981368780136, -0.00361905200406909, -0.038367245346307755, -0.002613854594528675, 0.019446559250354767, -0.9301644563674927, -0.0366656519472599, -0.0287482813000679, -0.011952047236263752, 0.8755465745925903]"
790,6.15625,"[ 8.31469595e-01  5.55570245e-01  2.00000003e-01  0.00000000e+00
  0.00000000e+00 -1.03055954e-01  1.56948846e-02 -7.73834251e-03
 -5.98154068e-02  1.08197778e-01 -3.04717664e-02  5.46083450e-02
 -1.79837029e-02 -3.23159769e-02  9.46044922e-03 -1.53288215e-01
  7.34098069e-03 -1.58309937e-02  7.05718994e-03 -1.23407364e-01
 -1.23977661e-02 -3.22351456e-02  6.86273575e-02  4.71124649e-02
  7.26709366e-02  2.84194946e-02 -7.39679337e-02  2.74724960e-02
  1.12088202e-02 -3.29666142e-03  5.05495071e-03  3.61220515e-03
 -4.16354276e-03 -2.61538513e-02  1.56044010e-02  1.97801599e-03
 -1.99999809e-02  5.22180228e-03  8.50242097e-03 -6.59370446e-04
 -1.09891896e-03 -1.09891896e-03 -2.19821930e-04  2.19821930e-04
 -1.09891896e-03 -2.19821930e-04 -4.17585392e-03  2.19821930e-04
 -1.64834987e-02 -4.54419464e-01 -1.00497079e+00  5.61773479e-01
  2.38347441e-01 -1.19125032e+00 -5.06657124e-01  1.84166777e+00
  1.27912998e-01  4.57353741e-02  9.75571811e-01 -5.93299150e-01
  1.40834749e-02 -2.67219484e-01  1.07104860e-01  4.35296953e-01
  2.79798415e-02 -9.85205323e-02  1.90848634e-01 -4.63544339e-01
  4.52299714e-01 -3.09003629e-02 -3.18168372e-01 -3.92376222e-02
 -2.47744873e-01 -1.58591405e-01  1.43513933e-01  1.62011851e-02
 -9.89515543e-01]","[-0.02158863 -0.15333356  0.10849971 -0.06262707 -0.19270474 -0.1873004
 -0.17709413 -0.05552068  0.02233303 -0.11628518 -0.05390986  0.3646124
 -0.23914357 -0.02064127 -0.10138338 -0.00866166 -0.02046408  0.06734194
  0.02263859 -0.15172936  0.11885263 -0.05907201]","[-0.28456467390060425, -0.20429372787475586, 0.0881175696849823, -0.511403501033783, -0.09111781418323517, -0.17545075714588165, 0.3884304165840149, 0.013371223583817482, 0.035367127507925034, 0.5347174406051636, -0.23132941126823425, 0.2157193124294281, -0.02162991091609001, 0.0003291134780738503, -0.018046598881483078, -0.004014517646282911, 0.00637838477268815, -0.9491365551948547, -0.02919675037264824, -0.025852853432297707, 0.013736993074417114, 0.9190927147865295]"
800,6.234375,"[ 9.95184720e-01  9.80171412e-02  2.00000003e-01  0.00000000e+00
  0.00000000e+00 -7.63521194e-02  2.40872186e-02  6.53991476e-04
 -5.02786636e-02  1.05739444e-01 -4.01192158e-02  6.71968460e-02
 -1.11172479e-02  2.75757220e-02  1.89971924e-02 -1.55845761e-01
  3.19433883e-02 -8.20159912e-03  7.05718994e-03 -1.23407364e-01
 -1.23977661e-02 -3.22351456e-02  6.78644180e-02  4.71124649e-02
  7.19079971e-02  2.84194946e-02 -8.99896622e-02  1.25274658e-02
  1.73625946e-02 -2.41756439e-03  2.85711302e-03  2.58575357e-03
 -5.17358491e-03  9.01098270e-03  2.52747536e-02  6.65933639e-02
  1.42857553e-02  1.30794765e-02  2.61250082e-02  5.49449911e-03
 -6.59370446e-04 -1.09891896e-03 -2.19821930e-04 -6.59370446e-04
 -1.09891896e-03 -2.19821930e-04 -2.19821930e-04 -6.59370446e-04
 -1.29670147e-02  2.03069448e-01 -6.45855665e-01  2.38007650e-01
 -3.43367696e-01 -7.05863476e-01 -8.41238618e-01 -7.48374104e-01
 -2.86737680e-01  1.53411984e-01 -5.48542857e-01 -2.85269022e-01
  1.59248352e+00 -4.98854555e-02 -1.00021891e-01 -4.14171576e-01
  1.31629139e-01 -1.85756892e-01  2.54625827e-01  8.33183527e-02
 -5.47125578e-01  2.32669041e-01 -2.10716784e-01  2.47271266e-02
  8.79705921e-02 -1.71689078e-01  1.40392780e-01  1.72158368e-02
 -9.89946365e-01]","[ 0.04134597 -0.303285    0.07743637  0.03106689 -0.30407727 -0.10457677
  0.42114037  0.0029543   0.02765093  0.16749248 -0.1303722   0.05647079
  0.40698743  0.00414809  0.06829716 -0.00280757  0.1005344  -0.0100315
  0.01079838  0.07896166 -0.16826785 -0.01495872]","[-0.24754546582698822, -0.25156158208847046, 0.08250420540571213, -0.5162960886955261, -0.09996762126684189, -0.156671404838562, 0.376177042722702, 0.013313943520188332, 0.0320066399872303, 0.5306934714317322, -0.24062609672546387, 0.24030795693397522, 0.07314186543226242, -0.0027505108155310154, -0.019071443006396294, 0.005265846382826567, 0.014608955010771751, -0.9715998768806458, -0.0032958893571048975, -0.028892770409584045, -0.020725080743432045, 0.9571109414100647]"
810,6.3125,"[ 9.2387950e-01 -3.8268343e-01  2.0000000e-01  0.0000000e+00
  0.0000000e+00 -7.8259468e-02  3.4386903e-02  3.0027160e-02
 -4.6845436e-02  1.0565281e-01 -4.5235589e-02  9.6189499e-02
 -8.1756525e-04  4.5504801e-02  4.3030739e-02 -1.5434131e-01
  5.6167446e-02 -7.8201294e-03  7.0571899e-03 -1.2378883e-01
 -1.3160706e-02 -3.2235146e-02  6.7864418e-02  4.7112465e-02
  7.1907997e-02  2.8419495e-02 -9.3805313e-02 -7.2527886e-03
  7.2527886e-03  1.9560432e-02  3.2966614e-03 -1.2518928e-04
 -7.9210149e-04  2.6593400e-02  1.0989190e-03 -4.1977979e-02
  9.4505316e-03  5.4314225e-03  3.3232640e-02 -2.1982193e-04
  2.1982193e-04 -2.1982193e-04 -1.0989190e-03 -6.5937045e-04
 -6.5937045e-04 -1.0989190e-03 -1.5384675e-03 -2.1982193e-04
  2.8571130e-03  2.6214005e-02 -1.1463257e+00  3.1124380e-01
  3.0009037e-01 -1.2878292e+00 -8.0210820e-02  1.9987428e+00
  1.2639579e-01  2.4984881e-02  9.8660040e-01 -6.5088934e-01
 -2.4829620e-01  7.4613208e-01  4.1345745e-02  3.5873082e-01
 -2.0613963e-02  9.2607737e-02  4.5260757e-02 -1.9245784e-01
  5.9223413e-01 -3.9076912e-01 -2.1700345e-02 -9.0003489e-03
  6.3222706e-02 -1.2288039e-01  1.4688712e-01  2.1117166e-02
 -9.8892784e-01]","[-0.06480996 -0.18437836  0.13782924 -0.02523313 -0.24631712 -0.08071641
 -0.04350304 -0.00166074 -0.02483361  0.00695336 -0.07165018  0.19928652
 -0.39775276 -0.0078794  -0.07046795 -0.01383881 -0.03589676  0.02445675
  0.00896184 -0.13039556  0.17752007 -0.00375431]","[-0.2579895853996277, -0.2672690749168396, 0.08823245018720627, -0.49662938714027405, -0.12055041640996933, -0.09774474799633026, 0.4383164346218109, 0.02887634187936783, 0.013588308356702328, 0.5875185132026672, -0.2549123167991638, 0.14628079533576965, 0.008553588762879372, 0.0018426323076710105, -0.007809498347342014, -0.003802700201049447, 0.009836514480412006, -0.9871857762336731, -0.010495025664567947, -0.011926132254302502, 0.002668079687282443, 0.9863451719284058]"
820,6.390625,"[ 6.34393275e-01 -7.73010433e-01  2.00000003e-01  0.00000000e+00
  0.00000000e+00 -6.98671341e-02  3.24795544e-02  2.62124632e-02
 -3.69272232e-02  1.03664964e-01 -4.84152660e-02  9.96227264e-02
 -4.25079279e-03  1.11715700e-02  4.41751480e-02 -1.51633352e-01
  8.70175064e-02 -7.43865967e-03  7.05718994e-03 -1.23407364e-01
 -1.39236450e-02 -3.22351456e-02  6.74829483e-02  4.71124649e-02
  7.19079971e-02  2.84194946e-02 -9.07526016e-02  9.89007950e-03
 -7.25278864e-03 -1.16483690e-02  6.81314478e-03 -5.71446202e-04
 -8.18953034e-04 -1.97801599e-03 -8.13188590e-03 -1.56044010e-02
  2.19821930e-04  2.21772678e-03  2.85897832e-02 -6.59370446e-04
 -2.19821930e-04  2.19821930e-04 -2.19821930e-04  2.19821930e-04
 -6.59370446e-04  1.09891896e-03 -6.59370446e-04 -2.19821930e-04
 -6.59370446e-04  2.95106638e-02 -6.47445261e-01  3.18750083e-01
 -3.80955011e-01 -8.40469778e-01 -6.09358728e-01 -5.19152224e-01
 -1.72636732e-01  1.31331012e-01 -2.32811779e-01 -2.63504684e-01
  6.55822515e-01 -9.06108499e-01 -1.26822919e-01 -4.08301651e-01
  2.68781353e-02 -2.00247273e-01  2.04817399e-01  1.76918790e-01
 -6.27935529e-01  6.64980531e-01 -5.22166491e-02  6.30102260e-03
  1.09270841e-01 -1.10716306e-01  1.47422239e-01  2.53014714e-02
 -9.88749981e-01]","[ 0.10706729 -0.21098217 -0.00738424 -0.01393577 -0.24857834 -0.00291485
  0.22318818 -0.0144643   0.01694574  0.07823373 -0.01137688  0.01366116
  0.5482137  -0.00698864  0.01240582  0.02572331  0.06106618 -0.02374991
  0.06515335  0.08304248 -0.23222247  0.02655506]","[-0.2321198284626007, -0.2245764136314392, 0.04831286892294884, -0.5145620703697205, -0.09634984284639359, -0.06611953675746918, 0.35597676038742065, 0.008221105672419071, 0.02704385109245777, 0.5483309626579285, -0.21171364188194275, 0.10955609381198883, 0.06331231445074081, -0.007911326363682747, -0.0318707637488842, 0.005213863682001829, 0.0037703251000493765, -0.9881651401519775, 0.007700180634856224, -0.02459135465323925, -0.014373263344168663, 1.0002397298812866]"
830,6.468749999999999,"[ 1.95090324e-01 -9.80785251e-01  2.00000003e-01  0.00000000e+00
  0.00000000e+00 -6.91041946e-02  2.94277947e-02  2.16348264e-02
 -2.85339355e-02  1.02547705e-01 -4.60867286e-02  1.35862350e-01
 -2.72491388e-03  1.08947977e-04  8.04147720e-02 -1.45216048e-01
  1.01535790e-01 -7.43865967e-03  7.05718994e-03 -1.23407364e-01
 -1.39236450e-02 -3.22351456e-02  6.59570694e-02  4.71124649e-02
  7.19079971e-02  2.84194946e-02 -8.92267227e-02 -1.97801599e-03
 -6.59370446e-04 -2.19821930e-04  1.07692722e-02 -2.58170930e-03
  5.17553091e-03  3.53846550e-02  4.17585392e-03  6.59370446e-04
  2.70329472e-02  1.06120510e-02  7.82699417e-03  6.59370446e-04
  2.19821930e-04 -6.59370446e-04 -6.59370446e-04 -2.19821930e-04
 -6.59370446e-04  2.19821930e-04  1.09891896e-03 -2.19821930e-04
  1.09891896e-03  2.78049439e-01 -5.50537348e-01 -1.17000669e-01
  4.37468231e-01 -7.53076613e-01  6.00436807e-01  1.31500578e+00
  1.04214050e-01 -1.21859044e-01  6.77107394e-01  6.64719492e-02
 -8.54489625e-01  1.39101982e+00 -2.39721853e-02  2.61164516e-01
 -1.72812462e-01  1.59759477e-01  4.02631760e-02  1.20638087e-01
  7.32930660e-01 -5.84162414e-01  1.16576776e-01  9.29243341e-02
 -1.03120632e-01 -1.24067046e-01  1.51073307e-01  2.53860112e-02
 -9.88196611e-01]","[-0.1042094  -0.07027975  0.06375912  0.01491379 -0.18432963  0.04034251
 -0.00373748 -0.00767774  0.00427474  0.03613013 -0.01471804 -0.02488437
 -0.49112126  0.00454614 -0.08302089  0.01620365 -0.0298834   0.03763085
 -0.10038335 -0.13581833  0.1516602  -0.01591915]","[-0.25348857045173645, -0.16800960898399353, 0.014817299321293831, -0.479392409324646, -0.05822513997554779, 0.014277146197855473, 0.38346171379089355, 0.01755414716899395, 0.020904846489429474, 0.5737559795379639, -0.17443372309207916, -0.02787337824702263, 0.024337371811270714, -0.00247853621840477, -0.018698768690228462, 0.0010201729601249099, 0.009378977119922638, -0.9815177321434021, -0.025329288095235825, -0.0011662818724289536, -0.021664675325155258, 0.9986252784729004]"
840,6.546875000000001,"[-2.9028466e-01 -9.5694035e-01  2.0000000e-01  0.0000000e+00
  0.0000000e+00 -5.0412178e-02  2.5231628e-02  1.6675720e-02
 -2.2048950e-02  1.0030407e-01 -4.1412905e-02  1.1297417e-01
 -1.0354308e-02  1.9182434e-02  6.7063332e-02 -1.4383745e-01
  8.3414890e-02 -1.0108948e-02  7.0571899e-03 -1.2378883e-01
 -1.3923645e-02 -3.2235146e-02  6.5575600e-02  4.7112465e-02
  7.2289467e-02  2.8419495e-02 -8.8082314e-02  2.8791238e-02
 -1.1648369e-02  3.7363053e-03  5.9340480e-03 -1.3506191e-03
  6.2481328e-03 -3.1428527e-02 -9.0109827e-03  2.4175644e-03
 -1.6043950e-02 -1.0778446e-02 -3.2131013e-02 -2.8571130e-03
 -6.5937045e-04  1.0989190e-03 -2.1982193e-04  2.1982193e-04
 -1.0989190e-03 -2.1982193e-04 -6.5937045e-04 -2.1982193e-04
  1.5384675e-03 -1.1542640e+00 -1.0788873e-01  1.9483919e-01
 -6.0623902e-01  4.4851986e-01 -5.8151650e-01 -3.5177508e-01
  5.8215052e-01 -2.1796033e-02 -9.9093974e-02  4.3048269e-01
 -6.3947451e-01 -1.1298915e+00 -1.6110761e-01 -8.8532172e-02
  2.0491771e-01  1.0323894e-01  9.4928913e-02 -9.5821559e-02
 -7.9206806e-01  5.5040455e-01 -7.1969144e-02  5.3306509e-02
 -1.6472650e-01  3.9423495e-03  1.3867059e-01  2.6019141e-02
 -9.8999655e-01]","[-0.0062088  -0.00389179 -0.04851755  0.0189628   0.04000506  0.22125018
  0.10551451  0.12046272 -0.1709402   0.07927464  0.20640826 -0.17700107
  0.52378774 -0.047336    0.03894308 -0.08231515 -0.027016   -0.00542232
  0.14798045  0.1375882  -0.13537256  0.04685985]","[-0.3582524061203003, -0.051092587411403656, -0.020056311041116714, -0.4802383482456207, 0.13601356744766235, 0.07411481440067291, 0.2798282504081726, 0.08957882970571518, -0.03914475440979004, 0.5470998883247375, -0.05386745184659958, -0.11113424599170685, 0.01637698896229267, -0.02137651853263378, -0.010049883276224136, -0.012877370230853558, -0.004528394900262356, -0.9787718653678894, -0.014524223282933235, -0.02133297361433506, 0.00518112163990736, 1.0005205869674683]"
850,6.625,"[-7.07106769e-01 -7.07106769e-01  2.00000003e-01  0.00000000e+00
  0.00000000e+00 -3.43904495e-02  1.68392938e-02  2.17987038e-03
 -1.25122070e-02  1.06872559e-01 -2.84821931e-02  1.11066818e-01
 -1.37875360e-02  1.23159792e-02  7.73630142e-02 -1.40154272e-01
  3.27558592e-02 -8.58306885e-03  7.05718994e-03 -1.23407364e-01
 -1.39236450e-02 -3.22351456e-02  6.59570694e-02  4.67309952e-02
  7.19079971e-02  2.84194946e-02 -8.12158585e-02  6.37359638e-03
 -4.17585392e-03 -9.45053156e-03  6.37359638e-03  1.02683716e-03
  2.00314354e-03  8.57143383e-03 -2.19821930e-04 -1.03296284e-02
  9.01098270e-03  1.69589277e-03 -4.91374545e-02  9.01098270e-03
  2.19821930e-04 -2.19821930e-04 -6.59370446e-04 -2.19821930e-04
 -6.59370446e-04 -2.19821930e-04  1.09891896e-03 -2.19821930e-04
  1.16483690e-02  4.82989907e-01  2.92481869e-01 -5.72563052e-01
  9.95564818e-01 -2.82471895e-01  1.49702382e+00  1.63547903e-01
  3.73896211e-01 -5.93772352e-01  3.88521492e-01  9.76387501e-01
 -7.42617905e-01  2.85907894e-01  2.24520098e-02  5.11048250e-02
 -4.45004702e-01  9.93328169e-03  5.48460335e-03 -8.04331899e-02
  8.35765004e-01 -4.33194816e-01  1.76137716e-01  2.64727414e-01
  1.16389655e-01 -9.64059830e-02  1.38923392e-01  1.79792643e-02
 -9.90139842e-01]","[-0.3930581  -0.02823004  0.05193667 -0.16769291  0.16352277 -0.09113422
 -0.05526793  0.2605959  -0.04300893 -0.00521851  0.20316508 -0.14003538
 -0.32783413  0.0059767   0.00685039  0.06582126 -0.01355834  0.00405417
 -0.10766297 -0.2048952   0.11428894 -0.02603531]","[-0.41008618474006653, -0.012330738827586174, -0.04331732541322708, -0.47231200337409973, 0.21365801990032196, 0.11297697573900223, 0.2502090036869049, 0.1784045249223709, -0.0869520977139473, 0.5530820488929749, 0.05469527840614319, -0.1465163230895996, -0.013113394379615784, -0.009131187573075294, 0.01075227465480566, -0.01870144158601761, -0.005817533936351538, -0.9932059049606323, -0.032867271453142166, -0.0038470267318189144, -0.0028185502160340548, 1.0083568096160889]"
860,6.703125,"[-9.5694035e-01 -2.9028466e-01  2.0000000e-01  0.0000000e+00
  0.0000000e+00 -5.8423042e-02  1.9128112e-02 -6.2124636e-03
 -1.7471313e-02  1.1436486e-01 -1.2615683e-02  8.9322090e-02
 -1.7220763e-02 -3.3078916e-02  5.1804543e-02 -1.5161633e-01
 -1.5445704e-02 -6.2942505e-03  6.6757202e-03 -1.2417030e-01
 -1.2779236e-02 -3.2235146e-02  6.5575600e-02  4.6730995e-02
  7.2289467e-02  2.8419495e-02 -6.6338539e-02 -2.0439530e-02
 -5.4944991e-03 -1.4725304e-02 -1.0769272e-02  3.6797026e-04
  4.3004821e-03 -1.0989190e-03 -9.0109827e-03 -3.6703300e-02
 -2.9670333e-02 -3.3974882e-02 -1.2341670e-02  3.2966614e-03
  6.5937045e-04 -3.2966614e-03  7.6923370e-03 -2.1982193e-04
 -1.0989190e-03 -2.1982193e-04 -1.5384675e-03 -2.1982193e-04
  1.6923046e-02 -2.0746369e+00 -1.7009133e-01  1.4612545e-01
 -6.2002939e-01  1.1737547e+00 -6.3370848e-01 -4.5493615e-01
  8.9548314e-01 -2.7616996e-01  2.0959860e-01  8.2900459e-01
 -8.4335089e-01  8.9936212e-02 -2.7610600e-01  1.5983501e-01
  8.8970587e-02  1.5956946e-03 -1.1346452e-02  3.2746527e-02
 -5.4352748e-01  3.1776720e-01 -8.8879719e-02  6.4473212e-02
  3.5985860e-01 -3.4556579e-02  1.5251648e-01  1.1763784e-02
 -9.8823094e-01]","[ 1.30839899e-01  4.70169298e-02 -9.12602171e-02  1.29254445e-01
 -7.46193007e-02  3.26947331e-01  5.41934073e-02  1.56741947e-01
 -1.54385865e-01  1.02534845e-01  2.93498456e-01 -1.84621736e-01
  1.38148561e-01 -2.90520210e-03  2.41708942e-04 -1.30153909e-01
 -1.40427928e-02  4.88644466e-03  4.90710735e-02  2.00558200e-01
 -1.17783055e-01  3.65218818e-02]","[-0.42926856875419617, -0.025370195508003235, -0.02996118552982807, -0.5114513635635376, 0.23072513937950134, 0.09976984560489655, 0.23515473306179047, 0.21904459595680237, -0.09064461290836334, 0.5578261613845825, 0.09277491271495819, -0.15569114685058594, -0.009758155792951584, -0.012657688930630684, 0.008863630704581738, -0.028408177196979523, -0.003904252778738737, -0.9972572922706604, -0.020848924294114113, -0.00645122304558754, -0.0008311031269840896, 1.0033094882965088]"
870,6.78125,"[-9.80785251e-01  1.95090324e-01  2.00000003e-01  0.00000000e+00
  0.00000000e+00 -8.62703323e-02  1.91281121e-02 -1.76565554e-02
 -2.20489502e-02  1.17626369e-01  2.48993980e-03  9.69524384e-02
 -2.52316277e-02 -4.41424921e-02  3.99789810e-02 -1.53199852e-01
 -1.75396707e-02 -7.82012939e-03  7.05718994e-03 -1.22644424e-01
 -1.20162964e-02 -3.22351456e-02  6.59570694e-02  4.63495255e-02
  7.26709366e-02  2.84194946e-02 -5.48944473e-02 -2.04395298e-02
 -1.20879179e-02 -6.37359638e-03  1.09891896e-03 -7.31959799e-03
  2.75383294e-02  5.05495071e-03 -1.12088202e-02  3.29666142e-03
 -9.89007950e-03  9.76160914e-03 -1.15745813e-02 -7.25278864e-03
  2.19821930e-04 -2.85711302e-03 -1.09891896e-03  1.53846748e-03
  2.19821930e-04 -6.37359638e-03  2.19821930e-04 -2.19821930e-04
  1.60439499e-02  4.10954207e-02  3.35968465e-01 -3.11606169e-01
  8.21279466e-01 -3.76997530e-01  1.21741199e+00  7.03343078e-02
  3.97396594e-01 -2.44477943e-01  1.79053217e-01  1.15150595e+00
 -3.97786915e-01 -1.18945014e+00  2.86526799e-01 -1.41369760e-01
 -7.54209757e-02 -2.40494646e-02  1.48207277e-01 -8.90165925e-01
  1.24579713e-01 -9.01658535e-02 -1.09300643e-01 -8.23216438e-02
  1.45869806e-01  1.85182407e-01  1.63739353e-01  1.07545359e-02
 -9.86445069e-01]","[-0.50910187 -0.03751656  0.02222873 -0.16073056  0.27896783 -0.17923343
 -0.11219776  0.22498049 -0.06132246  0.02689313  0.18804534 -0.16901982
 -0.03276643 -0.06301283  0.02375558  0.02577394 -0.00712421  0.01623934
 -0.02012245 -0.15523425  0.08714934 -0.05365198]","[-0.43134161829948425, -0.02445237524807453, -0.033730342984199524, -0.5150539875030518, 0.22786733508110046, 0.09006711095571518, 0.23797735571861267, 0.21967342495918274, -0.08558632433414459, 0.5520822405815125, 0.09522223472595215, -0.14097432792186737, -0.026152756065130234, -0.00999799370765686, -0.0027181869372725487, -0.029382066801190376, -0.0007519529899582267, -0.9876250624656677, -0.038181472569704056, -0.008318363688886166, -0.002442216034978628, 0.9825867414474487]"
880,6.859374999999999,"[-7.73010433e-01  6.34393275e-01  2.00000003e-01  0.00000000e+00
  0.00000000e+00 -1.13355637e-01  6.15814142e-03 -1.07901003e-02
 -3.65457535e-02  1.14268720e-01  2.12530941e-02  9.27553177e-02
 -2.94277947e-02 -4.22351435e-02  3.34939957e-02 -1.50082916e-01
 -2.19911449e-02 -1.96456909e-02  7.05718994e-03 -1.23407364e-01
 -1.20162964e-02 -3.22351456e-02  6.55755997e-02  4.59680557e-02
  7.26709366e-02  2.84194946e-02 -4.95538712e-02 -2.57143024e-02
 -1.97801599e-03  6.59370446e-04 -1.25274658e-02 -2.47728988e-03
  1.42649477e-02 -7.25278864e-03 -1.53846748e-03  2.19821930e-04
 -6.59370446e-04 -7.47364480e-04 -1.48920936e-03 -1.47253042e-02
 -2.19821930e-04  6.59370446e-04 -2.19821930e-04 -2.19821930e-04
 -2.19821930e-04 -6.59370446e-04 -2.19821930e-04 -6.59370446e-04
 -6.59370446e-04 -8.49348903e-01 -7.69110620e-02 -3.52774449e-02
 -4.21485722e-01  6.57605648e-01  2.48333663e-02  5.82247153e-02
  6.86602116e-01 -5.44000268e-01  2.20740274e-01  6.85437977e-01
 -3.18484873e-01  1.47224712e+00 -3.13319921e-01 -1.34927183e-01
 -2.99620301e-01  7.93524683e-02  1.29646435e-01  4.87041265e-01
  1.68945774e-01 -1.98216125e-01 -2.20229506e-01 -1.01686090e-01
 -2.01387070e-02  3.20779055e-01  1.66332334e-01  1.17102927e-02
 -9.86000180e-01]","[-0.01242889  0.08935862 -0.08265459  0.18383563 -0.08063351  0.2306459
  0.06289938  0.07551614 -0.06617542  0.07254799  0.23958611 -0.07190192
 -0.26552057  0.06444997 -0.01269376 -0.01609231 -0.01000721  0.06069447
 -0.22677082  0.04254136 -0.03278426 -0.08387619]","[-0.4331190586090088, -0.011230000294744968, -0.03731273114681244, -0.5286257266998291, 0.22917035222053528, 0.042178623378276825, 0.2573997974395752, 0.19933673739433289, -0.08326323330402374, 0.5447630882263184, 0.0626065582036972, -0.09510256350040436, -0.016206594184041023, -0.01347241923213005, -0.01443255040794611, -0.025395164266228676, 0.0011959148105233908, -0.9637835025787354, -0.046699680387973785, -0.013793693855404854, -0.002842060523107648, 0.9411205649375916]"
890,6.937500000000001,"[-3.82683426e-01  9.23879504e-01  2.00000003e-01  0.00000000e+00
  0.00000000e+00 -1.25944138e-01  6.15814142e-03 -1.04086306e-02
 -4.72269058e-02  1.12716764e-01  2.46562287e-02  8.47444534e-02
 -2.90463250e-02 -4.22351435e-02  3.27310562e-02 -1.50550961e-01
 -2.21449845e-02 -2.65121460e-02  7.05718994e-03 -1.23407364e-01
 -1.20162964e-02 -3.22351456e-02  6.59570694e-02  4.55865860e-02
  7.26709366e-02  2.84194946e-02 -4.99353409e-02 -3.29666142e-03
 -1.09891896e-03  2.19821930e-04 -6.37359638e-03 -7.03579303e-07
  1.95511777e-04 -1.38461115e-02  2.41756439e-03 -6.59370446e-04
 -3.29666142e-03 -4.33521869e-04  1.96512556e-04 -2.41756439e-03
 -2.19821930e-04  2.19821930e-04 -1.09891896e-03  2.19821930e-04
  2.19821930e-04 -6.59370446e-04  1.09891896e-03  2.19821930e-04
 -2.19821930e-04 -7.83513427e-01  8.05112571e-02  3.52131389e-02
 -2.45840356e-01 -3.89290489e-02 -7.17122555e-02 -5.46785519e-02
  4.59717005e-01 -9.40929204e-02 -4.09302078e-02  6.89749718e-01
  6.17759451e-02 -1.42954087e+00  1.15485087e-01 -2.35177994e-01
  2.44355023e-01  5.94789907e-03  3.18655789e-01 -5.94357610e-01
 -6.35298669e-01  4.67883229e-01 -5.70714712e-01 -1.64947823e-01
 -3.19969989e-02  3.57399940e-01  1.64188713e-01  1.19148623e-02
 -9.86357093e-01]","[-0.16033956 -0.00270955 -0.03161657 -0.07308726  0.11013874 -0.05763379
 -0.0616159   0.07776155 -0.06591494 -0.00984027  0.13495442  0.05407649
  0.2895445  -0.05757433 -0.07404687 -0.05193539  0.00576642  0.07250789
  0.05946722 -0.0186923  -0.0369214  -0.11543923]","[-0.39147815108299255, -0.005075486842542887, -0.041769400238990784, -0.5164458751678467, 0.19276094436645508, 0.010750051587820053, 0.24786880612373352, 0.13782696425914764, -0.054214976727962494, 0.5201345086097717, 0.024146217852830887, -0.011291754432022572, -0.035070281475782394, -0.008463038131594658, -0.04060859978199005, -0.015301416628062725, 0.0022878404706716537, -0.9318934679031372, -0.06247592344880104, -0.029320424422621727, 0.0007998801884241402, 0.8929720520973206]"
900,7.015625,"[ 9.80171412e-02  9.95184720e-01  2.00000003e-01  0.00000000e+00
  0.00000000e+00 -1.35099411e-01  1.37875360e-02 -1.04086306e-02
 -5.79080582e-02  1.13892257e-01  1.61721520e-02  8.01668167e-02
 -2.63760369e-02 -4.79571894e-02  3.15866470e-02 -1.53860062e-01
 -1.63924713e-02 -2.65121460e-02  7.05718994e-03 -1.23407364e-01
 -1.20162964e-02 -3.22351456e-02  6.59570694e-02  4.59680557e-02
  7.26709366e-02  2.84194946e-02 -5.45129776e-02 -1.03296284e-02
  4.17585392e-03  1.97801599e-03 -8.13188590e-03  3.34573514e-03
 -1.73836686e-02 -2.19821930e-04  4.61540231e-03 -5.49449911e-03
 -2.19821930e-04 -3.69197852e-03  6.22876640e-03 -1.53846748e-03
 -2.19821930e-04 -6.59370446e-04 -2.19821930e-04 -2.19821930e-04
  2.19821930e-04 -2.19821930e-04  2.19821930e-04 -2.19821930e-04
 -8.13188590e-03  2.90263623e-01 -3.17556918e-01 -1.50568977e-01
 -1.44905046e-01 -5.15191436e-01 -1.09554857e-01  7.08856523e-01
  2.20282227e-01 -1.04439110e-01  2.03044027e-01  2.51450896e-01
  2.41542280e-01  1.30404878e+00 -6.57153502e-02 -8.93299580e-02
 -1.05218373e-01  2.00010657e-01  2.51831710e-01  3.70742567e-02
  3.96176159e-01 -5.60837626e-01 -4.91206706e-01 -8.54502842e-02
 -6.94839135e-02  2.70279020e-01  1.64232805e-01  1.22048073e-02
 -9.86346126e-01]","[-0.11888384 -0.07703566  0.10328312 -0.0039843  -0.24664968 -0.1017565
  0.15994793 -0.0146698   0.00800699  0.04938558 -0.0224101   0.11298517
 -0.31602585  0.03568345 -0.03823661  0.00424013 -0.02012437  0.07994545
 -0.11974195 -0.08857736  0.09162363 -0.1431135 ]","[-0.3279256820678711, -0.06519277393817902, -0.0071083176881074905, -0.5254734754562378, 0.06938691437244415, -0.06853125244379044, 0.30920663475990295, 0.06107787415385246, -0.007262348663061857, 0.5208240747451782, -0.08474710583686829, 0.08412110805511475, 0.0004126355051994324, -0.00523694884032011, -0.046057429164648056, -0.010499406605958939, 0.009363897144794464, -0.9209927320480347, -0.05046865716576576, -0.02372325025498867, -0.006988076027482748, 0.8642417788505554]"
910,7.09375,"[ 5.55570245e-01  8.31469595e-01  2.00000003e-01  0.00000000e+00
  0.00000000e+00 -1.27088547e-01  1.83651727e-02 -1.30789187e-02
 -5.52377701e-02  1.11771077e-01 -1.18335709e-02  6.49080276e-02
 -2.17984002e-02 -4.18536738e-02  1.67083740e-02 -1.57433957e-01
 -6.30997866e-03 -2.07901001e-02  7.05718994e-03 -1.23407364e-01
 -1.20162964e-02 -3.22351456e-02  6.74829483e-02  4.59680557e-02
  7.26709366e-02  2.84194946e-02 -6.13794327e-02  9.45053156e-03
  5.49449911e-03 -2.41756439e-03  1.53846748e-03 -7.42226047e-03
 -2.59921830e-02 -1.20879179e-02  4.61540231e-03  4.17585392e-03
 -1.03296284e-02  4.51371539e-03  8.00808240e-03  7.69233704e-03
 -2.19821930e-04 -6.59370446e-04 -2.19821930e-04 -2.19821930e-04
  1.97801599e-03 -6.59370446e-04 -6.59370446e-04 -6.59370446e-04
 -5.49449911e-03 -2.46540934e-01 -5.68762660e-01  5.34330070e-01
 -1.86392561e-01 -1.05071998e+00 -6.69122577e-01 -5.48372939e-02
 -6.00192994e-02 -7.91269541e-03 -1.58822000e-01 -2.21990973e-01
  1.04598546e+00 -1.25267255e+00  6.50561601e-03 -2.78679639e-01
 -4.77738306e-02 -2.37936974e-01  3.13104600e-01 -1.23155341e-01
 -2.67603695e-01  5.86728811e-01 -3.84212375e-01 -9.42006484e-02
 -1.07506901e-01  7.88472965e-02  1.59089342e-01  1.32473540e-02
 -9.87175465e-01]","[ 0.09107811 -0.1635545   0.00547459 -0.07040626 -0.22940433 -0.20103171
  0.02321134 -0.0476076   0.07319856 -0.08355615 -0.04945767  0.33967298
  0.35750797 -0.01916159 -0.10092255  0.02386486  0.07117488  0.03285114
  0.01333454 -0.08917561 -0.11290792 -0.09656693]","[-0.26106780767440796, -0.16142500936985016, 0.051971934735774994, -0.5375771522521973, -0.08163779973983765, -0.17639485001564026, 0.33629512786865234, 0.004762875847518444, 0.04563569650053978, 0.48783567547798157, -0.2021745890378952, 0.22436144948005676, 0.003429162548854947, 0.0014532956993207335, -0.05667746812105179, 0.003936678636819124, 0.012050923891365528, -0.9352679252624512, -0.03848801553249359, -0.0533871091902256, 0.0065279025584459305, 0.884007453918457]"
920,7.171875,"[ 8.81921291e-01  4.71396744e-01  2.00000003e-01  0.00000000e+00
  0.00000000e+00 -1.07633591e-01  1.87466424e-02 -6.97540306e-03
 -5.40933609e-02  1.02354646e-01 -3.37882116e-02  6.49080276e-02
 -1.45504754e-02 -2.16348264e-02  1.67083740e-02 -1.56275630e-01
  8.27290304e-03 -8.96453857e-03  7.05718994e-03 -1.23407364e-01
 -1.23977661e-02 -3.22351456e-02  6.78644180e-02  4.59680557e-02
  7.26709366e-02  2.84194946e-02 -7.58752823e-02  1.03296284e-02
  7.25278864e-03  2.41756439e-03  3.29666142e-03  3.85106797e-03
 -3.77570628e-03 -4.61540231e-03  1.51648521e-02  1.73625946e-02
  1.97801599e-03  5.97968278e-03  1.09179579e-02  6.37359638e-03
  6.59370446e-04 -6.59370446e-04  2.19821930e-04 -2.19821930e-04
  2.19821930e-04 -1.09891896e-03  2.19821930e-04 -6.59370446e-04
 -1.69230457e-02  3.91663074e-01 -9.41194415e-01  1.73779145e-01
 -1.50381088e-01 -1.14884377e+00 -6.94020569e-01  9.08932626e-01
 -8.48658010e-02  2.33859733e-01  6.68117777e-02 -3.04675341e-01
  1.01430726e+00  1.84635830e+00 -6.37769103e-02 -8.84772241e-02
  8.62422660e-02  2.90066630e-01  2.61786133e-02  1.52569532e-01
  1.01179838e-01 -6.34947538e-01 -2.12568223e-01 -2.56824661e-02
 -1.94073126e-01  1.07865715e-02  1.52308673e-01  1.39476173e-02
 -9.88234639e-01]","[-0.14612864 -0.24158448  0.18076608  0.05168306 -0.31476763 -0.11142379
  0.3500416   0.0328905  -0.01887504  0.19024688 -0.12100682  0.09337767
 -0.24775088  0.03792092  0.04934453 -0.01678812 -0.02825327  0.03052034
 -0.10843707  0.02262546  0.05412821 -0.0597611 ]","[-0.2598765790462494, -0.23358872532844543, 0.08493566513061523, -0.5180076956748962, -0.12594200670719147, -0.17576445639133453, 0.4241010546684265, 0.016589809209108353, 0.0400608666241169, 0.5425487160682678, -0.23907171189785004, 0.22956910729408264, 0.05530006065964699, 0.0034393903333693743, -0.018586933612823486, 0.004679294303059578, 0.013522121123969555, -0.962152898311615, -0.029926985502243042, -0.017104674130678177, -0.021492091938853264, 0.9265859723091125]"
930,7.249999999999999,"[ 1.00000000e+00  7.10480818e-15  2.00000003e-01  0.00000000e+00
  0.00000000e+00 -8.47444534e-02  2.67575067e-02 -1.08947977e-04
 -4.83713150e-02  9.82537717e-02 -4.23714668e-02  6.18562698e-02
 -8.82842951e-03  3.74939367e-02  1.06048584e-02 -1.62865251e-01
  3.51790041e-02 -8.58306885e-03  7.05718994e-03 -1.23407364e-01
 -1.23977661e-02 -3.22351456e-02  6.78644180e-02  4.63495255e-02
  7.22894669e-02  2.84194946e-02 -9.15155411e-02  1.69230457e-02
  3.73630528e-03  7.69233704e-03  2.41756439e-03  6.23110333e-04
 -2.93443794e-03 -6.81314478e-03  1.60439499e-02  6.57142624e-02
  1.53846748e-03  4.54765093e-03  2.89031994e-02 -2.19821930e-04
 -6.59370446e-04 -1.09891896e-03 -6.59370446e-04 -6.59370446e-04
 -2.19821930e-04  1.09891896e-03 -1.53846748e-03 -6.59370446e-04
 -1.47253042e-02 -5.80514550e-01 -8.58350813e-01  7.02421486e-01
  1.36130735e-01 -1.02610123e+00 -3.26615989e-01  6.88890457e-01
  1.99158967e-01 -2.09490046e-01  5.50933182e-01 -3.50001574e-01
  5.50631464e-01 -1.60663378e+00  6.42782450e-02 -5.98338619e-02
 -8.22754726e-02 -2.67858922e-01  1.06254265e-01 -2.30980515e-01
 -7.90419281e-02  5.44625044e-01 -1.13909341e-01 -1.12059731e-02
  1.97138079e-02 -1.07810713e-01  1.45440981e-01  1.67675950e-02
 -9.89224911e-01]","[ 0.08195052 -0.14449155  0.03339709 -0.08729561 -0.170028   -0.18378232
 -0.12269498 -0.08982835  0.05447241 -0.13239689 -0.05786674  0.38697886
  0.22308853 -0.01711672 -0.11485974  0.01695933  0.03475338  0.0303854
  0.02249575 -0.13356374 -0.03483714 -0.04078056]","[-0.2791799306869507, -0.2407277375459671, 0.09206408262252808, -0.5092101693153381, -0.08693006634712219, -0.14690540730953217, 0.37466469407081604, 0.02163105085492134, 0.01840498298406601, 0.5421903729438782, -0.23911292850971222, 0.23195403814315796, -0.007258790545165539, 0.0033562148455530405, -0.02199728600680828, 0.0017688762163743377, 0.0006284769624471664, -0.9705296158790588, -0.022326650097966194, -0.037445638328790665, 0.00903552956879139, 0.9584447741508484]"
940,7.328125000000001,"[ 8.81921291e-01 -4.71396744e-01  2.00000003e-01  0.00000000e+00
  0.00000000e+00 -7.97853470e-02  2.86648553e-02  1.89645384e-02
 -4.15048599e-02  9.86961126e-02 -4.49221656e-02  1.05726242e-01
 -3.86932306e-03  4.09271643e-02  4.91342545e-02 -1.57029033e-01
  7.00174570e-02  2.86102295e-03  7.05718994e-03 -1.23407364e-01
 -1.31607056e-02 -3.22351456e-02  6.71014786e-02  4.71124649e-02
  7.19079971e-02  2.80380249e-02 -9.30414200e-02  2.19821930e-04
 -6.59370446e-04  1.47253042e-02  8.13188590e-03 -2.26874472e-04
 -2.09389138e-04  5.51648140e-02 -9.45053156e-03 -2.70329472e-02
  2.43955608e-02  1.52557585e-02  4.81480360e-02  1.16483690e-02
 -2.19821930e-04 -6.59370446e-04 -7.69233704e-03  2.19821930e-04
  2.19821930e-04 -2.85711302e-03 -1.09891896e-03 -1.09891896e-03
  1.53846748e-03  3.57615680e-01 -7.17009366e-01 -2.78025120e-03
 -2.30491146e-01 -7.01549768e-01 -4.72405732e-01  1.27256811e-01
 -2.02321976e-01  1.80065930e-01 -1.48300469e-01 -1.30085334e-01
  9.64873254e-01  1.82378507e+00 -6.64008036e-02 -2.71652341e-01
  1.02053635e-01  1.09138578e-01 -2.42408812e-02  2.03580678e-01
 -1.50627255e-01 -5.34319282e-01 -4.73112613e-02 -5.95192146e-03
  1.78870596e-02 -1.78856790e-01  1.49740428e-01  2.00489014e-02
 -9.88521934e-01]","[-8.8729523e-02 -2.0622009e-01  8.2294352e-02  1.2619112e-01
 -3.0133465e-01  3.7470445e-02  4.1791356e-01  2.2064177e-02
 -1.5658513e-04  2.5001070e-01 -1.4427380e-01 -6.0285732e-02
 -9.8288223e-02  2.7995128e-02  8.1263296e-02 -1.5140003e-02
  1.3637907e-02  1.9832637e-02 -1.3851590e-01  1.0848275e-01
 -3.7494287e-02 -1.7795466e-02]","[-0.24967727065086365, -0.22310103476047516, 0.05789989233016968, -0.4942750036716461, -0.09179176390171051, -0.08958537131547928, 0.4041998088359833, 0.013073459267616272, 0.025190191343426704, 0.5670099258422852, -0.2435329258441925, 0.15236027538776398, 0.06701617687940598, -0.00011311294656479731, -0.015072775073349476, 0.0015567444497719407, 0.012414122000336647, -0.9834679961204529, -0.021284405142068863, -0.008440082892775536, -0.024740060791373253, 0.9817890524864197]"
950,7.40625,"[ 5.55570245e-01 -8.31469595e-01  2.00000003e-01  0.00000000e+00
  0.00000000e+00 -7.71150589e-02  2.67575067e-02  2.77383421e-02
 -3.65457535e-02  9.87018943e-02 -4.45789173e-02  1.14118576e-01
 -1.14987176e-02  5.44952415e-03  5.25674820e-02 -1.51446044e-01
  9.67461765e-02  1.90734863e-04  7.05718994e-03 -1.23788834e-01
 -1.50680542e-02 -3.22351456e-02  6.67200089e-02  4.71124649e-02
  7.22894669e-02  2.84194946e-02 -9.07526016e-02  2.85711302e-03
 -4.17585392e-03 -6.59370446e-04  2.41756439e-03 -1.05117913e-04
  3.89759982e-04 -1.07692722e-02  1.09891896e-03 -3.23077217e-02
 -1.53846748e-03 -3.02809547e-03  1.23163015e-02 -9.01098270e-03
  2.19821930e-04  1.09891896e-03  2.19821930e-04 -2.19821930e-04
 -1.53846748e-03 -2.19821930e-04 -2.19821930e-04 -6.59370446e-04
  1.53846748e-03 -3.03055137e-01 -7.21778214e-01  3.58352691e-01
  4.29711252e-01 -1.29879868e+00  2.16958806e-01  1.19033813e+00
  3.58233079e-02  1.79363042e-02  7.48914838e-01 -4.07031894e-01
 -1.58802003e-01 -1.24140990e+00  1.10699914e-01 -2.29953565e-02
 -1.09218977e-01 -1.21589102e-01  1.08637542e-01 -6.07990980e-01
  1.00470543e-01  2.96873629e-01 -6.21535480e-02  1.75650809e-02
 -5.91230132e-02 -8.38931128e-02  1.46401241e-01  2.56871134e-02
 -9.88891840e-01]","[-0.01270513 -0.10307077  0.01810088 -0.10411099 -0.10527831 -0.1621712
 -0.16682723 -0.08274133  0.06686106 -0.08980106 -0.03212931  0.13599995
  0.01843337 -0.03532948 -0.08251318  0.03197509  0.00958015  0.04324897
  0.03386256 -0.15714383  0.04264229 -0.02653081]","[-0.26709023118019104, -0.19818376004695892, 0.040190815925598145, -0.490871399641037, -0.07538464665412903, -0.052450358867645264, 0.3783975839614868, 0.00962827354669571, 0.03166377916932106, 0.5707004070281982, -0.22017088532447815, 0.05520328879356384, -0.01087830401957035, -0.004301325883716345, -0.01714589074254036, 0.004292357247322798, 0.0017788056284189224, -0.9756433963775635, -0.029040366411209106, -0.020920120179653168, 0.0013145916163921356, 0.9907413721084595]"
960,7.484375,"[ 9.80171412e-02 -9.95184720e-01  2.00000003e-01  0.00000000e+00
  0.00000000e+00 -6.33821487e-02  2.40872186e-02  1.85830686e-02
 -2.51007080e-02  9.73048806e-02 -4.10447344e-02  1.19077682e-01
 -1.53134149e-02  7.35687278e-03  6.70633316e-02 -1.49517000e-01
  9.85907540e-02 -9.53674316e-04  7.05718994e-03 -1.23407364e-01
 -1.50680542e-02 -3.22351456e-02  6.63385391e-02  4.71124649e-02
  7.19079971e-02  2.80380249e-02 -8.84637833e-02  1.51648521e-02
  6.59370446e-04 -4.17585392e-03  9.45053156e-03 -2.71060970e-03
  5.40985633e-03  1.16483690e-02  2.19821930e-04  2.04395298e-02
  1.51648521e-02  2.10363022e-03 -3.48601094e-03  1.53846748e-03
 -2.19821930e-04 -2.19821930e-04 -2.19821930e-04 -2.19821930e-04
 -2.19821930e-04  2.19821930e-04 -2.19821930e-04 -2.19821930e-04
  3.73630528e-03 -3.77171814e-01 -1.82613745e-01 -1.12085044e-03
 -2.97189623e-01  2.03823805e-01 -2.32180595e-01 -2.19549596e-01
  5.28998300e-02 -2.21921206e-02 -9.22155902e-02  3.13794792e-01
  1.07568182e-01  1.45628917e+00 -1.54759169e-01 -1.68543637e-01
  5.07546812e-02  9.34127867e-02  8.20444748e-02  2.38691330e-01
 -2.74157763e-01 -1.44451261e-01 -6.92456365e-02  1.28027171e-01
 -5.93062341e-02 -8.82260054e-02  1.42874315e-01  2.16392651e-02
 -9.89504337e-01]","[-0.01014082 -0.01548924 -0.09035282  0.23035493 -0.16096643  0.27559745
  0.20689712  0.01337039 -0.03169884  0.17907707  0.05062706 -0.21386209
 -0.06317086  0.02618315  0.0474686  -0.05085054 -0.00571273  0.03219306
 -0.1396098   0.15129589 -0.08748491  0.00166789]","[-0.28021255135536194, -0.11051870137453079, -0.014291259460151196, -0.4679836928844452, 0.022447828203439713, 0.027119193226099014, 0.3193999230861664, 0.025819893926382065, 0.011629002168774605, 0.5569562315940857, -0.13901033997535706, -0.03725641220808029, 0.03937540203332901, -0.008547897450625896, -0.018210381269454956, -0.006983647122979164, 0.006989496760070324, -0.9722519516944885, -0.02289636805653572, -0.004078999161720276, -0.01632920280098915, 0.9939777255058289]"
970,7.5625,"[-3.82683426e-01 -9.23879504e-01  2.00000003e-01  0.00000000e+00
  0.00000000e+00 -5.57527542e-02  2.40872186e-02  1.32424925e-02
 -2.01416016e-02  9.63246971e-02 -3.50752398e-02  1.19077682e-01
 -1.45504754e-02  2.41424944e-02  7.35483170e-02 -1.49991632e-01
  6.55836388e-02 -1.71661377e-03  7.05718994e-03 -1.23407364e-01
 -1.46865845e-02 -3.22351456e-02  6.63385391e-02  4.71124649e-02
  7.22894669e-02  2.84194946e-02 -8.42676163e-02  2.85711302e-03
 -1.53846748e-03  2.19821930e-04  2.41756439e-03  5.60116081e-04
  8.14658403e-03 -2.19821930e-04 -1.09891896e-03  5.05495071e-03
  2.41756439e-03 -2.54636025e-03 -4.53733988e-02 -2.19821930e-04
 -2.19821930e-04  2.19821930e-04  2.19821930e-04  2.19821930e-04
 -6.59370446e-04  2.19821930e-04 -6.59370446e-04 -2.19821930e-04
  7.69233704e-03 -2.51095831e-01  2.40363091e-01 -3.13555717e-01
  8.13111722e-01 -3.49234313e-01  1.12206721e+00  3.75371426e-02
  2.63785511e-01 -1.77495569e-01  2.80361176e-01  7.25964189e-01
 -4.61691558e-01 -1.56423271e+00  2.35941738e-01 -1.60032988e-01
  6.97722659e-04  6.54261410e-02  1.13737233e-01 -8.92939985e-01
 -7.25805312e-02  1.83664069e-01 -5.47705814e-02  1.91610768e-01
 -2.96330042e-02  4.67708101e-03  1.41456753e-01  1.64929964e-02
 -9.89807010e-01]","[-0.41645363 -0.02622361  0.04514024 -0.1417521   0.23519312 -0.14486212
 -0.08379214  0.17320624 -0.06343609  0.031251    0.15238427 -0.14682099
  0.0540812  -0.07040305  0.0286065   0.03118628 -0.01806597  0.01233126
  0.040244   -0.13244918  0.0623795  -0.00486648]","[-0.4028562307357788, -0.03358478471636772, -0.03204844519495964, -0.4671374261379242, 0.1717817336320877, 0.08863300085067749, 0.2722998261451721, 0.12443943321704865, -0.04924976825714111, 0.5664149522781372, -0.012573739513754845, -0.14183096587657928, -0.03711548075079918, -0.012597117573022842, 0.007489037699997425, -0.006782244425266981, -0.0005526485037989914, -0.9806166887283325, -0.042039480060338974, -0.015778936445713043, 0.0066445558331906796, 0.9988003969192505]"
980,7.640624999999999,"[-7.73010433e-01 -6.34393275e-01  2.00000003e-01  0.00000000e+00
  0.00000000e+00 -4.35457230e-02  2.06539910e-02 -1.04086306e-02
 -9.46044922e-03  1.01098001e-01 -2.59648096e-02  9.77153778e-02
 -1.30245965e-02  1.63482688e-03  6.21042252e-02 -1.49752259e-01
 -1.22155063e-04 -1.33514404e-03  7.05718994e-03 -1.23407364e-01
 -1.35421753e-02 -3.22351456e-02  6.63385391e-02  4.71124649e-02
  7.22894669e-02  2.84194946e-02 -7.39679337e-02  1.51648521e-02
 -6.59370446e-04 -2.21978184e-02  9.45053156e-03  1.25364968e-04
  1.18862907e-03 -1.38461115e-02 -5.49449911e-03 -2.26373672e-02
 -1.69230457e-02 -7.59471068e-03 -5.94892763e-02 -1.53846748e-03
 -2.19821930e-04  1.97801599e-03 -1.97801599e-03 -6.59370446e-04
 -6.59370446e-04  1.09891896e-03  1.97801599e-03 -2.19821930e-04
  6.81314478e-03 -6.31259263e-01 -8.21437091e-02 -5.59250638e-03
 -2.89409637e-01  4.90871698e-01  4.60494757e-01  2.06608951e-01
  7.93738484e-01 -7.31114209e-01  3.34135205e-01  7.62056887e-01
 -5.74143589e-01  1.70200717e+00 -3.25245082e-01  4.86605465e-02
 -3.37784916e-01  8.06209743e-02 -6.71469122e-02  6.81001008e-01
  3.16510260e-01 -2.49520555e-01  1.47590727e-01  2.53114611e-01
  1.39758542e-01 -7.86324963e-02  1.39603421e-01  5.08265663e-03
 -9.90194440e-01]","[-7.8623928e-03  8.5195705e-02 -9.4156243e-02  2.2419052e-01
 -7.2282471e-02  3.2994896e-01 -2.4871493e-02  1.1346427e-01
 -6.5261304e-02  5.1853549e-02  2.7262551e-01 -9.8917663e-02
 -3.2561132e-01  8.3494492e-02  1.2505893e-04 -1.4348550e-02
 -1.9092713e-02  2.3154698e-02 -2.2263323e-01  2.4807503e-02
 -1.2937630e-02 -2.2174604e-03]","[-0.4115068316459656, -0.015919778496026993, -0.036089666187763214, -0.48782190680503845, 0.2186867892742157, 0.10607545077800751, 0.24345800280570984, 0.1925767958164215, -0.08947508037090302, 0.549947202205658, 0.061339154839515686, -0.13204100728034973, -0.012769568711519241, -0.01092541590332985, 0.010938428342342377, -0.02332347072660923, -0.004171670414507389, -0.9942833185195923, -0.022405870258808136, -0.005272849462926388, -0.0005424041301012039, 1.011289358139038]"
990,7.718750000000001,"[-9.80785251e-01 -1.95090324e-01  2.00000003e-01  0.00000000e+00
  0.00000000e+00 -7.59706497e-02  2.33242791e-02 -1.76565554e-02
 -1.70898438e-02  1.05335265e-01 -6.69576973e-03  9.84783173e-02
 -1.72207635e-02 -2.23977659e-02  5.67636490e-02 -1.58234864e-01
 -1.94030926e-02 -9.53674316e-04  7.05718994e-03 -1.23788834e-01
 -1.01089478e-02 -3.22351456e-02  6.55755997e-02  4.63495255e-02
  7.22894669e-02  2.84194946e-02 -6.21423721e-02 -2.43955608e-02
 -1.38461115e-02  1.53846748e-03 -1.60439499e-02 -7.25527853e-03
  1.77669879e-02  1.51648521e-02 -1.03296284e-02  5.93404798e-03
 -1.53846748e-03 -1.57372677e-03 -6.67695096e-03 -1.09891896e-03
 -2.19821930e-04  6.59370446e-04  3.29666142e-03 -6.59370446e-04
 -2.19821930e-04 -4.17585392e-03  6.59370446e-04  2.19821930e-04
  5.49449911e-03 -1.24104881e+00 -1.15220815e-01  1.44445181e-01
 -5.96389234e-01  4.34337616e-01 -5.85771352e-02 -1.35501564e-01
  1.01758528e+00 -1.16419077e-01 -6.84138089e-02  9.17232156e-01
 -5.25308132e-01 -1.47071397e+00  1.14928424e-01 -4.76746187e-02
  2.42395088e-01  7.32070357e-02  1.23652741e-02 -6.26068115e-01
 -7.73032844e-01  4.32830453e-01 -1.30299032e-01 -9.99810696e-02
  1.38020396e-01  4.80007427e-03  1.49938866e-01  5.46518434e-03
 -9.88680243e-01]","[-0.21539502 -0.02668085  0.00536006 -0.10408662  0.16252005  0.0707147
  0.03863233  0.21748513 -0.17389974  0.09037932  0.18887164 -0.16981964
  0.42207935 -0.08452968  0.01454245 -0.07790574  0.00729905 -0.00943888
  0.1566526   0.06434168 -0.05490653  0.01327831]","[-0.4271394610404968, -0.023253291845321655, -0.030999958515167236, -0.5074002742767334, 0.2301790863275528, 0.10821007192134857, 0.24184605479240417, 0.22430677711963654, -0.09051460772752762, 0.5525439977645874, 0.08111482858657837, -0.14461664855480194, -0.013053689152002335, -0.011082315817475319, 0.007434131111949682, -0.02721472829580307, -0.003321992699056864, -0.9961449503898621, -0.03138912096619606, -0.008304413408041, 0.00045617707655765116, 1.0011996030807495]"
1000,7.796875,"[-9.56940353e-01  2.90284663e-01  2.00000003e-01  0.00000000e+00
  0.00000000e+00 -9.46636200e-02  1.11172479e-02 -1.23159792e-02
 -2.66265869e-02  1.07129574e-01  6.29545655e-03  9.39006805e-02
 -2.94277947e-02 -2.54495237e-02  4.53195572e-02 -1.52098924e-01
 -2.81361956e-02 -8.20159912e-03  7.05718994e-03 -1.23788834e-01
 -1.08718872e-02 -3.22351456e-02  6.55755997e-02  4.59680557e-02
  7.26709366e-02  2.84194946e-02 -5.37500381e-02 -1.16483690e-02
 -3.73630528e-03 -6.59370446e-04 -2.85711302e-03  1.82122167e-03
  1.82846542e-02 -6.37359638e-03 -9.89007950e-03 -9.45053156e-03
 -1.03296284e-02  2.73423409e-03 -4.19889577e-03 -9.01098270e-03
 -6.59370446e-04  6.59370446e-04  2.19821930e-04 -2.19821930e-04
  6.59370446e-04  1.09891896e-03 -2.41756439e-03  2.19821930e-04
  1.20879179e-02  4.20123637e-01  1.86242893e-01 -2.70452261e-01
  2.60220736e-01 -1.89970061e-01  1.05650818e+00  4.26087022e-01
  7.14768827e-01 -7.25100100e-01  3.45645636e-01  9.29615617e-01
 -5.11163056e-01  9.91170049e-01 -9.28049162e-02 -7.94519931e-02
 -5.24437547e-01 -1.48716159e-02  7.14308619e-02  3.12979549e-01
  8.01640749e-01 -5.28185546e-01  2.36749351e-02 -6.82711527e-02
  8.17853436e-02  1.43069223e-01  1.54575959e-01  7.87944626e-03
 -9.87949491e-01]","[-0.26394767 -0.00663988  0.0109176  -0.11661781  0.07008453  0.00573724
 -0.03418614  0.22773173 -0.03251657 -0.01710505  0.23122776 -0.06815676
 -0.38704595  0.04070333 -0.02059606  0.05787481  0.00431878  0.03278445
 -0.1770665  -0.18429258  0.11293797 -0.07167742]","[-0.42589494585990906, -0.011702577583491802, -0.035000674426555634, -0.5134855508804321, 0.22626997530460358, 0.08856217563152313, 0.25323495268821716, 0.2222784459590912, -0.09479835629463196, 0.5465617775917053, 0.07232790440320969, -0.11799030005931854, -0.013623344711959362, -0.01225492637604475, -0.003939599730074406, -0.02940985932946205, -0.0018292090389877558, -0.9821962714195251, -0.04153638705611229, -0.007377038709819317, -0.0033710345160216093, 0.9755831956863403]"
1010,7.875,"[-7.07106769e-01  7.07106769e-01  2.00000003e-01  0.00000000e+00
  0.00000000e+00 -1.12974167e-01  9.97283868e-03 -9.64569114e-03
 -3.73086929e-02  1.08866632e-01  2.12893318e-02  9.16109085e-02
 -3.20980847e-02 -3.19345072e-02  4.18863297e-02 -1.51334673e-01
 -2.97854058e-02 -1.77383423e-02  7.05718994e-03 -1.23407364e-01
 -1.04904175e-02 -3.22351456e-02  6.55755997e-02  4.55865860e-02
  7.26709366e-02  2.84194946e-02 -4.72650528e-02 -1.60439499e-02
 -2.19821930e-04 -1.53846748e-03 -5.93404798e-03  2.92594981e-04
  1.64767466e-02 -1.97801599e-03  6.59370446e-04 -3.29666142e-03
 -1.09891896e-03 -4.26638173e-04 -5.50704252e-04 -7.25278864e-03
 -6.59370446e-04  2.19821930e-04  6.59370446e-04  2.19821930e-04
  2.19821930e-04 -2.19821930e-04 -2.19821930e-04 -6.59370446e-04
  4.61540231e-03 -1.74619341e+00 -6.54210746e-02  4.16948758e-02
 -6.09705508e-01  9.09706473e-01 -7.54853129e-01 -4.49369907e-01
  7.39396513e-01 -1.39408529e-01 -4.79432344e-02  5.70890248e-01
 -3.23941737e-01 -4.18356299e-01 -2.35469624e-01 -1.09775640e-01
  1.64896309e-01 -2.49272250e-02  1.98908702e-01 -1.46945223e-01
 -7.01309144e-01  4.06844199e-01 -3.68945688e-01 -6.39983267e-02
  3.04951780e-02  2.43469521e-01  1.57244578e-01  6.28321245e-03
 -9.87539649e-01]","[ 0.05439205  0.02629159 -0.04651923 -0.00326026  0.00481718  0.17133288
  0.11483667  0.15005043 -0.16122396  0.07581128  0.19717    -0.0693111
  0.2593676  -0.02547513 -0.01588042 -0.11577622  0.01304533  0.05068598
  0.05406921  0.16382049 -0.1381355  -0.06065661]","[-0.4292025864124298, -0.014226260595023632, -0.03346091881394386, -0.5362351536750793, 0.23266562819480896, 0.03937440365552902, 0.2547723650932312, 0.1966015100479126, -0.07831437140703201, 0.5363103747367859, 0.04722891375422478, -0.06311251223087311, -0.02417752705514431, -0.012458964250981808, -0.019970674067735672, -0.02309359423816204, 0.002807346638292074, -0.9568291902542114, -0.051984235644340515, -0.020991746336221695, -0.0013612799812108278, 0.9303704500198364]"
1020,7.953125,"[-2.90284663e-01  9.56940353e-01  2.00000003e-01  0.00000000e+00
  0.00000000e+00 -1.23273849e-01  1.45504754e-02 -1.26974490e-02
 -4.41751480e-02  1.07304066e-01  2.60740649e-02  9.00850296e-02
 -3.09536736e-02 -3.95639017e-02  4.03604507e-02 -1.51623279e-01
 -2.89630760e-02 -1.96456909e-02  7.05718994e-03 -1.23407364e-01
 -1.08718872e-02 -3.22351456e-02  6.55755997e-02  4.59680557e-02
  7.26709366e-02  2.84194946e-02 -4.68835831e-02 -2.85711302e-03
 -6.59370446e-04  6.59370446e-04 -4.61540231e-03  3.35933524e-04
 -3.96627671e-04 -1.97801599e-03  5.93404798e-03 -6.59370446e-04
 -3.29666142e-03 -4.50549938e-04  2.07616133e-03 -6.59370446e-04
 -2.19821930e-04  2.19821930e-04  2.19821930e-04 -2.19821930e-04
  6.59370446e-04 -6.59370446e-04  2.19821930e-04 -2.19821930e-04
  2.19821930e-04 -8.94975364e-02  9.28216577e-02 -2.12501392e-01
  4.07083273e-01 -3.55407149e-01  4.99454528e-01  6.20173693e-01
  3.19057316e-01 -2.16175571e-01  4.79052991e-01  6.23382628e-01
 -1.83372915e-01 -7.01416254e-01  1.77435830e-01  6.57902211e-02
 -5.51460907e-02  1.06028259e-01  3.04119945e-01 -7.16304123e-01
  2.83819348e-01 -1.95377812e-01 -5.10678768e-01 -8.92824754e-02
  2.75583984e-03  2.37991840e-01  1.58069357e-01  5.47165703e-03
 -9.87412810e-01]","[-0.23584586  0.0180864   0.00415458 -0.10445517  0.07759051 -0.16262919
 -0.15558186  0.04746714  0.00618928 -0.08174063  0.07659358  0.09128017
 -0.14053485 -0.03762856 -0.09330197  0.02760558 -0.02101723  0.0974433
 -0.03079748 -0.17133215  0.10090105 -0.14815095]","[-0.37125256657600403, -0.014287622645497322, -0.03220931813120842, -0.5289216637611389, 0.17828403413295746, 0.007481846958398819, 0.2566288113594055, 0.13274617493152618, -0.05056295543909073, 0.5216505527496338, 0.0006619483465328813, 0.018664086237549782, -0.03291406109929085, -0.008439545519649982, -0.04367630183696747, -0.01846075989305973, 0.004349902272224426, -0.9264097213745117, -0.05152466893196106, -0.023166891187429428, 0.0005601331358775496, 0.8836206197738647]"
1030,8.03125,"[ 1.95090324e-01  9.80785251e-01  2.00000003e-01  0.00000000e+00
  0.00000000e+00 -1.32047653e-01  1.45504754e-02 -1.26974490e-02
 -5.79080582e-02  1.09453112e-01  1.78822577e-02  8.55073929e-02
 -2.90463250e-02 -3.53677347e-02  3.42569351e-02 -1.52620822e-01
 -2.08021253e-02 -1.92642212e-02  7.05718994e-03 -1.23407364e-01
 -1.04904175e-02 -3.22351456e-02  6.59570694e-02  4.59680557e-02
  7.26709366e-02  2.84194946e-02 -4.84094620e-02 -4.17585392e-03
 -2.19821930e-04  6.59370446e-04 -1.34065626e-02  4.68950858e-03
 -1.00161256e-02 -4.17585392e-03  2.19821930e-04  2.19821930e-04
 -3.29666142e-03  1.05351547e-03  4.29180358e-03  7.25278864e-03
 -2.19821930e-04 -2.19821930e-04  6.59370446e-04 -6.59370446e-04
 -6.59370446e-04 -2.19821930e-04  6.59370446e-04 -6.59370446e-04
 -1.97801599e-03 -2.39772983e-02 -6.73842430e-02 -1.03294551e-01
 -2.43895724e-01 -1.98546812e-01 -6.59736574e-01 -6.16677940e-01
 -1.68755531e-01  1.52637377e-01 -5.35451233e-01  1.50642693e-02
  1.02963448e+00  6.30841136e-01 -1.24859035e-01 -4.42292243e-01
 -6.29296973e-02  9.78816450e-02  3.55113626e-01  1.41657703e-02
 -2.90121317e-01 -2.34549418e-02 -5.92084527e-01 -1.47213876e-01
 -1.52109981e-01  9.08818766e-02  1.55876383e-01  8.92943330e-03
 -9.87736344e-01]","[-0.0348021  -0.14218502  0.0481579   0.02681742 -0.21074696 -0.08711772
  0.37634522  0.03756022  0.01531594  0.165456   -0.05642367 -0.00295364
  0.10779261  0.01710158  0.0511499   0.00636792  0.04379272  0.06297797
 -0.08117543  0.06916795 -0.09036811 -0.12502384]","[-0.3206350803375244, -0.07231348007917404, 0.0004973796894773841, -0.5314196348190308, 0.06517650187015533, -0.09679582715034485, 0.31815430521965027, 0.05734335631132126, 0.008502800948917866, 0.511963963508606, -0.11669425666332245, 0.10291080176830292, 0.0227937214076519, -0.006993827410042286, -0.04364272579550743, -0.0015938119031488895, 0.01468965969979763, -0.9192453622817993, -0.046568892896175385, -0.032037556171417236, -0.009463788941502571, 0.8604358434677124]"
1040,8.109375,"[ 6.34393275e-01  7.73010433e-01  2.00000003e-01  0.00000000e+00
  0.00000000e+00 -1.17933273e-01  1.45504754e-02 -1.30789187e-02
 -5.94339371e-02  1.08490288e-01 -1.19130984e-02  6.71968460e-02
 -2.67575067e-02 -3.38418558e-02  2.31933594e-02 -1.51255220e-01
 -1.05610518e-02 -1.16348267e-02  7.05718994e-03 -1.23407364e-01
 -1.12533569e-02 -3.22351456e-02  6.78644180e-02  4.59680557e-02
  7.26709366e-02  2.84194946e-02 -5.83276749e-02  1.82417873e-02
  2.19821930e-04 -2.41756439e-03 -1.97801599e-03 -4.01566830e-03
 -3.01055945e-02 -1.95604321e-02  1.12088202e-02  6.59370446e-04
 -1.20879179e-02  7.21408054e-03  1.34721445e-02  9.89007950e-03
  6.59370446e-04  2.19821930e-04 -1.97801599e-03 -2.19821930e-04
  1.53846748e-03 -6.59370446e-04  2.19821930e-04 -2.19821930e-04
 -1.69230457e-02 -4.40833092e-01 -8.06326747e-01  5.46214759e-01
  1.82162285e-01 -1.18718135e+00 -4.98160005e-01  1.67422748e+00
  1.06913038e-01  4.79634255e-02  8.92385244e-01 -4.96527314e-01
  6.09167516e-02 -4.95104522e-01  1.32203102e-01  3.53105396e-01
 -7.59003684e-02 -7.48297274e-02  2.39963919e-01 -5.08031428e-01
  3.84878278e-01  5.45889586e-02 -4.19739783e-01 -1.11465976e-01
 -1.71932131e-01 -9.50072557e-02  1.45323232e-01  1.24338316e-02
 -9.89305973e-01]","[-0.00093723 -0.1192418   0.07807049 -0.07625153 -0.18972348 -0.21087149
 -0.18139349 -0.06478345  0.03806342 -0.14178929 -0.06240528  0.36893582
 -0.19136845 -0.02529448 -0.11390645  0.02231737 -0.02335005  0.08410707
  0.00634702 -0.15246952  0.08810128 -0.09062297]","[-0.27837294340133667, -0.15995244681835175, 0.06323691457509995, -0.5215362310409546, -0.06660743802785873, -0.16508790850639343, 0.3654426634311676, 0.016302134841680527, 0.03651060163974762, 0.5183236002922058, -0.21470476686954498, 0.2049511969089508, -0.029017869383096695, -0.00036867306334897876, -0.030429596081376076, 0.003149762749671936, 0.00469827139750123, -0.9327070116996765, -0.04256591200828552, -0.029935142025351524, 0.008001052774488926, 0.891562819480896]"
1050,8.1875,"[ 9.23879504e-01  3.82683426e-01  2.00000003e-01  0.00000000e+00
  0.00000000e+00 -9.65709686e-02  1.87466424e-02 -9.26422141e-03
 -6.05783463e-02  1.05133832e-01 -3.55443060e-02  6.68153763e-02
 -1.76022332e-02 -5.61309792e-03  2.09045410e-02 -1.53202862e-01
  5.55279944e-03 -3.62396240e-03  7.05718994e-03 -1.23407364e-01
 -1.23977661e-02 -3.22351456e-02  6.82458878e-02  4.55865860e-02
  7.22894669e-02  2.84194946e-02 -7.70196915e-02  9.45053156e-03
  1.03296284e-02 -3.29666142e-03  2.41756439e-03  7.33605260e-03
 -8.31547100e-03 -3.29666142e-03  2.08790787e-02  2.52747536e-02
  5.49449911e-03  3.36962985e-03  5.66050736e-03 -1.07692722e-02
 -2.19821930e-04 -6.59370446e-04 -1.53846748e-03 -6.59370446e-04
  1.53846748e-03 -1.09891896e-03 -1.53846748e-03 -2.19821930e-04
 -2.21978184e-02  2.59674072e-01 -5.77919602e-01  1.84389219e-01
 -3.37320268e-01 -6.62650406e-01 -8.77683520e-01 -7.32361495e-01
 -3.13369483e-01  2.24460334e-01 -6.48037672e-01 -2.84614205e-01
  1.69387436e+00  1.79363415e-01 -9.19788629e-02 -4.36626852e-01
  7.31651112e-02 -7.66928941e-02  2.72220492e-01  3.64812799e-02
 -5.11025429e-01  1.42534688e-01 -2.98331141e-01 -3.39466892e-02
 -4.58572172e-02 -3.71716022e-02  1.39434606e-01  1.41219851e-02
 -9.90130424e-01]","[ 0.01346227 -0.298239    0.07916973  0.03649356 -0.2935511  -0.12664315
  0.44740307  0.00182513  0.03167593  0.17881067 -0.14003903  0.05256925
  0.36001685  0.0065346   0.08015884  0.00967167  0.08535323  0.00324255
 -0.00450289  0.07739092 -0.14758429 -0.0374123 ]","[-0.250610888004303, -0.23018136620521545, 0.07556495070457458, -0.5193402767181396, -0.09422816336154938, -0.17667248845100403, 0.3781040906906128, 0.007191600278019905, 0.0404350683093071, 0.5190652012825012, -0.24174299836158752, 0.2455160766839981, 0.07147093117237091, -0.0027936557307839394, -0.02207283489406109, 0.009027374908328056, 0.015993405133485794, -0.9594931602478027, -0.012696719728410244, -0.030975589528679848, -0.020838923752307892, 0.9333438873291016]"
1060,8.265625,"[ 9.95184720e-01 -9.80171412e-02  2.00000003e-01  0.00000000e+00
  0.00000000e+00 -8.70332718e-02  3.20980847e-02  3.70574929e-03
 -5.33304214e-02  1.00629359e-01 -4.51633856e-02  7.63521194e-02
 -9.59136896e-03  2.64313128e-02  3.00598145e-02 -1.59303367e-01
  3.13126966e-02 -7.43865967e-03  7.05718994e-03 -1.23025894e-01
 -1.23977661e-02 -3.22351456e-02  6.78644180e-02  4.59680557e-02
  7.22894669e-02  2.84194946e-02 -9.26599503e-02  3.73630528e-03
  1.16483690e-02  1.34065626e-02  1.07692722e-02 -2.31035822e-03
 -4.65843175e-03  5.05495071e-03  2.17582714e-02  1.86813362e-02
  6.37359638e-03  3.06671811e-03  2.57858485e-02 -4.61540231e-03
 -2.19821930e-04 -1.53846748e-03  2.19821930e-04 -6.59370446e-04
 -1.53846748e-03 -2.19821930e-04 -6.59370446e-04 -6.59370446e-04
 -9.89007950e-03 -1.23921886e-01 -1.16509938e+00  3.91028732e-01
  2.79744983e-01 -1.22511864e+00 -1.95832640e-01  1.99499798e+00
  1.59844667e-01  1.35868043e-02  1.02288592e+00 -6.83410704e-01
 -1.07073963e-01  5.18893003e-01  6.50508329e-02  4.58835036e-01
 -2.22992692e-02  1.00147083e-01  7.70622641e-02 -2.62654036e-01
  5.23218751e-01 -3.29625428e-01 -1.11033998e-01 -2.47171428e-02
  1.04089696e-02  4.43106256e-02  1.39667034e-01  1.50998784e-02
 -9.90083456e-01]","[-0.06059308 -0.18419454  0.1448611  -0.03715672 -0.22959585 -0.10362084
 -0.07383059 -0.0168395  -0.02731395 -0.01537572 -0.06413256  0.2577896
 -0.36912578 -0.01145728 -0.09078825 -0.0075541  -0.04878453  0.03452756
  0.02024817 -0.12634951  0.17882222 -0.01181442]","[-0.2731868326663971, -0.26003971695899963, 0.09451418370008469, -0.49958449602127075, -0.1019863486289978, -0.11843035370111465, 0.42761433124542236, 0.028734082356095314, 0.013430530205368996, 0.5774437785148621, -0.25295376777648926, 0.18881671130657196, -0.00150127406232059, 0.0023861811496317387, -0.00873325765132904, -0.0021699911449104548, 0.0071181245148181915, -0.9781075716018677, -0.013052019290626049, -0.015886180102825165, 0.00856881681829691, 0.9695207476615906]"
1070,8.34375,"[ 8.31469595e-01 -5.55570245e-01  2.00000003e-01  0.00000000e+00
  0.00000000e+00 -7.78779984e-02  3.43869030e-02  5.99456765e-03
 -4.41751480e-02  9.71156061e-02 -5.20431846e-02  8.32185745e-02
 -3.48785333e-03  3.17718908e-02  3.65457535e-02 -1.59147531e-01
  6.42013773e-02 -5.14984131e-03  7.05718994e-03 -1.23025894e-01
 -1.23977661e-02 -3.22351456e-02  6.74829483e-02  4.59680557e-02
  7.22894669e-02  2.80380249e-02 -9.34228897e-02  9.89007950e-03
 -6.59370446e-04 -2.19821930e-04  9.45053156e-03 -8.12340004e-04
 -1.62925187e-03  6.59370446e-04 -1.97801599e-03 -3.73630528e-03
 -2.19821930e-04  4.46591992e-03  3.68931703e-02  5.49449911e-03
 -2.19821930e-04 -1.97801599e-03 -1.09891896e-03 -2.19821930e-04
 -6.59370446e-04  6.59370446e-04 -2.19821930e-04 -2.19821930e-04
  1.53846748e-03  7.59458020e-02 -7.08202600e-01  3.28284770e-01
 -3.74119699e-01 -8.22569966e-01 -6.05985403e-01 -5.86093426e-01
 -1.73885584e-01  8.45897347e-02 -2.81938970e-01 -2.75425971e-01
  9.56988692e-01 -8.11879456e-01 -1.29496664e-01 -4.13543850e-01
  2.07418036e-02 -1.90108493e-01  2.09997162e-01  1.70340210e-01
 -6.26747251e-01  5.72505414e-01 -5.92250526e-02 -4.28307801e-02
  1.19779959e-01  2.38117371e-02  1.40124798e-01  2.01235227e-02
 -9.89929199e-01]","[ 0.10847911 -0.24559727  0.01896286 -0.01040571 -0.27485275 -0.03114589
  0.2662747  -0.01692925  0.02023555  0.08231261 -0.05193796  0.06696065
  0.53992957 -0.00293468  0.01744337  0.0298156   0.06453451 -0.02237563
  0.05337549  0.07606585 -0.2220509   0.02005356]","[-0.23132379353046417, -0.24327506124973297, 0.06554967910051346, -0.5185426473617554, -0.10190003365278244, -0.08626826107501984, 0.3649153411388397, 0.00897243618965149, 0.020477332174777985, 0.543663501739502, -0.22584520280361176, 0.1660696268081665, 0.06953637301921844, -0.006655156146734953, -0.03129204362630844, 0.008283992297947407, 0.0031112697906792164, -0.9860599040985107, 0.006447747349739075, -0.027075232937932014, -0.01487131230533123, 0.9940996766090393]"
1080,8.421875,"[ 4.71396744e-01 -8.81921291e-01  2.00000003e-01  0.00000000e+00
  0.00000000e+00 -8.13112259e-02  3.32424939e-02  9.42779519e-03
 -3.76901627e-02  9.58884358e-02 -5.02235666e-02  1.21366501e-01
 -2.72491388e-03  1.25335716e-03  7.46927261e-02 -1.49212509e-01
  9.45733786e-02 -1.71661377e-03  7.05718994e-03 -1.23025894e-01
 -1.27792358e-02 -3.22351456e-02  6.59570694e-02  4.67309952e-02
  7.19079971e-02  2.84194946e-02 -8.88452530e-02 -8.13188590e-03
 -1.09891896e-03 -6.59370446e-04  4.61540231e-03 -3.17317992e-03
  3.78261670e-03  4.59341072e-02 -2.19821930e-04 -2.57143024e-02
  3.36263664e-02  1.37562025e-02  2.34177392e-02  3.29666142e-03
 -2.19821930e-04 -1.09891896e-03 -2.19821930e-04 -2.19821930e-04
 -1.97801599e-03  2.85711302e-03  2.19821930e-04  2.19821930e-04
  5.05495071e-03  2.32347324e-01 -8.47681522e-01  2.85281353e-02
  3.93790752e-01 -9.80833113e-01  3.48143488e-01  1.53878140e+00
  3.38008776e-02 -8.80867243e-04  7.30418980e-01 -2.56031871e-01
 -6.12182915e-01  1.43074429e+00 -1.41628757e-02  2.82880515e-01
 -1.03217654e-01  1.93709850e-01  1.83909312e-02  5.94216771e-02
  6.39452040e-01 -6.37900710e-01  1.09479576e-01  2.09880900e-02
 -1.29951209e-01 -5.01999445e-02  1.44363970e-01  2.29838472e-02
 -9.89257574e-01]","[-1.12385385e-01 -1.30660698e-01  1.03269771e-01  3.46310176e-02
 -2.13284224e-01  2.13275310e-02  3.24855819e-02 -7.19660521e-03
 -4.22861427e-04  6.52982369e-02 -6.47671670e-02  2.64072865e-02
 -4.77030009e-01  3.15094064e-03 -6.77180514e-02  6.34379033e-03
 -3.49621773e-02  2.95006260e-02 -7.82543197e-02 -1.07771471e-01
  1.55616075e-01 -8.80120695e-03]","[-0.24945038557052612, -0.21870853006839752, 0.044744327664375305, -0.48057883977890015, -0.09343612194061279, -0.01694369874894619, 0.4154513478279114, 0.014012930914759636, 0.02582593820989132, 0.5833600759506226, -0.21961626410484314, 0.03296000137925148, 0.029258649796247482, -0.0010850727558135986, -0.014468654990196228, 0.0024611095432192087, 0.009205199778079987, -0.9856608510017395, -0.021581921726465225, -0.0009801462292671204, -0.021252835169434547, 1.0004675388336182]"
1090,8.5,"[-1.47081416e-15 -1.00000000e+00  2.00000003e-01  0.00000000e+00
  0.00000000e+00 -6.18562698e-02  2.82833856e-02  6.75750710e-03
 -2.92968750e-02  9.23306942e-02 -4.81799468e-02  1.03437424e-01
 -1.11172479e-02  5.06805442e-03  6.82077408e-02 -1.45062894e-01
  9.60164368e-02 -2.86102295e-03  7.05718994e-03 -1.24933243e-01
 -1.23977661e-02 -3.22351456e-02  6.55755997e-02  4.71124649e-02
  7.22894669e-02  2.84194946e-02 -8.35046768e-02  2.83516888e-02
 -1.25274658e-02  1.97801599e-03  6.81314478e-03 -8.46052251e-04
  2.93500489e-03 -2.83516888e-02 -5.93404798e-03  1.12088202e-02
 -9.89007950e-03 -1.70801044e-03 -8.07784032e-03 -2.85711302e-03
 -6.59370446e-04 -3.29666142e-03 -2.19821930e-04  2.19821930e-04
 -1.09891896e-03  2.19821930e-04 -1.09891896e-03 -2.19821930e-04
  8.57143383e-03 -5.79769611e-01 -1.72529534e-01  2.43820354e-01
 -4.54296052e-01 -1.45085320e-01 -4.14553285e-01 -3.86969030e-01
  1.95320576e-01  9.65766385e-02 -1.45799354e-01  1.59045324e-01
 -3.21056396e-01 -1.54070318e+00 -1.27260864e-01 -3.18304390e-01
  4.19515818e-02  5.19390963e-02  1.67189106e-01 -7.04255253e-02
 -7.95087397e-01  7.19314814e-01 -8.35355073e-02  6.22236030e-03
 -1.16172254e-01  3.58335488e-02  1.32224262e-01  2.56880615e-02
 -9.90886807e-01]","[-0.03964796 -0.03908169 -0.02205342 -0.02267526  0.04766642  0.13488813
  0.08610664  0.06105966 -0.10948433  0.05215717  0.1606364  -0.11588147
  0.58428365 -0.04166062  0.03224508 -0.00421286 -0.00450992 -0.00414233
  0.11866993  0.08378706 -0.14842176  0.01777416]","[-0.3230258822441101, -0.09592336416244507, 0.005943507421761751, -0.489188015460968, 0.07674749195575714, 0.04138077795505524, 0.30079686641693115, 0.04329706355929375, -0.006055218633264303, 0.5446503162384033, -0.11689300090074539, -0.053791679441928864, 0.02252679318189621, -0.01794971525669098, -0.021704455837607384, -0.0018829905893653631, -3.0712224543094635e-05, -0.9758891463279724, -0.013232927769422531, -0.02981279231607914, 0.0073089273646473885, 0.9952067136764526]"
1100,8.578125,"[-4.71396744e-01 -8.81921291e-01  2.00000003e-01  0.00000000e+00
  0.00000000e+00 -5.00307083e-02  2.40872186e-02  3.70574929e-03
 -2.05230713e-02  9.43504572e-02 -3.72261703e-02  1.16025925e-01
 -1.41690057e-02  1.57492068e-02  8.95700455e-02 -1.36466056e-01
  6.94442987e-02 -1.71661377e-03  7.05718994e-03 -1.23407364e-01
 -1.27792358e-02 -3.22351456e-02  6.55755997e-02  4.71124649e-02
  7.19079971e-02  2.84194946e-02 -6.97717667e-02  4.17585392e-03
 -6.59370446e-04 -2.41756439e-03  1.12088202e-02 -4.05224832e-03
  6.56824652e-03  2.04395298e-02  1.09891896e-03  6.81314478e-03
  1.64834987e-02  1.32480888e-02 -3.62334698e-02 -1.09891896e-03
 -2.19821930e-04 -1.97801599e-03 -3.29666142e-03 -2.19821930e-04
  2.19821930e-04 -1.53846748e-03 -2.19821930e-04 -2.19821930e-04
  1.82417873e-02  4.33208644e-01  1.77281335e-01 -4.60869640e-01
  7.41818726e-01 -1.57572433e-01  1.40377533e+00  3.67230415e-01
  3.80489469e-01 -6.38359249e-01  3.96380693e-01  8.72311473e-01
 -8.22182178e-01  1.01145899e+00 -4.43373695e-02  1.02518335e-01
 -5.35962760e-01  3.35382111e-02  1.17866397e-02  2.14906812e-01
  7.83034265e-01 -4.65759277e-01  1.83513314e-01  1.56368807e-01
  1.28887501e-02  3.25983879e-03  1.32777765e-01  2.05497816e-02
 -9.90932703e-01]","[-0.24617404 -0.01701621  0.02632016 -0.10299926  0.06720341  0.01344205
 -0.04770184  0.19946016 -0.03004129 -0.01656296  0.18666598 -0.11425291
 -0.42582628  0.03433831 -0.01582214  0.07965188 -0.00307244  0.00851211
 -0.13377689 -0.17379126  0.12149933 -0.01177264]","[-0.3716299533843994, -0.028194157406687737, -0.039860039949417114, -0.4680194556713104, 0.17669068276882172, 0.11678249388933182, 0.27014756202697754, 0.13379988074302673, -0.061283744871616364, 0.5498016476631165, 0.009956961497664452, -0.13454827666282654, 0.004400845617055893, -0.006460848264396191, 0.006407370790839195, -0.007506794296205044, -0.0011778927873820066, -0.9861690998077393, -0.03516596928238869, -0.003632172243669629, -0.009211030788719654, 1.0038751363754272]"
1110,8.65625,"[-8.3146960e-01 -5.5557024e-01  2.0000000e-01  0.0000000e+00
  0.0000000e+00 -5.9185982e-02  2.4087219e-02  4.4686887e-03
 -2.1286011e-02  9.8926619e-02 -2.9130472e-02  9.0085030e-02
 -1.4931945e-02 -6.5399148e-04  6.5918922e-02 -1.3841662e-01
  5.8878995e-03 -5.9127808e-03  7.0571899e-03 -1.2378883e-01
 -1.3923645e-02 -3.2235146e-02  6.5575600e-02  4.6730995e-02
  7.2289467e-02  2.8419495e-02 -5.9472084e-02 -5.9340480e-03
 -5.4944991e-03  1.9780160e-03 -3.2966614e-03  3.5502392e-04
  1.5952060e-03 -1.4725304e-02 -7.6923370e-03 -2.7032947e-02
 -3.1868171e-02 -3.3953466e-02 -5.4491784e-02 -2.1982193e-04
  6.5937045e-04 -3.2966614e-03 -1.0989190e-03 -6.5937045e-04
 -6.5937045e-04 -2.1982193e-04  2.1982193e-04 -2.1982193e-04
  6.8131448e-03 -1.9911137e+00 -1.6188550e-01  1.8952122e-01
 -7.0587897e-01  1.0925649e+00 -7.4678820e-01 -3.5093969e-01
  9.5174128e-01 -2.2337450e-01  9.3382500e-02  7.0255303e-01
 -8.1628591e-01 -4.4524515e-01 -2.6308268e-01  1.4611331e-01
  1.5012866e-01  3.8998734e-02 -1.3274550e-03 -1.0108562e-01
 -7.3474431e-01  4.2074579e-01 -6.5004610e-02  1.9062670e-01
  1.6902073e-01  7.7177249e-02  1.3558857e-01  1.3971963e-02
 -9.9066675e-01]","[ 0.07998811  0.02995937 -0.06918105  0.06092923 -0.02554321  0.29089388
  0.08248892  0.17262699 -0.19210571  0.08690368  0.23154438 -0.15804069
  0.2936241  -0.02348368  0.00883    -0.12189878 -0.02774322 -0.00802707
  0.12376643  0.19429564 -0.12268318  0.05337796]","[-0.4203675389289856, -0.01837736926972866, -0.03408578038215637, -0.4993472993373871, 0.2316945493221283, 0.10709628462791443, 0.24655495584011078, 0.19262705743312836, -0.09035178273916245, 0.5462015867233276, 0.0493365153670311, -0.1487705260515213, -0.0058233411982655525, -0.015406304970383644, 0.010507972911000252, -0.02070673555135727, -0.006083742715418339, -0.9981757402420044, -0.022920312359929085, -0.011406631208956242, 0.0004957079654559493, 1.010216236114502]"
1120,8.734375,"[-9.95184720e-01 -9.80171412e-02  2.00000003e-01  0.00000000e+00
  0.00000000e+00 -7.40633011e-02  2.25613397e-02 -1.61306765e-02
 -2.09045410e-02  1.06551945e-01 -1.26415361e-02  8.32185745e-02
 -1.83651727e-02 -4.83386591e-02  4.37936783e-02 -1.52936608e-01
 -1.28267556e-02 -3.24249268e-03  7.05718994e-03 -1.23025894e-01
 -1.16348267e-02 -3.22351456e-02  6.55755997e-02  4.71124649e-02
  7.26709366e-02  2.84194946e-02 -5.03168106e-02 -7.25278864e-03
 -5.49449911e-03 -3.09889801e-02  6.37359638e-03 -1.90925439e-05
  1.17886299e-02  2.30769161e-02 -3.29666142e-03 -2.41756439e-03
 -1.53846748e-03 -7.77177839e-03  1.01136568e-03  2.21978184e-02
  2.19821930e-04 -1.53846748e-03  2.19821930e-04 -6.59370446e-04
  2.19821930e-04 -3.73630528e-03 -6.59370446e-04  2.19821930e-04
  5.05495071e-03  3.26153666e-01  3.82200718e-01 -4.65582281e-01
  1.03316009e+00 -4.03470814e-01  1.45906866e+00  3.40149179e-02
  3.55257571e-01 -3.00339758e-01  2.51175255e-01  1.12839639e+00
 -5.59107482e-01 -8.03830326e-01  1.99572206e-01 -4.09226418e-02
 -2.76933372e-01 -5.45930825e-02  1.05856858e-01 -6.94226265e-01
  4.35802221e-01 -2.63154179e-01  9.24846530e-03  1.30056695e-03
  1.84362859e-01 -2.00247038e-02  1.46732226e-01  5.38899843e-03
 -9.89161730e-01]","[-0.51668596 -0.04433887  0.04747469 -0.1809517   0.26729664 -0.17467311
 -0.09402584  0.24407561 -0.04625946  0.02055441  0.19175446 -0.1935678
 -0.14495714 -0.04386992  0.02848902  0.04883397 -0.00583224  0.00547075
 -0.0535907  -0.1794394   0.0963085  -0.04020591]","[-0.43042147159576416, -0.0253799706697464, -0.03252718225121498, -0.5142250657081604, 0.23232057690620422, 0.09810579568147659, 0.23830613493919373, 0.21462969481945038, -0.08285298198461533, 0.5500958561897278, 0.08039788901805878, -0.1424655169248581, -0.02251732349395752, -0.009874609299004078, 0.005373426713049412, -0.02853553742170334, -0.003594612469896674, -0.9937812089920044, -0.03144119679927826, -0.006876035127788782, -0.0014624338364228606, 0.9971132278442383]"
1130,8.8125,"[-9.23879504e-01  3.82683426e-01  2.00000003e-01  0.00000000e+00
  0.00000000e+00 -1.02293015e-01  1.68392938e-02 -1.99453738e-02
 -2.81524658e-02  1.06941402e-01  9.70491767e-03  8.62703323e-02
 -2.33242791e-02 -4.60498407e-02  3.73086929e-02 -1.49541378e-01
 -1.80836469e-02 -4.00543213e-03  7.05718994e-03 -1.24170303e-01
 -1.20162964e-02 -3.22351456e-02  6.51941299e-02  4.63495255e-02
  7.34338760e-02  2.84194946e-02 -4.68835831e-02 -2.52747536e-02
 -7.25278864e-03  5.05495071e-03 -1.34065626e-02 -4.54629399e-03
  2.35637724e-02 -3.29666142e-03 -7.69233704e-03  6.59370446e-04
 -6.81314478e-03  2.07861117e-03 -4.92289895e-03 -1.38461115e-02
 -2.19821930e-04 -5.49449911e-03 -1.97801599e-03 -6.59370446e-04
 -1.53846748e-03 -1.53846748e-03  3.73630528e-03  6.59370446e-04
  5.05495071e-03 -1.33967686e+00 -1.51467696e-01  4.56964336e-02
 -5.71597636e-01  9.10876155e-01 -2.40804762e-01 -8.09155032e-02
  7.79074371e-01 -4.26188588e-01  2.15156689e-01  6.25091910e-01
 -5.11017501e-01  1.15366578e+00 -3.40647399e-01 -4.77726236e-02
 -2.04091981e-01  4.30367477e-02  8.16769153e-02  3.86619031e-01
 -1.50714219e-01 -1.81577839e-02 -1.83471441e-01 -9.87417772e-02
  2.86095943e-02  1.17962979e-01  1.51011094e-01  7.48560019e-03
 -9.88503695e-01]","[ 0.06363097  0.10218205 -0.09952337  0.24257304 -0.08229878  0.31581858
  0.05660249  0.07411459 -0.09047654  0.07576792  0.2474229  -0.11009659
 -0.13832384  0.04291307 -0.00396305 -0.05073792 -0.0131399   0.04596143
 -0.17022051  0.13405396 -0.08342816 -0.04002687]","[-0.4283727705478668, -0.01812984235584736, -0.02816045470535755, -0.5190752148628235, 0.23253728449344635, 0.0705089420080185, 0.2559826374053955, 0.20410360395908356, -0.07837004959583282, 0.5448105335235596, 0.060912955552339554, -0.12502695620059967, -0.014882693067193031, -0.014480216428637505, -0.005264327861368656, -0.026873759925365448, 0.000878334220033139, -0.9767618179321289, -0.04227670282125473, -0.008565744385123253, -0.004523390904068947, 0.9669531583786011]"
1140,8.890625,"[-6.34393275e-01  7.73010433e-01  2.00000003e-01  0.00000000e+00
  0.00000000e+00 -1.20603561e-01  1.07357781e-02 -1.11715700e-02
 -4.64639664e-02  1.05673015e-01  2.18234640e-02  8.05482864e-02
 -2.59945672e-02 -3.88009623e-02  3.57828140e-02 -1.48309469e-01
 -2.02276148e-02 -1.23977661e-02  7.05718994e-03 -1.23407364e-01
 -1.20162964e-02 -3.22351456e-02  6.48126602e-02  4.59680557e-02
  7.38153458e-02  2.84194946e-02 -4.23059464e-02 -9.01098270e-03
 -2.85711302e-03  2.41756439e-03 -1.03296284e-02  2.22462718e-03
  2.54178955e-03 -5.05495071e-03  2.19821930e-04  6.81314478e-03
  2.19821930e-04 -2.15527049e-04 -1.84609191e-04 -5.49449911e-03
  2.19821930e-04 -2.19821930e-04 -1.09891896e-03 -1.09891896e-03
  2.19821930e-04 -6.59370446e-04 -2.19821930e-04 -6.59370446e-04
  2.41756439e-03 -5.77809155e-01  2.02781275e-01 -6.86139464e-02
  1.67456925e-01 -1.14348501e-01  3.82162571e-01  4.54744846e-02
  4.44629878e-01 -1.14552632e-01  8.38444158e-02  8.34737957e-01
 -9.60039347e-02 -1.56478131e+00  2.53035158e-01 -1.61801577e-01
  1.60533726e-01  4.95304577e-02  2.84009933e-01 -9.02554631e-01
 -4.69773680e-01  3.51041198e-01 -4.78369623e-01 -7.06988722e-02
  1.27749545e-02  1.97036460e-01  1.51495486e-01  8.13337602e-03
 -9.88424420e-01]","[-0.31283116 -0.00667586 -0.01014053 -0.11534979  0.19460995 -0.12269022
 -0.08828614  0.12829632 -0.05309663 -0.00400409  0.12320662 -0.01228945
  0.15346731 -0.07146034 -0.0534724  -0.01565735 -0.01296277  0.06515947
  0.04649098 -0.06638176  0.02044046 -0.09926835]","[-0.4139429032802582, -0.0015920534497126937, -0.03770120441913605, -0.5079917907714844, 0.21878860890865326, 0.04022618755698204, 0.24910709261894226, 0.16537784039974213, -0.062129851430654526, 0.5288349986076355, 0.03177962452173233, -0.05733481049537659, -0.04384235292673111, -0.01116651389747858, -0.027244538068771362, -0.018149593845009804, -0.0010021443013101816, -0.9471769332885742, -0.06384016573429108, -0.01821981370449066, 0.0007458589971065521, 0.9214208722114563]"
1150,8.96875,"[-1.95090324e-01  9.80785251e-01  2.00000003e-01  0.00000000e+00
  0.00000000e+00 -1.28232956e-01  1.07357781e-02 -8.50128196e-03
 -5.33304214e-02  1.07711762e-01  1.89110562e-02  8.01668167e-02
 -2.56130975e-02 -3.68936136e-02  3.50198746e-02 -1.48690522e-01
 -1.92404725e-02 -1.31607056e-02  7.05718994e-03 -1.23407364e-01
 -1.20162964e-02 -3.22351456e-02  6.51941299e-02  4.59680557e-02
  7.38153458e-02  2.84194946e-02 -4.23059464e-02 -4.61540231e-03
  1.09891896e-03 -6.59370446e-04 -6.37359638e-03  3.46545619e-03
 -6.29996881e-03 -6.59370446e-04  1.97801599e-03 -2.19821930e-04
 -3.73630528e-03 -6.60176040e-04  2.08216975e-03 -6.59370446e-04
 -6.59370446e-04  2.19821930e-04 -2.19821930e-04 -6.59370446e-04
  2.19821930e-04  2.19821930e-04 -6.59370446e-04 -2.19821930e-04
 -6.59370446e-04  2.79869325e-03  5.25328889e-03 -1.33939147e-01
 -1.79956466e-01  1.28892526e-01  1.89372599e-01  2.14222670e-01
  2.92797357e-01 -3.61497283e-01  1.15668632e-01  5.73141158e-01
  1.56779587e-01  1.46338117e+00 -1.65011540e-01 -1.67855948e-01
 -3.14651728e-01  1.74429938e-01  2.74617791e-01  2.36515164e-01
  3.44008297e-01 -4.55161691e-01 -4.52843815e-01 -7.69572407e-02
  6.11877535e-03  1.45248801e-01  1.52917907e-01  8.23402405e-03
 -9.88204598e-01]","[-0.13448776 -0.00960665  0.02171897  0.04598786 -0.14171644  0.01740119
  0.14852425  0.05059425 -0.00931862  0.08309548  0.08478509  0.01349423
 -0.33231893  0.05171872 -0.01987025  0.04059011 -0.01587746  0.08454187
 -0.19576524 -0.05237267  0.04251534 -0.15113571]","[-0.38791364431381226, -0.02257932536303997, -0.024852411821484566, -0.5246890187263489, 0.173017680644989, -0.015559185296297073, 0.27716487646102905, 0.11796877533197403, -0.037561506032943726, 0.5322203636169434, -0.02123415470123291, 0.014156021177768707, -0.021493492648005486, -0.010659940540790558, -0.03644146770238876, -0.01142557617276907, 0.003961106296628714, -0.9240183234214783, -0.05735976994037628, -0.019911957904696465, -0.00453200563788414, 0.8750706911087036]"
1160,9.046875,"[ 2.90284663e-01  9.56940353e-01  2.00000003e-01  0.00000000e+00
  0.00000000e+00 -1.27088547e-01  2.14169305e-02 -1.04086306e-02
 -5.29489517e-02  1.08474284e-01  2.89920066e-03  7.44447708e-02
 -2.33242791e-02 -3.57492045e-02  2.47192383e-02 -1.48436189e-01
 -1.18880384e-02 -1.08718872e-02  7.05718994e-03 -1.23407364e-01
 -1.20162964e-02 -3.22351456e-02  6.59570694e-02  4.59680557e-02
  7.38153458e-02  2.84194946e-02 -4.53577042e-02  6.59370446e-04
  5.05495071e-03 -2.41756439e-03  2.19821930e-04 -2.04822375e-03
 -1.39524778e-02 -6.37359638e-03  3.73630528e-03  3.29666142e-03
 -1.07692722e-02  3.66820092e-03  5.81035297e-03  1.97801599e-03
 -2.19821930e-04 -1.53846748e-03 -2.19821930e-04 -6.59370446e-04
 -6.59370446e-04  1.53846748e-03 -6.59370446e-04 -6.59370446e-04
 -4.17585392e-03 -3.32414687e-01 -3.48584354e-01  4.90634590e-01
 -1.73098281e-01 -9.17945445e-01 -5.10990739e-01  2.33289003e-02
 -1.33900285e-01  1.85273588e-02 -1.03282087e-01 -1.71298891e-01
  8.04688931e-01 -1.36809909e+00  2.53106747e-02 -2.95386255e-01
 -9.37901214e-02 -1.24731377e-01  3.39717388e-01 -2.33813494e-01
 -3.98263365e-01  6.52527690e-01 -5.18077195e-01 -9.08754542e-02
 -1.98496468e-02 -3.18862759e-02  1.52692720e-01  1.02145784e-02
 -9.88220930e-01]","[ 6.62637353e-02 -1.06365830e-01 -1.78903211e-02 -6.39080405e-02
 -1.47497118e-01 -1.70035243e-01 -3.62110808e-02 -3.45906690e-02
  6.11252002e-02 -1.07057758e-01 -2.57515050e-02  3.11123431e-01
  3.25791568e-01 -1.77134871e-02 -1.03710748e-01  2.86093131e-02
  4.04588617e-02  5.49742542e-02  7.01257959e-05 -7.12311715e-02
 -1.04677424e-01 -1.24013066e-01]","[-0.2932439148426056, -0.10260225832462311, 0.017169395461678505, -0.5252441167831421, 0.013142776675522327, -0.10656288266181946, 0.2976893186569214, 0.02938714809715748, 0.029107462614774704, 0.49191462993621826, -0.14231933653354645, 0.16085495054721832, -0.02220703661441803, 0.00140608218498528, -0.056268803775310516, 0.006383633706718683, 0.010013558901846409, -0.9220114946365356, -0.05987590551376343, -0.04888521507382393, 0.003137779189273715, 0.8634270429611206]"
1170,9.125,"[ 7.07106769e-01  7.07106769e-01  2.00000003e-01  0.00000000e+00
  0.00000000e+00 -1.24799728e-01  2.06539910e-02 -1.00271609e-02
 -5.71451187e-02  1.01398647e-01 -2.50979308e-02  7.33003616e-02
 -1.79837029e-02 -3.38418558e-02  2.31933594e-02 -1.47030264e-01
 -2.23739678e-03 -1.16348267e-02  7.05718994e-03 -1.23788834e-01
 -1.20162964e-02 -3.22351456e-02  6.71014786e-02  4.59680557e-02
  7.38153458e-02  2.84194946e-02 -5.45129776e-02  1.09891896e-03
  9.89007950e-03  2.19821930e-04 -7.25278864e-03 -4.04725457e-03
 -3.21059749e-02 -2.41756439e-03  1.16483690e-02  6.59370446e-04
  1.09891896e-03  1.20450405e-03  8.68390407e-03 -6.59370446e-04
 -2.19821930e-04 -2.19821930e-04 -1.09891896e-03 -1.09891896e-03
  2.19821930e-04  2.19821930e-04 -2.19821930e-04 -2.19821930e-04
 -1.99999809e-02  4.30180728e-01 -8.42530847e-01  1.52635083e-01
 -1.70559496e-01 -1.05737174e+00 -6.57349885e-01  8.02565932e-01
 -1.40777647e-01  2.49221578e-01  1.91277987e-03 -2.65326917e-01
  9.98767197e-01  1.91337001e+00 -7.99238831e-02 -1.30172104e-01
  4.07262072e-02  3.58584881e-01  6.41929060e-02  1.39541894e-01
  1.73167288e-02 -5.75664282e-01 -3.21700335e-01 -5.67907766e-02
 -1.46999404e-01 -6.04390576e-02  1.50164261e-01  1.38134565e-02
 -9.88564491e-01]","[-0.1514633  -0.23347491  0.17926913  0.05032349 -0.3097789  -0.10280323
  0.3568709   0.03019029 -0.01091721  0.1862675  -0.11664042  0.08881098
 -0.24975444  0.04160145  0.05197929 -0.00971523 -0.03894861  0.0434476
 -0.12111566  0.03705776  0.03753643 -0.08046787]","[-0.26143068075180054, -0.2011428028345108, 0.07077626138925552, -0.5193632245063782, -0.09380438178777695, -0.16138094663619995, 0.40659090876579285, 0.013734785839915276, 0.04170567914843559, 0.5312588810920715, -0.22882868349552155, 0.21184779703617096, 0.05391055718064308, 0.003205647226423025, -0.02336895652115345, 0.0054617393761873245, 0.010885431431233883, -0.9477012753486633, -0.04011746868491173, -0.016077931970357895, -0.022455411031842232, 0.9012731313705444]"
1180,9.203125,"[ 9.56940353e-01  2.90284663e-01  2.00000003e-01  0.00000000e+00
  0.00000000e+00 -9.58080292e-02  2.63760369e-02 -3.16070579e-03
 -5.18045425e-02  9.42730159e-02 -4.23955619e-02  5.68971634e-02
 -7.68402033e-03  1.07901003e-02  4.50134277e-03 -1.52175844e-01
  1.85894128e-02 -1.16348267e-02  7.05718994e-03 -1.23407364e-01
 -1.23977661e-02 -3.22351456e-02  6.78644180e-02  4.59680557e-02
  7.15265274e-02  2.84194946e-02 -7.58752823e-02  2.74724960e-02
  1.07692722e-02 -1.97801599e-03  8.57143383e-03  8.49842734e-04
 -2.93460744e-03 -3.05494312e-02  9.89007950e-03  3.89011391e-02
 -9.45053156e-03  5.23383962e-03  5.57715772e-03 -6.59370446e-04
 -2.19821930e-04 -1.97801599e-03 -6.59370446e-04  6.59370446e-04
  2.19821930e-04 -1.53846748e-03 -5.93404798e-03 -6.59370446e-04
 -2.35164650e-02 -7.22519696e-01 -8.27385902e-01  6.96002722e-01
  2.03936398e-01 -9.01988626e-01 -3.62161785e-01  6.63652599e-01
  1.75688237e-01 -1.78029075e-01  5.87569356e-01 -3.18899751e-01
  5.07300019e-01 -1.65180826e+00  6.11786544e-02 -2.25339979e-02
 -9.98254493e-02 -2.32840568e-01  1.34849593e-01 -3.03560019e-01
 -4.72733974e-02  5.80053091e-01 -1.89570457e-01 -6.64688796e-02
 -1.33624107e-01 -7.44984224e-02  1.37477607e-01  1.64502859e-02
 -9.90368247e-01]","[ 0.08847502 -0.14162755  0.03421839 -0.09446196 -0.14674075 -0.1934465
 -0.12855193 -0.09865796  0.06651524 -0.16448589 -0.06542816  0.4222073
  0.1947712  -0.01914029 -0.11864714  0.01278269  0.03086877  0.04344545
  0.02094301 -0.14247945 -0.04402543 -0.0584662 ]","[-0.2900896668434143, -0.22915959358215332, 0.09206798672676086, -0.5066641569137573, -0.06605090200901031, -0.15664879977703094, 0.3680254817008972, 0.00999896414577961, 0.02848503738641739, 0.5275263786315918, -0.23753176629543304, 0.24018196761608124, -0.013571526855230331, 0.002783372765406966, -0.019620710983872414, 0.002040113089606166, 0.0007415252039209008, -0.9595979452133179, -0.030804375186562538, -0.038369834423065186, 0.006016355007886887, 0.9379509687423706]"
1190,9.28125,"[ 9.80785251e-01 -1.95090324e-01  2.00000003e-01  0.00000000e+00
  0.00000000e+00 -7.97853470e-02  3.17166150e-02  5.61309792e-03
 -4.41751480e-02  9.20416266e-02 -4.80228364e-02  9.04664993e-02
 -6.92108087e-03  3.06274798e-02  3.80716324e-02 -1.48414910e-01
  4.51559499e-02 -1.12533569e-02  7.05718994e-03 -1.23407364e-01
 -1.23977661e-02 -3.22351456e-02  6.74829483e-02  4.59680557e-02
  7.03821182e-02  2.76565552e-02 -9.03711319e-02  5.05495071e-03
  3.29666142e-03  1.09891896e-03  5.49449911e-03 -7.10477820e-04
 -2.22345488e-03  3.27472687e-02  2.85711302e-03  8.13188590e-03
  1.99999809e-02  1.39777604e-02  4.08492051e-02 -2.19821930e-04
 -6.59370446e-04 -6.59370446e-04  2.19821930e-04 -6.59370446e-04
 -1.09891896e-03 -1.97801599e-03 -1.09891896e-03 -6.59370446e-04
 -8.57143383e-03  3.99743974e-01 -6.21746540e-01  8.27052593e-02
 -2.44917676e-01 -6.08498633e-01 -5.55751562e-01  3.26019861e-02
 -3.03402543e-01  1.89586490e-01 -3.75558138e-01 -2.01876834e-01
  1.35307479e+00  1.79152274e+00 -5.88116348e-02 -3.35494280e-01
  8.63041729e-02  1.71260208e-01  1.88537724e-02  1.53381169e-01
 -2.36855507e-01 -4.10431087e-01 -1.37629688e-01 -1.73047297e-02
 -2.00120490e-02 -1.01777777e-01  1.37137085e-01  1.86443459e-02
 -9.90376592e-01]","[-0.10241492 -0.23816976  0.08656844  0.11862524 -0.2754992   0.00722279
  0.4438409   0.02847066 -0.00497888  0.27555856 -0.15999465 -0.05508228
 -0.03867114  0.027133    0.11115419 -0.00961187  0.00617854  0.02485358
 -0.1293924   0.10770319 -0.05580544 -0.02705728]","[-0.2604743540287018, -0.22592118382453918, 0.06209104135632515, -0.4930917024612427, -0.061769433319568634, -0.10362306237220764, 0.4031310975551605, 0.013040182180702686, 0.024130145087838173, 0.5576603412628174, -0.2503785789012909, 0.19309665262699127, 0.07680442929267883, 0.0012241399381309748, -0.00736165652051568, 0.0020142144057899714, 0.013933817856013775, -0.976250946521759, -0.02312702313065529, -0.01381625048816204, -0.02577541023492813, 0.965855062007904]"
1200,9.359375,"[ 7.73010433e-01 -6.34393275e-01  2.00000003e-01  0.00000000e+00
  0.00000000e+00 -8.01668167e-02  3.28610241e-02  2.43051145e-02
 -4.30307388e-02  9.31671113e-02 -5.03749400e-02  1.01530075e-01
 -8.06549005e-03  2.64313128e-02  4.15048599e-02 -1.45216614e-01
  7.54419416e-02 -1.62124634e-02  7.05718994e-03 -1.24551773e-01
 -1.35421753e-02 -3.22351456e-02  6.74829483e-02  4.55865860e-02
  7.07635880e-02  2.80380249e-02 -9.18970108e-02 -1.97801599e-03
 -3.73630528e-03  1.73625946e-02 -2.41756439e-03 -2.06389886e-04
  9.81047167e-04 -7.69233704e-03 -3.29666142e-03 -7.69233704e-03
 -2.19821930e-04 -1.31076842e-03  2.39794403e-02 -1.12088202e-02
  2.19821930e-04 -3.29666142e-03  1.53846748e-03 -2.19821930e-04
 -1.09891896e-03  6.59370446e-04 -6.59370446e-04  2.19821930e-04
  2.19821930e-04 -3.79960477e-01 -8.50973845e-01  4.07813579e-01
  4.54467535e-01 -1.26616514e+00  1.78220540e-01  1.41472387e+00
  7.34447911e-02 -3.99544388e-02  8.89625609e-01 -4.95330751e-01
 -1.06861383e-01 -9.59152281e-01  1.26222566e-01  1.02497481e-01
 -7.11767748e-02 -7.18879923e-02  9.25449878e-02 -5.97966731e-01
  2.47717917e-01  2.20189497e-01 -7.40479380e-02 -4.75549325e-02
 -5.97326690e-03  2.89083403e-02  1.35030136e-01  2.70207375e-02
 -9.90473032e-01]","[ 0.02519788 -0.1384502   0.03773092 -0.10824383 -0.15127142 -0.16458942
 -0.1662555  -0.07464334  0.04895226 -0.09728627 -0.06528007  0.21523249
 -0.0565697  -0.03409617 -0.09044717  0.01872049 -0.0166297   0.04985524
  0.03563946 -0.1717909   0.06408438 -0.02133797]","[-0.2664702534675598, -0.22516906261444092, 0.05480588600039482, -0.49208107590675354, -0.07613151520490646, -0.06310044974088669, 0.3902226388454437, 0.01216404139995575, 0.021412402391433716, 0.5757172107696533, -0.24046014249324799, 0.10279355198144913, -0.006996439304202795, -0.0031335160601884127, -0.009523778222501278, 0.00527378311380744, -0.003204923588782549, -0.9749987721443176, -0.02762460894882679, -0.022606898099184036, 0.002490955637767911, 0.9874265193939209]"
1210,9.4375,"[ 3.82683426e-01 -9.23879504e-01  2.00000003e-01  0.00000000e+00
  0.00000000e+00 -7.10115433e-02  2.94277947e-02  1.89645384e-02
 -3.34939957e-02  9.19413120e-02 -4.82006073e-02  1.12592697e-01
 -9.97283868e-03  1.07901003e-02  5.86709976e-02 -1.41376525e-01
  9.72468406e-02 -1.62124634e-02  7.05718994e-03 -1.21881485e-01
 -1.39236450e-02 -3.22351456e-02  6.59570694e-02  4.59680557e-02
  7.03821182e-02  2.68936157e-02 -8.96081924e-02  9.89007950e-03
  2.19821930e-04 -5.05495071e-03  1.29670147e-02 -1.62819983e-03
  3.09336232e-03  1.12088202e-02  2.19821930e-04 -1.03296284e-02
  1.42857553e-02  5.07259322e-03  1.71586554e-02  4.17585392e-03
 -2.19821930e-04 -2.19821930e-04  2.19821930e-04 -2.19821930e-04
 -1.09891896e-03  6.59370446e-04  2.19821930e-04 -6.59370446e-04
  1.09891896e-03 -7.81533197e-02 -2.69483149e-01  8.66487622e-04
 -3.71478468e-01 -9.79283005e-02 -4.35641885e-01 -4.26432401e-01
 -2.71712482e-01  1.83446512e-01 -3.28348279e-01  4.69359756e-03
  4.82324004e-01  9.38476741e-01 -1.17605090e-01 -2.91901916e-01
  7.40024596e-02  1.12582296e-01  1.27559647e-01  1.50006622e-01
 -4.39654529e-01 -2.10593715e-02 -1.03435189e-01  9.24664959e-02
 -4.50761095e-02  5.66268563e-02  1.33554876e-01  2.47252397e-02
 -9.90733027e-01]","[ 0.00549795 -0.11668223 -0.04378597  0.17326637 -0.19458951  0.18201706
  0.32213914  0.00521065 -0.0170704   0.20376399 -0.04046458 -0.20817025
  0.14467096  0.01101198  0.07854947 -0.02897251  0.00699006  0.02712781
 -0.07545733  0.15674219 -0.12438226  0.0089988 ]","[-0.2556534707546234, -0.16327741742134094, 0.006983916275203228, -0.4807966649532318, -0.018889952450990677, -0.014712877571582794, 0.3534401059150696, 0.005300032440572977, 0.022613191977143288, 0.5565189719200134, -0.1966206282377243, 0.01971707120537758, 0.0691094622015953, -0.007245760411024094, -0.01325881015509367, -0.0013622844126075506, 0.007664457894861698, -0.9737792015075684, -0.013574649579823017, -0.00970670860260725, -0.023480288684368134, 0.9945281744003296]"
1220,9.515625,"[-9.80171412e-02 -9.95184720e-01  2.00000003e-01  0.00000000e+00
  0.00000000e+00 -6.37636185e-02  2.82833856e-02  1.51498411e-02
 -2.77709961e-02  9.03562456e-02 -4.39661667e-02  1.18696213e-01
 -9.97283868e-03  9.26422141e-03  7.58371353e-02 -1.40400052e-01
  8.53892416e-02 -1.46865845e-02  7.05718994e-03 -1.22262955e-01
 -1.39236450e-02 -3.22351456e-02  6.59570694e-02  4.59680557e-02
  7.07635880e-02  2.72750854e-02 -8.57934952e-02  5.05495071e-03
 -4.61540231e-03  6.59370446e-04  3.29666142e-03  2.79960781e-03
  6.70565665e-03 -2.19821930e-04 -2.41756439e-03  2.19821930e-04
  1.03296284e-02 -2.26623076e-03 -2.55553313e-02 -2.19821930e-04
 -2.19821930e-04  2.19821930e-04 -1.09891896e-03 -2.19821930e-04
  2.19821930e-04 -2.19821930e-04 -2.19821930e-04  6.59370446e-04
  6.37359638e-03 -2.26721108e-01  7.46723115e-02 -3.38499427e-01
  1.01431680e+00 -6.40503168e-01  1.17480695e+00  5.47216952e-01
  2.64605135e-03 -6.66497499e-02  6.10126615e-01  2.39408091e-01
 -6.76084697e-01 -1.03292811e+00  1.58400163e-01  3.96672040e-02
 -1.81201264e-01 -3.31376791e-02  1.66607887e-01 -8.55506718e-01
  3.53630066e-01 -5.48565462e-02 -7.27229044e-02  1.29606754e-01
 -1.04850553e-01  3.57919559e-02  1.30638182e-01  2.17841975e-02
 -9.91190791e-01]","[-0.2885946  -0.01993096  0.0372206  -0.13780613  0.13909969 -0.1645191
 -0.11230014  0.09498458 -0.00423618 -0.02382264  0.08669135 -0.11674935
 -0.11917782 -0.05649287 -0.0153916   0.06370489  0.00404365  0.03145441
  0.01297346 -0.18375385  0.09636115 -0.0140693 ]","[-0.3469589352607727, -0.07575951516628265, -0.016303448006510735, -0.46595335006713867, 0.09373649954795837, 0.05513276159763336, 0.3126294016838074, 0.057009290903806686, -0.008093555457890034, 0.5659488439559937, -0.10635186731815338, -0.10330028086900711, -0.024420946836471558, -0.013324468396604061, -0.003282431047409773, 0.0016172307077795267, 0.0021334837656468153, -0.971535861492157, -0.042756661772727966, -0.01850283145904541, 0.005219780839979649, 0.9927304983139038]"
1230,9.59375,"[-5.55570245e-01 -8.31469595e-01  2.00000003e-01  0.00000000e+00
  0.00000000e+00 -4.46901321e-02  2.37057488e-02 -6.97540306e-03
 -1.67083740e-02  9.32674706e-02 -3.81356329e-02  1.04581833e-01
 -1.45504754e-02  9.26422141e-03  7.08780289e-02 -1.41191304e-01
  3.89710143e-02 -1.43051147e-02  7.05718994e-03 -1.22262955e-01
 -1.39236450e-02 -3.22351456e-02  6.59570694e-02  4.59680557e-02
  7.07635880e-02  2.72750854e-02 -7.47308731e-02  1.95604321e-02
 -2.85711302e-03 -1.60439499e-02  1.38461115e-02  2.67335214e-04
  2.99116503e-03 -1.07692722e-02 -2.85711302e-03 -2.19821930e-04
 -4.61540231e-03 -6.93859905e-03 -5.13614081e-02  1.09891896e-03
 -2.19821930e-04 -6.59370446e-04  2.19821930e-04 -2.19821930e-04
 -2.19821930e-04 -6.59370446e-04  2.19821930e-04 -6.59370446e-04
  9.01098270e-03 -1.34080791e+00 -1.12587735e-01  1.75837263e-01
 -5.27417660e-01  8.70480895e-01 -1.88850731e-01 -1.43354014e-02
  7.01963842e-01 -4.36860740e-01  2.26171777e-01  6.06551528e-01
 -4.65576291e-01  1.22786343e+00 -3.12879980e-01  4.01469618e-02
 -1.28093153e-01  4.87039611e-03 -3.65000963e-03  4.31248724e-01
 -2.31453955e-01  2.87766308e-02  1.87918395e-02  2.25361824e-01
  3.85940820e-02 -8.55664089e-02  1.25752598e-01  1.29693411e-02
 -9.91976976e-01]","[ 0.07024084  0.10420123 -0.15566249  0.3302611  -0.06608141  0.42115465
 -0.00479467  0.04830517 -0.10072087  0.09128161  0.22973818 -0.16763544
 -0.11271264  0.03889276  0.02686911 -0.06342791 -0.02534936  0.01450412
 -0.14693166  0.15279666 -0.08743027  0.0209171 ]","[-0.3787323832511902, -0.010348422452807426, -0.043898455798625946, -0.4607047140598297, 0.20703181624412537, 0.11417508125305176, 0.2399671971797943, 0.14273491501808167, -0.07113465666770935, 0.5442624092102051, 0.01850830391049385, -0.12699353694915771, -0.0005505949375219643, -0.014702433720231056, 0.005988026969134808, -0.01702173240482807, -0.0005757046747021377, -0.9858330488204956, -0.02061682567000389, -0.006528613157570362, -0.00013965442485641688, 1.0075299739837646]"
1240,9.671875,"[-8.81921291e-01 -4.71396744e-01  2.00000003e-01  0.00000000e+00
  0.00000000e+00 -5.68971634e-02  2.56130975e-02 -1.00271609e-02
 -1.67083740e-02  1.01121008e-01 -2.39086132e-02  9.61894989e-02
 -1.07357781e-02 -9.04632546e-03  6.63003922e-02 -1.51722312e-01
 -1.13723101e-02 -1.01089478e-02  7.05718994e-03 -1.21881485e-01
 -1.35421753e-02 -3.22351456e-02  6.55755997e-02  4.52051163e-02
  7.22894669e-02  2.72750854e-02 -6.29053116e-02 -1.69230457e-02
 -1.53846748e-03 -1.09891896e-03 -4.17585392e-03  2.39844131e-03
  4.81790723e-03  7.69233704e-03 -8.57143383e-03 -1.42857553e-02
 -1.20879179e-02 -2.61680372e-02 -3.54582183e-02  2.19821930e-04
 -2.19821930e-04 -1.53846748e-03  1.53846748e-03  2.19821930e-04
 -2.19821930e-04 -3.73630528e-03  3.29666142e-03  2.19821930e-04
  5.93404798e-03 -4.08895791e-01  1.60701782e-01 -1.15190342e-01
  2.40524217e-01 -1.10482633e-01  7.90934145e-01 -9.50830951e-02
  6.89577401e-01 -1.69971377e-01  4.82314676e-02  1.05829811e+00
 -3.73658776e-01 -1.55896008e+00  2.92659849e-01 -8.71816874e-02
  1.09570935e-01  1.04739681e-01  6.70526251e-02 -8.26912403e-01
 -3.23347092e-01  2.65936315e-01 -4.62536812e-02  1.38928428e-01
  2.27154538e-01 -9.06481445e-02  1.36154592e-01  5.17100282e-03
 -9.90674257e-01]","[-0.45233276 -0.04440939  0.03753618 -0.15098424  0.273487   -0.09066235
 -0.06369819  0.22419076 -0.11021049  0.07278515  0.19079852 -0.1723867
  0.18814285 -0.07823936  0.02885172 -0.01033369 -0.009517   -0.00447191
  0.0740943  -0.08604197  0.0376233  -0.00892621]","[-0.4336421489715576, -0.016859954223036766, -0.037074826657772064, -0.4851445257663727, 0.23706643283367157, 0.11469259858131409, 0.23261281847953796, 0.20010851323604584, -0.08727458864450455, 0.5562838315963745, 0.06873933970928192, -0.15230083465576172, -0.02569965459406376, -0.010848678648471832, 0.01519713457673788, -0.02139628678560257, -0.003961070440709591, -0.9971039891242981, -0.03569357097148895, -0.009360143914818764, 0.0038387873210012913, 1.0065975189208984]"
1250,9.75,"[-1.00000000e+00 -4.16441800e-15  2.00000003e-01  0.00000000e+00
  0.00000000e+00 -6.87227249e-02  2.25613397e-02 -2.03268435e-02
 -1.32751465e-02  1.06038719e-01 -1.73391122e-03  9.04664993e-02
 -2.06539910e-02 -2.04904173e-02  4.91342545e-02 -1.52240217e-01
 -2.17857081e-02 -1.01089478e-02  7.05718994e-03 -1.23407364e-01
 -1.04904175e-02 -3.22351456e-02  6.55755997e-02  4.67309952e-02
  7.26709366e-02  2.72750854e-02 -5.52759171e-02 -5.49449911e-03
 -1.47253042e-02 -1.16483690e-02  4.61540231e-03 -3.74588068e-03
  3.49479876e-02 -1.42857553e-02 -2.04395298e-02 -2.19821930e-04
 -1.03296284e-02  1.17575526e-02 -1.61718894e-02  1.09891896e-03
 -2.19821930e-04 -2.41756439e-03 -6.59370446e-04 -2.19821930e-04
 -2.19821930e-04 -6.59370446e-04 -1.09891896e-03 -6.59370446e-04
  9.01098270e-03 -1.14163302e-01 -1.07050873e-02 -9.54143405e-02
 -1.52265981e-01  2.39043772e-01  7.28113830e-01  3.80292952e-01
  7.83258617e-01 -7.55871892e-01  3.54875028e-01  7.89818525e-01
 -6.62155807e-01  1.76744938e+00 -3.07462990e-01  2.74821036e-02
 -4.39357489e-01  5.28911538e-02 -2.12152824e-02  6.79485738e-01
  5.78540504e-01 -4.17789400e-01  1.13152266e-01 -1.14044912e-01
  1.34060696e-01  1.66367572e-02  1.41736329e-01  7.16188084e-03
 -9.89878654e-01]","[-6.7048132e-02  7.8019880e-02 -4.4362258e-02  1.4400519e-01
 -6.4947069e-02  2.4903205e-01 -7.5163972e-03  1.3573126e-01
 -5.0013509e-02  2.2280905e-02  2.7064788e-01 -6.9263786e-02
 -3.9385781e-01  9.1033503e-02 -3.2811388e-02  1.2859695e-02
  7.4633397e-05  3.7198909e-02 -2.5754142e-01 -4.4258632e-02
  3.4411296e-02 -4.2739738e-02]","[-0.42264577746391296, -0.016610532999038696, -0.03203568235039711, -0.4940429925918579, 0.2255554348230362, 0.11139019578695297, 0.25038203597068787, 0.21872445940971375, -0.09276102483272552, 0.5518700480461121, 0.07378443330526352, -0.13257047533988953, -0.009216494858264923, -0.011835843324661255, 0.002713451161980629, -0.030245022848248482, -0.003598768962547183, -0.9904263615608215, -0.04051022231578827, -0.0008096083765849471, -0.005842938087880611, 0.9918688535690308]"
1260,9.828125,"[-8.81921291e-01  4.71396744e-01  2.00000003e-01  0.00000000e+00
  0.00000000e+00 -9.88597870e-02  9.20989923e-03 -1.68936159e-02
 -2.70080566e-02  1.07030004e-01  2.11311318e-02  8.62703323e-02
 -3.09536736e-02 -2.31607053e-02  3.99789810e-02 -1.46270096e-01
 -2.92734597e-02 -2.19345093e-02  7.05718994e-03 -1.23407364e-01
 -1.08718872e-02 -3.22351456e-02  6.51941299e-02  4.67309952e-02
  7.34338760e-02  2.72750854e-02 -4.84094620e-02 -3.27472687e-02
 -3.29666142e-03  8.13188590e-03 -1.82417873e-02 -2.50023510e-03
  1.94706209e-02 -2.41756439e-03 -8.57143383e-03 -4.17585392e-03
 -5.93404798e-03  1.11754787e-04 -3.80555255e-04 -1.86813362e-02
 -6.59370446e-04  1.97801599e-03 -2.19821930e-04  1.09891896e-03
 -6.59370446e-04  6.59370446e-04 -1.09891896e-03 -6.59370446e-04
  2.85711302e-03 -1.53955913e+00 -9.65059251e-02  9.35636312e-02
 -7.15270877e-01  6.54705226e-01 -4.21958417e-01 -2.45464891e-01
  9.94973481e-01 -1.26022324e-01 -9.22428444e-02  7.31939018e-01
 -3.80079031e-01 -1.27148604e+00 -1.36420466e-02 -6.76959008e-02
  2.79300392e-01 -2.07458697e-02  1.32904887e-01 -5.46500206e-01
 -8.94328356e-01  4.95657563e-01 -3.41121346e-01 -5.49230315e-02
  8.18733647e-02  1.25046954e-01  1.47770613e-01  9.61721130e-03
 -9.88974810e-01]","[-0.10377778 -0.00723884 -0.00784201 -0.08777388  0.12107135  0.08912882
  0.07663715  0.18549024 -0.17199187  0.06343709  0.16032758 -0.0728752
  0.43313792 -0.07157476 -0.02324294 -0.10145876  0.02031458  0.02278915
  0.14478739  0.11444946 -0.09168105 -0.03210109]","[-0.4296201169490814, -0.011278402991592884, -0.03068493865430355, -0.5221021175384521, 0.23511318862438202, 0.06639862805604935, 0.2542518377304077, 0.21560871601104736, -0.0882701724767685, 0.5377097129821777, 0.0545172356069088, -0.09085103124380112, -0.017567481845617294, -0.011752899736166, -0.013293268159031868, -0.025515304878354073, 0.0011013842886313796, -0.9707584977149963, -0.049790460616350174, -0.01378797460347414, 0.001298949122428894, 0.9554959535598755]"
1270,9.90625,"[-5.55570245e-01  8.31469595e-01  2.00000003e-01  0.00000000e+00
  0.00000000e+00 -1.12592697e-01  9.59136896e-03 -9.26422141e-03
 -3.50198746e-02  1.03306592e-01  3.17649059e-02  8.62703323e-02
 -3.20980847e-02 -3.34603861e-02  3.88345718e-02 -1.46550864e-01
 -2.94295400e-02 -2.76565552e-02  7.05718994e-03 -1.23788834e-01
 -1.08718872e-02 -3.22351456e-02  6.51941299e-02  4.71124649e-02
  7.38153458e-02  2.72750854e-02 -4.53577042e-02 -6.81314478e-03
  6.59370446e-04  6.59370446e-04  2.19821930e-04 -1.92137866e-03
  3.97419045e-03 -6.59370446e-04  1.97801599e-03 -1.20879179e-02
 -1.09891896e-03 -2.21827169e-04  5.72157966e-04 -1.97801599e-03
  2.19821930e-04  1.09891896e-03 -2.19821930e-04 -2.19821930e-04
  2.19821930e-04  2.19821930e-04 -2.19821930e-04 -2.19821930e-04
  4.61540231e-03  2.83511192e-01  1.65499941e-01 -2.54263937e-01
  1.88658580e-01 -1.03475615e-01  7.12389231e-01  4.92060930e-01
  5.41776299e-01 -5.61878800e-01  3.51236850e-01  7.90313900e-01
 -2.60923326e-01  4.89190400e-01  1.99325960e-02 -7.36331940e-03
 -3.93963635e-01  7.80142546e-02  2.56155670e-01 -9.44286883e-02
  6.05031013e-01 -5.08105040e-01 -3.39886367e-01 -4.01608981e-02
  6.77084103e-02  1.96416512e-01  1.51165932e-01  6.30803779e-03
 -9.88488317e-01]","[-0.26863635  0.00716811  0.01045141 -0.11904892  0.0757964  -0.06423049
 -0.06273422  0.15609004 -0.01832738 -0.03043677  0.1586035   0.0073734
 -0.3160191   0.0056934  -0.05926991  0.06639748 -0.00763228  0.07457535
 -0.11763839 -0.18683788  0.12716933 -0.13662437]","[-0.4051952362060547, -0.0030950617510825396, -0.03545297682285309, -0.5247170329093933, 0.2181231677532196, 0.034733422100543976, 0.25847187638282776, 0.17385488748550415, -0.07403139770030975, 0.5331254601478577, 0.02364027127623558, -0.029304085299372673, -0.023750154301524162, -0.01136449258774519, -0.028663495555520058, -0.020519336685538292, 0.003390503814443946, -0.942436158657074, -0.050610609352588654, -0.015889376401901245, 0.00017202497110702097, 0.9097915887832642]"
1280,9.984375,"[-9.80171412e-02  9.95184720e-01  2.00000003e-01  0.00000000e+00
  0.00000000e+00 -1.25181198e-01  1.03543084e-02 -1.00271609e-02
 -4.49380875e-02  1.03014708e-01  3.19407582e-02  8.58888626e-02
 -3.09536736e-02 -3.65121439e-02  3.54013443e-02 -1.48460716e-01
 -2.57818382e-02 -2.80380249e-02  7.05718994e-03 -1.23407364e-01
 -1.08718872e-02 -3.22351456e-02  6.55755997e-02  4.71124649e-02
  7.38153458e-02  2.72750854e-02 -4.53577042e-02 -1.07692722e-02
  2.19821930e-04  1.09891896e-03 -1.03296284e-02  9.10655421e-04
 -2.97297910e-03 -2.19821930e-04  2.41756439e-03 -2.19821930e-04
 -1.09891896e-03 -8.81796819e-04  2.09229230e-03 -6.59370446e-04
  2.19821930e-04 -2.19821930e-04 -2.19821930e-04 -6.59370446e-04
 -2.19821930e-04 -1.09891896e-03 -1.09891896e-03  2.19821930e-04
 -2.19821930e-04 -7.19504178e-01  1.00626335e-01 -3.78399789e-02
 -3.47206235e-01  2.80602992e-01 -6.84235215e-01 -7.06010938e-01
  7.12150410e-02  3.49565297e-02 -3.82508755e-01  2.12539807e-01
  5.13409019e-01 -1.78285301e-01 -1.84328243e-01 -3.71182114e-01
 -7.84303434e-03 -2.22699866e-02  4.06516731e-01 -1.12969987e-02
 -5.47918022e-01  2.97952294e-01 -5.94474077e-01 -8.66796300e-02
 -3.79151665e-02  1.68968186e-01  1.53039649e-01  6.86364621e-03
 -9.88196254e-01]","[ 0.04311057 -0.03311164 -0.04010892 -0.00369803 -0.07159457  0.02677748
  0.2014996   0.08549343 -0.05801463  0.07438906  0.09380753  0.01786559
  0.2608978  -0.00304602 -0.00063065 -0.02460661  0.04630939  0.0742214
 -0.02447563  0.10387809 -0.1348685  -0.13378747]","[-0.3671342134475708, -0.024701662361621857, -0.027997536584734917, -0.5373947620391846, 0.1614619344472885, -0.033414117991924286, 0.27191489934921265, 0.11383825540542603, -0.02911258302628994, 0.5148019194602966, -0.03481888025999069, 0.04613204300403595, -0.0034032196272164583, -0.00863425899296999, -0.04228254407644272, -0.002216183114796877, 0.011524973437190056, -0.9208211302757263, -0.05558699741959572, -0.034042906016111374, -0.002225008327513933, 0.8667430281639099]"
1290,10.0625,"[ 3.82683426e-01  9.23879504e-01  2.00000003e-01  0.00000000e+00
  0.00000000e+00 -1.24418259e-01  1.34060662e-02 -1.04086306e-02
 -5.18045425e-02  1.04909569e-01  1.49938092e-02  8.01668167e-02
 -2.86648553e-02 -3.61306742e-02  3.19681168e-02 -1.49629593e-01
 -1.92250349e-02 -2.42233276e-02  7.05718994e-03 -1.23407364e-01
 -1.08718872e-02 -3.22351456e-02  6.59570694e-02  4.71124649e-02
  7.34338760e-02  2.72750854e-02 -4.84094620e-02  3.29666142e-03
  6.37359638e-03  1.09891896e-03 -7.69233704e-03  2.91326037e-03
 -1.87070556e-02 -6.37359638e-03  4.17585392e-03  2.19821930e-04
 -2.19821930e-04  1.78414385e-03  1.05043519e-02  5.49449911e-03
 -2.19821930e-04 -6.59370446e-04  2.19821930e-04 -1.97801599e-03
  2.19821930e-04 -6.59370446e-04 -2.19821930e-04 -2.19821930e-04
 -5.49449911e-03 -2.24198952e-01 -6.16183162e-01  2.75902838e-01
  9.79894847e-02 -9.65824723e-01 -4.36214447e-01  1.53390920e+00
  1.04686581e-01  7.72643536e-02  7.49252200e-01 -3.55231583e-01
 -2.24781185e-02  9.08114202e-03  9.92795527e-02  2.71516263e-01
 -3.30900624e-02  8.34706128e-02  2.67000437e-01 -4.09582585e-01
  2.63091803e-01 -1.68012768e-01 -5.08877873e-01 -9.84002128e-02
 -1.37736931e-01  1.51070291e-02  1.49020523e-01  8.43090564e-03
 -9.88798261e-01]","[-0.03617622 -0.0814792   0.08727349 -0.06619885 -0.18888289 -0.18116373
 -0.12718648 -0.04794119  0.02271759 -0.10831878 -0.0564425   0.30651838
 -0.26631603 -0.01535897 -0.10405687  0.01032433 -0.04072294  0.09849554
 -0.01905856 -0.10626947  0.12472282 -0.11562464]","[-0.2800081670284271, -0.09433773905038834, 0.02291904203593731, -0.5245335698127747, -0.0013529747957363725, -0.11657870560884476, 0.3313673734664917, 0.03538120537996292, 0.01570788584649563, 0.5080955028533936, -0.16014428436756134, 0.15909962356090546, -0.021291982382535934, 0.00042943685548380017, -0.04172535613179207, -0.003759262850508094, 0.007240536157041788, -0.9185926914215088, -0.047067008912563324, -0.022090446203947067, 0.004148048814386129, 0.8669911623001099]"
1300,10.140625,"[ 7.73010433e-01  6.34393275e-01  2.00000003e-01  0.00000000e+00
  0.00000000e+00 -1.14881516e-01  1.11172479e-02 -1.04086306e-02
 -5.90524673e-02  1.01268500e-01 -1.89363845e-02  6.71968460e-02
 -2.40872186e-02 -3.19345072e-02  2.35748291e-02 -1.52946144e-01
 -7.29599688e-03 -2.15530396e-02  7.05718994e-03 -1.23407364e-01
 -1.12533569e-02 -3.22351456e-02  6.74829483e-02  4.71124649e-02
  7.34338760e-02  2.76565552e-02 -6.29053116e-02  8.13188590e-03
  4.17585392e-03 -2.41756439e-03 -8.57143383e-03  1.77150054e-04
 -2.86160354e-02 -1.38461115e-02  1.29670147e-02  3.29666142e-03
 -5.49449911e-03  3.19933024e-04  5.99724753e-03  2.19821930e-04
 -2.19821930e-04 -2.19821930e-04 -1.09891896e-03 -2.19821930e-04
  1.09891896e-03 -6.59370446e-04 -2.19821930e-04 -1.09891896e-03
 -1.60439499e-02  1.75556302e-01 -4.75116849e-01  1.93765000e-01
 -3.33928823e-01 -7.12340057e-01 -9.20993567e-01 -7.56486773e-01
 -2.86299855e-01  1.95171133e-01 -6.42946422e-01 -2.86988109e-01
  1.58142948e+00 -3.18010032e-01 -1.12802848e-01 -4.28730607e-01
  7.78182521e-02 -5.82270846e-02  3.31949472e-01  3.31047513e-02
 -6.19800806e-01  2.53676653e-01 -3.77844632e-01 -7.89124072e-02
 -1.94039091e-01 -2.41223536e-02  1.40670598e-01  1.29926484e-02
 -9.89971280e-01]","[ 0.04584773 -0.24863416  0.06167696  0.01278043 -0.27630162 -0.15855327
  0.35809204 -0.01322503  0.05019099  0.09424573 -0.09866889  0.13563693
  0.45315006  0.00287025  0.04038201  0.01830447  0.0747536   0.01490534
  0.01213817  0.06493625 -0.15255025 -0.06006534]","[-0.2481391429901123, -0.18543633818626404, 0.060105860233306885, -0.5270708799362183, -0.08307254314422607, -0.18566982448101044, 0.36039528250694275, 0.0032484058756381273, 0.044191863387823105, 0.49752482771873474, -0.22858309745788574, 0.24075238406658173, 0.07072469592094421, -0.00427930848672986, -0.03245149925351143, 0.010008792392909527, 0.01290484145283699, -0.9448361992835999, -0.01992068812251091, -0.03269152715802193, -0.014283319003880024, 0.9083310961723328]"
1310,10.21875,"[ 9.80785251e-01  1.95090324e-01  2.00000003e-01  0.00000000e+00
  0.00000000e+00 -8.43629837e-02  2.10354608e-02 -2.01629661e-03
 -5.14230728e-02  9.81239229e-02 -3.12212985e-02  6.52894974e-02
 -1.03543084e-02  1.25335716e-03  2.39562988e-02 -1.57438219e-01
  1.55378394e-02 -2.15530396e-02  7.05718994e-03 -1.23407364e-01
 -1.23977661e-02 -3.22351456e-02  6.82458878e-02  4.71124649e-02
  7.19079971e-02  2.80380249e-02 -8.38861465e-02  2.52747536e-02
  1.78022385e-02 -1.97801599e-03  1.34065626e-02  8.11520324e-04
 -6.49642292e-03 -4.61540231e-03  2.35164650e-02  2.92307865e-02
  4.61540231e-03  7.79510383e-03  1.91984437e-02 -6.59370446e-04
  2.19821930e-04 -1.09891896e-03 -6.59370446e-04  2.19821930e-04
 -1.09891896e-03 -2.19821930e-04 -3.73630528e-03 -6.59370446e-04
 -1.73625946e-02 -1.44184515e-01 -1.13671136e+00  3.09999019e-01
  2.52951503e-01 -1.08082283e+00 -4.61955786e-01  1.92568386e+00
  1.18612535e-01  6.66814297e-02  9.12460744e-01 -6.60173237e-01
 -3.04230750e-02  1.01061857e+00  3.58626097e-02  4.88354772e-01
  3.35681662e-02  2.26285666e-01  6.20612949e-02 -1.50456578e-01
  4.44897383e-01 -4.55571234e-01 -1.65823355e-01  3.35394684e-03
 -1.38526797e-01 -3.06792222e-02  1.31555513e-01  1.16105620e-02
 -9.91240740e-01]","[-1.2975702e-01 -1.7767024e-01  1.6803613e-01  5.8098957e-03
 -2.0924120e-01 -1.0178208e-01 -9.4776042e-03  6.2962268e-03
 -4.1871224e-02  4.0366668e-02 -5.8483403e-02  2.3206379e-01
 -4.2613095e-01  1.8670876e-04 -5.7596676e-02 -1.7260052e-02
 -5.6830317e-02  3.3776108e-02 -4.7345827e-03 -8.3714172e-02
  1.6907229e-01 -2.5595136e-02]","[-0.29210901260375977, -0.23470580577850342, 0.09126649796962738, -0.491519570350647, -0.08211308717727661, -0.15284943580627441, 0.4243515431880951, 0.020544687286019325, 0.021802570670843124, 0.5645738840103149, -0.24628949165344238, 0.19943523406982422, 0.010775613598525524, 0.00447334349155426, -0.0008915927028283477, -0.00045402199611999094, 0.008643479086458683, -0.9693230986595154, -0.018895994871854782, -0.011716295965015888, 0.000866375514306128, 0.9488219022750854]"
1320,10.296875,"[ 9.56940353e-01 -2.90284663e-01  2.00000003e-01  0.00000000e+00
  0.00000000e+00 -6.75783157e-02  2.67575067e-02  6.53991476e-04
 -4.22677994e-02  9.42784250e-02 -4.20509502e-02  6.56709671e-02
 -5.77667169e-03  3.36792395e-02  2.62451172e-02 -1.60333037e-01
  4.17415798e-02 -2.11715698e-02  7.05718994e-03 -1.23025894e-01
 -1.23977661e-02 -3.22351456e-02  6.74829483e-02  4.71124649e-02
  7.07635880e-02  2.80380249e-02 -9.41867828e-02  6.81314478e-03
 -1.53846748e-03  6.81314478e-03  7.25278864e-03 -9.30776179e-04
 -2.22732942e-03  2.19821930e-04  8.13188590e-03  1.86813362e-02
  1.53846748e-03  4.48529422e-03  3.27190235e-02 -6.59370446e-04
 -2.19821930e-04 -1.09891896e-03 -6.59370446e-04 -6.59370446e-04
  2.19821930e-04 -1.97801599e-03 -1.09891896e-03 -6.59370446e-04
 -2.41756439e-03 -4.32591140e-02 -6.78898633e-01  4.71053630e-01
 -2.64863580e-01 -8.56167912e-01 -5.45686960e-01 -4.98640060e-01
 -1.00301325e-01 -2.27876753e-02 -2.11721033e-01 -2.70547330e-01
  1.05094743e+00 -1.21401536e+00 -1.04637489e-01 -4.26788628e-01
 -2.12850962e-02 -1.85835883e-01  1.96852878e-01  1.66804895e-01
 -5.83489537e-01  6.96574628e-01 -5.91236800e-02 -5.27806953e-02
  2.20681697e-01 -1.00427479e-01  1.31545618e-01  1.59781538e-02
 -9.91181254e-01]","[ 0.12844045 -0.2251313   0.01651243 -0.04218015 -0.26719007 -0.09105903
  0.1661877  -0.04304489  0.03192145  0.02426296 -0.0544733   0.19428472
  0.55377704 -0.00855332 -0.02010435  0.04258774  0.05004817 -0.02302768
  0.05319403  0.02541199 -0.19924067  0.00157752]","[-0.24744421243667603, -0.22665923833847046, 0.07427487522363663, -0.514900803565979, -0.08264582604169846, -0.11001306027173996, 0.3489397168159485, 0.013369615189731121, 0.014564495533704758, 0.5379517078399658, -0.22801585495471954, 0.2119843065738678, 0.048248790204524994, -0.0048663378693163395, -0.0336514487862587, 0.006808776408433914, 8.07778924354352e-05, -0.9821470975875854, 0.00240376521833241, -0.032966721802949905, -0.0026403008960187435, 0.9794543981552124]"
1330,10.375,"[ 7.07106769e-01 -7.07106769e-01  2.00000003e-01  0.00000000e+00
  0.00000000e+00 -8.24556351e-02  2.98092645e-02  1.89645384e-02
 -3.84531021e-02  9.38839018e-02 -4.24144566e-02  1.14118576e-01
 -3.48785333e-03  1.23159792e-02  6.36301041e-02 -1.50647461e-01
  7.49535263e-02 -1.73568726e-02  7.05718994e-03 -1.23407364e-01
 -1.27792358e-02 -3.22351456e-02  6.63385391e-02  4.71124649e-02
  7.03821182e-02  2.80380249e-02 -9.07526016e-02 -1.73625946e-02
  1.09891896e-03  7.69233704e-03  2.85711302e-03 -2.47569778e-03
 -7.15439150e-04  3.89011391e-02 -4.61540231e-03 -3.45054641e-02
  2.08790787e-02  1.55846169e-02  3.47130299e-02  1.53846748e-03
 -2.19821930e-04 -1.09891896e-03 -2.19821930e-04 -6.59370446e-04
 -2.19821930e-04 -1.53846748e-03  2.19821930e-04  2.19821930e-04
  2.85711302e-03  3.66239011e-01 -1.03814077e+00  7.29196817e-02
  1.08215459e-01 -1.11187994e+00 -4.66813594e-02  1.43785715e+00
  6.08506054e-03  8.19581300e-02  5.76122701e-01 -3.12344342e-01
 -1.69287413e-01  1.92789590e+00 -6.60735369e-03  2.07867175e-01
 -1.67485513e-03  3.00445467e-01 -5.95887452e-02  1.93954274e-01
  4.23902035e-01 -8.06175590e-01  9.75167602e-02 -9.53246467e-03
  4.08685803e-02 -5.08329086e-02  1.43974051e-01  2.08626986e-02
 -9.89361405e-01]","[-0.10019962 -0.18800992  0.12493903  0.07229874 -0.28852248  0.02462349
  0.18918055  0.01574189 -0.01570579  0.13349126 -0.09455355  0.04091857
 -0.38692918  0.02049452 -0.02794366 -0.00757166 -0.04608405  0.02040187
 -0.10308387 -0.02221337  0.12131125 -0.0089532 ]","[-0.2287377566099167, -0.2462003380060196, 0.0585508868098259, -0.4926621615886688, -0.13415171205997467, -0.05736653506755829, 0.44144460558891296, 0.016967058181762695, 0.02548963390290737, 0.5857544541358948, -0.2421175241470337, 0.09675797075033188, 0.07174713909626007, 0.003558150725439191, -0.011592524126172066, 0.005897108931094408, 0.005781047977507114, -0.9902141690254211, -0.020305834710597992, 0.00403199577704072, -0.03104572556912899, 0.9953250288963318]"
1340,10.453125,"[ 2.90284663e-01 -9.56940353e-01  2.00000003e-01  0.00000000e+00
  0.00000000e+00 -7.13930130e-02  2.67575067e-02  1.82015989e-02
 -3.08227539e-02  8.83318931e-02 -4.25071642e-02  1.03437424e-01
 -8.44695978e-03  1.63482688e-03  5.29489517e-02 -1.44649863e-01
  9.21492651e-02 -2.34603882e-02  7.05718994e-03 -1.23788834e-01
 -1.23977661e-02 -3.22351456e-02  6.59570694e-02  4.71124649e-02
  7.07635880e-02  2.80380249e-02 -8.99896622e-02  2.26373672e-02
 -7.25278864e-03  1.09891896e-03  1.25274658e-02 -2.16158945e-03
  5.68131823e-03 -2.96703335e-02 -9.89007950e-03  1.53846748e-03
 -1.29670147e-02 -3.57877626e-03  2.05731345e-03 -2.19821930e-04
 -2.19821930e-04 -6.59370446e-04 -1.09891896e-03 -2.19821930e-04
 -1.53846748e-03 -6.59370446e-04 -6.59370446e-04 -6.59370446e-04
  1.09891896e-03 -3.34913313e-01 -3.73402268e-01  3.18234295e-01
 -1.41501293e-01 -7.05605030e-01 -1.51691750e-01 -1.75610542e-01
 -2.29429528e-02  5.31189404e-02  1.11551665e-01 -1.79564849e-01
 -3.26293856e-02 -1.98496556e+00 -7.19278157e-02 -3.75501007e-01
 -4.71914262e-02 -5.11654653e-02  1.59205943e-01 -1.44036129e-01
 -6.62774205e-01  7.58811235e-01 -3.78452912e-02  2.99863610e-02
 -1.41505331e-01  7.68112391e-02  1.33454517e-01  2.43412293e-02
 -9.90756154e-01]","[-0.02176605 -0.04838554 -0.00358972 -0.0598136   0.01502335 -0.01376044
  0.01623224 -0.00930715 -0.01902973 -0.03427995  0.06533803  0.05653293
  0.5175804  -0.02990618 -0.03526928  0.02367327  0.02257153  0.00912458
  0.07185649 -0.00541458 -0.10011315 -0.00756562]","[-0.2908554971218109, -0.1452745944261551, 0.024720462039113045, -0.4885229468345642, 0.00789179652929306, -0.00924681220203638, 0.33374056220054626, 0.013817078433930874, 0.015229444950819016, 0.5472111701965332, -0.1808469295501709, 0.018513385206460953, 0.01825292780995369, -0.010950843803584576, -0.029122767969965935, 0.0012052736710757017, 0.0015660520875826478, -0.975781261920929, -0.017453527078032494, -0.03130294382572174, 0.012917222455143929, 0.9943691492080688]"
1350,10.53125,"[-1.95090324e-01 -9.80785251e-01  2.00000003e-01  0.00000000e+00
  0.00000000e+00 -5.19380569e-02  2.10354608e-02  4.85015847e-03
 -1.82342529e-02  8.71536434e-02 -3.61516774e-02  1.27851486e-01
 -1.07357781e-02  1.00271609e-02  8.42294693e-02 -1.38805628e-01
  8.53812471e-02 -1.46865845e-02  7.05718994e-03 -1.23025894e-01
 -1.23977661e-02 -3.22351456e-02  6.55755997e-02  4.71124649e-02
  7.03821182e-02  2.80380249e-02 -8.42676163e-02  1.56044010e-02
 -1.53846748e-03 -1.16483690e-02  1.47253042e-02 -3.29544814e-03
  6.05371082e-03  3.18681709e-02  6.59370446e-04  9.01098270e-03
  2.21978184e-02  1.42799383e-02 -6.37071533e-03  1.51648521e-02
 -2.19821930e-04 -1.53846748e-03 -1.97801599e-03 -6.59370446e-04
 -2.19821930e-04 -6.59370446e-04 -1.09891896e-03 -2.19821930e-04
  1.07692722e-02  9.62130502e-02 -7.11137429e-03 -2.35869452e-01
  2.69035757e-01  1.13837630e-01  9.54708934e-01  5.06423354e-01
  3.93722832e-01 -6.06464863e-01  3.47507566e-01  7.18170345e-01
 -7.48767376e-01  1.80125260e+00 -1.11324102e-01  2.44948655e-01
 -3.73478174e-01  8.30055401e-03  1.66740641e-02  4.28071201e-01
  5.54327667e-01 -5.93534887e-01  1.36685848e-01  1.81740433e-01
 -8.21928084e-02  4.75579537e-02  1.30633667e-01  1.88536309e-02
 -9.91251349e-01]","[-0.12675376  0.04780114 -0.05072448  0.14053075 -0.03226078  0.19786876
 -0.04148787  0.07212719 -0.02951538  0.05055145  0.13926342 -0.10146832
 -0.4678634   0.04495269 -0.04397747  0.04612821  0.0168148   0.03049741
 -0.20166461 -0.06518009  0.09778039 -0.0204535 ]","[-0.3321807384490967, -0.03418819606304169, -0.04036981239914894, -0.4501029849052429, 0.13177889585494995, 0.09514249861240387, 0.28520506620407104, 0.07591678202152252, -0.03159380704164505, 0.5489339828491211, -0.05719287693500519, -0.09256067126989365, 0.023104984313249588, -0.004557973239570856, -0.004058614373207092, -0.0023383882362395525, 0.008039284497499466, -0.974942147731781, -0.04132265970110893, -0.0016518101328983903, -0.014532512053847313, 0.9934148788452148]"
1360,10.609375,"[-6.3439327e-01 -7.7301043e-01  2.0000000e-01  0.0000000e+00
  0.0000000e+00 -4.8123360e-02  2.1416930e-02  7.1389768e-03
 -1.8997192e-02  9.2124835e-02 -2.8694132e-02  1.1030388e-01
 -1.4550475e-02  1.3078919e-02  6.9733620e-02 -1.3723654e-01
  3.8165785e-02 -1.3542175e-02  7.0571899e-03 -1.2455177e-01
 -1.3542175e-02 -3.2235146e-02  6.5575600e-02  4.7112465e-02
  7.1526527e-02  2.8800964e-02 -7.2442055e-02  2.8571130e-03
 -6.8131448e-03  1.0769272e-02 -3.2966614e-03  1.5112526e-03
  4.4305618e-03 -3.0109882e-02 -7.6923370e-03 -1.4285755e-02
 -1.7362595e-02 -2.0383576e-02 -6.8002604e-02  2.1982193e-04
 -6.5937045e-04 -6.5937045e-04  1.5384675e-03  2.1982193e-04
 -2.1982193e-04 -6.5937045e-04  6.5937045e-04 -6.5937045e-04
  1.0769272e-02 -1.4741613e+00 -1.4594544e-01  1.9247006e-01
 -7.1750283e-01  6.5095848e-01 -4.6224898e-01 -1.9751769e-01
  1.0144753e+00 -1.5250248e-01 -5.3962450e-02  6.3548684e-01
 -6.2570339e-01 -1.3799700e+00 -3.5275877e-02  2.6859231e-02
  1.7641310e-01  3.6527824e-02  2.2385091e-02 -3.6099380e-01
 -8.2063472e-01  4.5648777e-01 -7.2811946e-02  1.7184317e-01
 -9.3602084e-02  2.0439497e-01  1.2393054e-01  1.3479715e-02
 -9.9219930e-01]","[-0.07797342 -0.00698104 -0.01865729 -0.05128391  0.08939227  0.16226973
  0.10338662  0.18410446 -0.20188963  0.06349601  0.16151391 -0.12484005
  0.49182877 -0.07485092  0.0145988  -0.08207844 -0.00445075 -0.01548782
  0.17740966  0.11399369 -0.08403903  0.05122095]","[-0.4149945378303528, -0.015181939117610455, -0.03840920329093933, -0.4820305407047272, 0.22920720279216766, 0.10099421441555023, 0.25577691197395325, 0.17187853157520294, -0.0854390561580658, 0.5435371398925781, 0.0045125605538487434, -0.13066671788692474, -0.012620997615158558, -0.02037680335342884, 0.004227899014949799, -0.014349818229675293, -0.0003682756796479225, -0.9914708137512207, -0.025714028626680374, -0.01657768338918686, 0.01073368452489376, 1.008947730064392]"
1370,10.6875,"[-9.23879504e-01 -3.82683426e-01  2.00000003e-01  0.00000000e+00
  0.00000000e+00 -4.81233597e-02  1.98910516e-02 -1.68936159e-02
 -1.13677979e-02  1.00935489e-01 -1.24339443e-02  8.85591507e-02
 -1.37875360e-02 -2.20162962e-02  5.02786636e-02 -1.46919698e-01
 -1.58306193e-02 -1.01089478e-02  7.05718994e-03 -1.23407364e-01
 -1.16348267e-02 -3.22351456e-02  6.59570694e-02  4.74939346e-02
  7.19079971e-02  2.88009644e-02 -6.21423721e-02  7.25278864e-03
 -1.25274658e-02 -3.75823975e-02  1.07692722e-02 -4.10329405e-04
  4.92769759e-03  8.13188590e-03 -5.49449911e-03 -2.85711302e-03
 -2.41756439e-03 -1.31846583e-02 -1.05921933e-02  2.70329472e-02
 -2.19821930e-04 -6.59370446e-04 -1.53846748e-03 -2.19821930e-04
 -1.09891896e-03  1.09891896e-03  3.73630528e-03 -6.59370446e-04
  4.17585392e-03  5.49350977e-01  2.32949600e-01 -4.36576337e-01
  7.04071641e-01 -3.07861328e-01  1.37579119e+00  2.50068367e-01
  5.76270103e-01 -6.64303184e-01  3.32819909e-01  9.47269797e-01
 -5.87775171e-01  5.68731725e-01  5.57466038e-03  3.34523097e-02
 -4.99009848e-01 -7.86074623e-02  2.44972184e-02  1.06907696e-01
  7.93279827e-01 -4.86126125e-01  1.65574521e-01  2.18919441e-02
  1.56211123e-01  7.93287382e-02  1.26860887e-01  3.94694600e-03
 -9.91912723e-01]","[-0.34823132 -0.02801951  0.04195196 -0.16284211  0.13401489 -0.04881646
 -0.04711407  0.26771978 -0.03290505 -0.01176616  0.20896603 -0.12798141
 -0.35764173  0.01875112 -0.00263977  0.06415305  0.00476853  0.00445602
 -0.14084178 -0.18986462  0.11411741 -0.03276467]","[-0.4147771894931793, -0.016252433881163597, -0.036111075431108475, -0.4980514943599701, 0.22505566477775574, 0.11014796048402786, 0.25110703706741333, 0.2148420512676239, -0.09642840176820755, 0.543438196182251, 0.05275104567408562, -0.12351559102535248, -0.013330144807696342, -0.010620832443237305, 0.00989085528999567, -0.024655645713210106, -0.003874841844663024, -0.9946483969688416, -0.03186575695872307, -0.005721875932067633, -0.0008369442075490952, 1.005987286567688]"
1380,10.765625,"[-9.95184720e-01  9.80171412e-02  2.00000003e-01  0.00000000e+00
  0.00000000e+00 -8.05482864e-02  1.56948846e-02 -2.22351458e-02
 -2.31933594e-02  1.03448212e-01  5.58551960e-03  9.27553177e-02
 -1.95095818e-02 -2.31607053e-02  4.91342545e-02 -1.43699557e-01
 -1.98140442e-02 -1.71661377e-03  7.05718994e-03 -1.23407364e-01
 -1.20162964e-02 -3.22351456e-02  6.55755997e-02  4.67309952e-02
  7.30524063e-02  2.88009644e-02 -5.26056290e-02 -2.61538513e-02
 -1.53846748e-03  7.25278864e-03 -1.47253042e-02 -2.28481134e-03
  2.75810361e-02  2.41756439e-03 -1.29670147e-02 -6.59370446e-04
 -2.85711302e-03  6.74515322e-04 -4.36604675e-03 -2.19821930e-04
 -6.59370446e-04 -1.97801599e-03  2.19821930e-04  2.19821930e-04
 -2.19821930e-04 -2.19821930e-04  2.41756439e-03  6.59370446e-04
  9.01098270e-03 -2.00567222e+00 -1.90496802e-01  1.41790718e-01
 -7.45656669e-01  1.15055490e+00 -7.44900703e-01 -3.34809482e-01
  9.72158968e-01 -2.57672012e-01  9.58154500e-02  6.17166936e-01
 -7.38025427e-01 -2.07542315e-01 -2.85965025e-01  1.25558168e-01
  7.98295438e-02  3.08581814e-03  4.13809568e-02 -6.33351058e-02
 -6.49276018e-01  3.29695284e-01 -1.50089666e-01 -8.23960155e-02
  8.61598179e-02  1.37216493e-01  1.33360550e-01  4.59906645e-03
 -9.91056919e-01]","[ 0.12592706  0.05135042 -0.06559838  0.09673253 -0.0540285   0.28758505
  0.11756457  0.16292743 -0.17917104  0.07424381  0.2039554  -0.11833867
  0.24664637 -0.0180453  -0.01556866 -0.11874353 -0.01392029  0.01820438
  0.06668627  0.20785393 -0.12990074  0.01277988]","[-0.42756199836730957, -0.018230866640806198, -0.024639427661895752, -0.5183043479919434, 0.2375076711177826, 0.08803966641426086, 0.25780993700027466, 0.22432179749011993, -0.09498173743486404, 0.5415931940078735, 0.048955731093883514, -0.12814109027385712, -0.007538176141679287, -0.015819018706679344, 0.0012283817632123828, -0.026681818068027496, -0.0015876202378422022, -0.9886229038238525, -0.03534865006804466, -0.008350422605872154, -0.004628294613212347, 0.9878095388412476]"
1390,10.84375,"[-8.31469595e-01  5.55570245e-01  2.00000003e-01  0.00000000e+00
  0.00000000e+00 -9.88597870e-02  1.30245965e-02 -1.38418581e-02
 -3.69272232e-02  1.02175176e-01  2.45892275e-02  9.23738480e-02
 -2.48501580e-02 -2.31607053e-02  4.76083755e-02 -1.40842348e-01
 -2.41460539e-02 -1.71661377e-03  7.05718994e-03 -1.23025894e-01
 -1.20162964e-02 -3.22351456e-02  6.55755997e-02  4.74939346e-02
  7.38153458e-02  2.88009644e-02 -4.95538712e-02 -9.89007950e-03
 -2.41756439e-03  4.61540231e-03 -4.61540231e-03  2.91854114e-04
  1.26289977e-02 -6.59370446e-04 -2.41756439e-03 -6.59370446e-04
 -6.59370446e-04  6.33189802e-06 -9.49692621e-04  2.19821930e-04
 -6.59370446e-04 -1.53846748e-03 -1.09891896e-03  1.09891896e-03
 -1.09891896e-03  1.97801599e-03 -2.19821930e-04  2.19821930e-04
 -2.19821930e-04 -3.97798270e-02  4.74060297e-01 -3.74585778e-01
  9.81119037e-01 -2.42021292e-01  1.16564631e+00  7.70454258e-02
  2.76718140e-01 -2.91826904e-01  2.88562596e-01  9.10806894e-01
 -2.99156487e-01 -1.13318002e+00  2.76274741e-01  1.59768090e-02
 -1.33139223e-01 -7.02696294e-02  2.24153265e-01 -9.91300583e-01
  2.35255778e-01 -1.90603435e-01 -2.91962981e-01 -3.24368738e-02
  5.95697984e-02  1.67456985e-01  1.36380419e-01  3.04298848e-03
 -9.90651846e-01]","[-0.4488172  -0.01993894  0.0147972  -0.16392094  0.24443863 -0.20028926
 -0.09950686  0.20076257 -0.03824883 -0.00784154  0.13033368 -0.09796217
 -0.11304685 -0.06666119 -0.01870648  0.04300877 -0.00287132  0.04503904
 -0.03138586 -0.17124265  0.10204639 -0.0817482 ]","[-0.4200194478034973, -0.005445332266390324, -0.03346637636423111, -0.515365719795227, 0.23023422062397003, 0.06270211935043335, 0.2565070688724518, 0.20058269798755646, -0.08093323558568954, 0.5335466265678406, 0.029358670115470886, -0.07477948069572449, -0.03485966846346855, -0.012587436474859715, -0.016267234459519386, -0.024063680320978165, -0.002176073845475912, -0.964863657951355, -0.05282469093799591, -0.013224546797573566, -9.716600470710546e-05, 0.9483551383018494]"
1400,10.921875,"[-4.71396744e-01  8.81921291e-01  2.00000003e-01  0.00000000e+00
  0.00000000e+00 -1.13355637e-01  1.30245965e-02 -8.50128196e-03
 -4.83713150e-02  1.03506088e-01  3.07352468e-02  9.27553177e-02
 -2.48501580e-02 -2.31607053e-02  4.60824966e-02 -1.40844524e-01
 -2.38163844e-02 -1.71661377e-03  7.05718994e-03 -1.23025894e-01
 -1.20162964e-02 -3.22351456e-02  6.55755997e-02  4.71124649e-02
  7.38153458e-02  2.88009644e-02 -4.95538712e-02 -1.34065626e-02
 -2.19821930e-04 -1.53846748e-03 -1.12088202e-02  1.10349432e-03
  2.54586805e-03 -2.19821930e-04 -2.19821930e-04 -2.19821930e-04
 -2.19821930e-04 -3.29138857e-04  3.86544009e-04 -2.19821930e-04
  2.19821930e-04 -2.19821930e-04 -2.19821930e-04 -6.59370446e-04
  2.19821930e-04 -2.19821930e-04 -6.59370446e-04 -2.19821930e-04
 -2.19821930e-04 -8.30331504e-01 -2.18603536e-02 -4.46861461e-02
 -4.20069247e-01  6.46867633e-01 -2.20021784e-01 -1.21840648e-01
  4.71433669e-01 -3.19660842e-01  2.96887360e-03  4.34735298e-01
  1.26422346e-01  1.16518116e+00 -2.63042063e-01 -2.75912464e-01
 -2.50582993e-01 -1.72803402e-02  2.60302395e-01  3.00224513e-01
 -5.26219010e-02 -1.42537788e-01 -3.98126721e-01 -8.72371793e-02
 -1.15125757e-02  1.33150503e-01  1.37513906e-01  3.70888412e-03
 -9.90492940e-01]","[-0.03545515  0.06860105 -0.06216335  0.16773704 -0.05156059  0.17301056
  0.12085848  0.06002217 -0.06284218  0.11358374  0.15134488 -0.05593133
 -0.18034792  0.0439724   0.02595836 -0.00474309  0.02137704  0.0745278
 -0.20532167  0.07577098 -0.04722105 -0.12436871]","[-0.41540610790252686, -0.008281947113573551, -0.029370233416557312, -0.5271755456924438, 0.2260560244321823, 0.012701028026640415, 0.2680508494377136, 0.16214895248413086, -0.06211377680301666, 0.5340527296066284, -0.002781978342682123, -0.02712179161608219, -0.027795450761914253, -0.014858979731798172, -0.0250692255795002, -0.015130681917071342, 0.005820955149829388, -0.9386802911758423, -0.05790578946471214, -0.02060554176568985, 0.00022586583509109914, 0.9014113545417786]"
1410,11.0,"[-9.79965027e-15  1.00000000e+00  2.00000003e-01  0.00000000e+00
  0.00000000e+00 -1.17551804e-01  1.49319451e-02 -9.26422141e-03
 -5.63821793e-02  1.05764329e-01  2.37008873e-02  9.04664993e-02
 -2.33242791e-02 -2.31607053e-02  4.03604507e-02 -1.40212983e-01
 -1.83862410e-02 -1.71661377e-03  7.05718994e-03 -1.23407364e-01
 -1.20162964e-02 -3.22351456e-02  6.59570694e-02  4.71124649e-02
  7.38153458e-02  2.88009644e-02 -5.10797501e-02  6.59370446e-04
  2.85711302e-03 -2.19821930e-04 -2.41756439e-03  4.16082935e-03
 -1.02671580e-02 -1.97801599e-03  1.97801599e-03 -2.19821930e-04
 -5.93404798e-03  2.81120534e-03  4.71105380e-03 -6.59370446e-04
 -6.59370446e-04  2.19821930e-04 -6.59370446e-04  2.19821930e-04
 -6.59370446e-04 -6.59370446e-04 -6.59370446e-04  2.19821930e-04
 -2.41756439e-03 -6.51963890e-01 -8.42352211e-02  1.71172932e-01
  1.22282676e-01 -5.45001924e-01 -8.66519809e-02  4.77257848e-01
  1.47112280e-01 -1.54320896e-03  3.14559579e-01  1.65432051e-01
  1.54170349e-01 -1.47419798e+00  1.75191432e-01 -1.13251843e-01
  8.66262838e-02 -7.28383586e-02  3.55718553e-01 -6.96703374e-01
 -3.62126350e-01  2.96090603e-01 -6.28263235e-01 -1.01230182e-01
  4.79211565e-03  1.94236115e-02  1.37053594e-01  5.19414432e-03
 -9.90549922e-01]","[-0.04689644  0.01060363 -0.01803061 -0.07144762  0.00879839 -0.15742426
 -0.16077055 -0.03589632  0.02814237 -0.12462726  0.00987753  0.21804363
  0.10735101 -0.04264429 -0.11224396 -0.00873619  0.0180391   0.09989291
  0.00870895 -0.07821608  0.01955346 -0.14988497]","[-0.3421443700790405, -0.014185952953994274, -0.022459648549556732, -0.5026693344116211, 0.13546361029148102, -0.03424813598394394, 0.2598961293697357, 0.07045852392911911, -0.013450336642563343, 0.5060407519340515, -0.07333793491125107, 0.07375458627939224, -0.05484376102685928, -0.004081239923834801, -0.04441162943840027, -0.004115804564207792, 0.008223112672567368, -0.9136359095573425, -0.07527582347393036, -0.03173111379146576, 0.0034348517656326294, 0.8604993224143982]"
1420,11.078125,"[ 4.71396744e-01  8.81921291e-01  2.00000003e-01  0.00000000e+00
  0.00000000e+00 -1.21366501e-01  1.76022332e-02 -9.26422141e-03
 -6.24856949e-02  1.08960927e-01  4.09569172e-03  8.93220901e-02
 -2.06539910e-02 -2.31607053e-02  3.61642838e-02 -1.38157040e-01
 -9.15705878e-03 -1.33514404e-03  7.05718994e-03 -1.23407364e-01
 -1.20162964e-02 -3.22351456e-02  6.63385391e-02  4.71124649e-02
  7.38153458e-02  2.88009644e-02 -5.90906143e-02 -5.49449911e-03
 -1.09891896e-03 -6.59370446e-04 -9.01098270e-03  2.93035340e-03
 -2.70392243e-02 -6.59370446e-04  3.73630528e-03 -2.19821930e-04
 -1.97801599e-03  2.39489158e-03  5.51474979e-03 -1.53846748e-03
 -2.19821930e-04 -6.59370446e-04 -6.59370446e-04 -6.59370446e-04
 -1.09891896e-03 -6.59370446e-04 -6.59370446e-04  2.19821930e-04
 -7.25278864e-03  3.24507684e-01 -3.70665073e-01 -3.13627645e-02
 -2.44245693e-01 -5.69989920e-01 -6.54481113e-01 -2.64470279e-02
 -1.81141138e-01  2.22369775e-01 -4.70521688e-01 -1.51294306e-01
  1.34740019e+00  1.55817294e+00 -5.82671016e-02 -3.97353530e-01
  4.99451533e-02  2.54222453e-01  1.76671073e-01  2.17367299e-02
 -3.42087209e-01 -5.12145638e-01 -4.67409968e-01 -1.44482791e-01
 -1.56631157e-01 -8.44408795e-02  1.35646045e-01  1.07692666e-02
 -9.90698814e-01]","[-0.1229503  -0.18202756  0.11942791  0.07195554 -0.24844348 -0.09115131
  0.41943896  0.01698396  0.00720848  0.23215637 -0.12129733 -0.01980797
 -0.07987662  0.02597328  0.09523991 -0.00739289 -0.00570155  0.06387489
 -0.13424708  0.10778503  0.0015352  -0.11266112]","[-0.2873697280883789, -0.12631051242351532, 0.037454407662153244, -0.5137215852737427, -0.0015897899866104126, -0.13110819458961487, 0.3620494306087494, 0.01917351968586445, 0.02997010014951229, 0.523108720779419, -0.1984889954328537, 0.15810205042362213, 0.04065895453095436, -0.003868135856464505, -0.02917131409049034, -0.002886510919779539, 0.015050465241074562, -0.9275704026222229, -0.047558579593896866, -0.0143091706559062, -0.009762282483279705, 0.8746376633644104]"
1430,11.15625,"[ 8.31469595e-01  5.55570245e-01  2.00000003e-01  0.00000000e+00
  0.00000000e+00 -9.96227264e-02  1.83651727e-02 -9.26422141e-03
 -5.86709976e-02  1.00086987e-01 -2.94290911e-02  6.37636185e-02
 -1.56948846e-02 -1.55313108e-02  1.74713135e-02 -1.36900574e-01
  5.90549223e-03 -1.71661377e-03  7.05718994e-03 -1.23407364e-01
 -1.20162964e-02 -3.22351456e-02  6.93902969e-02  4.67309952e-02
  7.34338760e-02  2.88009644e-02 -7.47308731e-02  1.82417873e-02
  1.34065626e-02 -2.85711302e-03  1.64834987e-02 -8.99546489e-04
 -1.84027739e-02 -3.18681709e-02  1.47253042e-02  3.73630528e-03
 -1.12088202e-02  7.92244915e-03  1.32565172e-02  2.19821930e-04
 -2.19821930e-04 -6.59370446e-04 -1.09891896e-03 -6.59370446e-04
  2.85711302e-03 -6.59370446e-04 -2.19821930e-04 -2.19821930e-04
 -1.51648521e-02 -7.38154233e-01 -8.27473998e-01  6.13690674e-01
  2.85379887e-01 -1.06535995e+00 -3.96854371e-01  1.33703101e+00
  1.40828222e-01 -4.93462831e-02  8.94248843e-01 -4.64458168e-01
  2.39058897e-01 -1.13990760e+00  1.57343954e-01  2.35663593e-01
 -5.89423999e-02 -1.29112095e-01  1.72168270e-01 -5.42064846e-01
  1.49133384e-01  1.65693298e-01 -3.08027208e-01 -6.11622371e-02
 -1.76116273e-01 -8.13875869e-02  1.22477196e-01  1.52317174e-02
 -9.92354512e-01]","[ 0.05594404 -0.13306294  0.06218378 -0.0892268  -0.14088947 -0.22140743
 -0.19608173 -0.09996559  0.05959335 -0.17656136 -0.07623783  0.4081502
 -0.04459921 -0.03262674 -0.10587721  0.01947542 -0.01032305  0.07704357
  0.01681633 -0.14584716  0.05850203 -0.08082208]","[-0.2882273197174072, -0.1901347041130066, 0.07977224886417389, -0.5071195960044861, -0.05669841170310974, -0.16504977643489838, 0.36855995655059814, 0.0032441087532788515, 0.035890381783246994, 0.5261881947517395, -0.23797336220741272, 0.22162561118602753, -0.028914719820022583, -0.0009087547659873962, -0.01422063447535038, 0.005034646485000849, -0.001799431978724897, -0.9422441720962524, -0.04333699867129326, -0.027123235166072845, 0.011468776501715183, 0.9121742248535156]"
1440,11.234375,"[ 9.95184720e-01  9.80171412e-02  2.00000003e-01  0.00000000e+00
  0.00000000e+00 -7.67335892e-02  2.56130975e-02 -2.39776634e-03
 -5.18045425e-02  9.65059698e-02 -4.24583331e-02  7.67335892e-02
 -8.06549005e-03  1.88009646e-02  2.77709961e-02 -1.39125854e-01
  3.19722295e-02 -1.71661377e-03  7.05718994e-03 -1.23025894e-01
 -1.23977661e-02 -3.22351456e-02  6.93902969e-02  4.71124649e-02
  7.03821182e-02  2.88009644e-02 -9.15155411e-02  2.41756439e-03
  1.42857553e-02 -1.09891896e-03  2.19821930e-04  3.54829733e-03
 -8.93320795e-03  9.89007950e-03  1.82417873e-02  3.36263664e-02
  1.38461115e-02  4.32267599e-03  2.10936051e-02  2.19821930e-04
 -2.19821930e-04  1.09891896e-03 -6.59370446e-04 -6.59370446e-04
 -2.19821930e-04 -1.09891896e-03 -1.53846748e-03 -6.59370446e-04
 -1.56044010e-02  3.71723294e-01 -4.85686541e-01  1.15252331e-01
 -3.28749955e-01 -4.89123076e-01 -7.33051717e-01 -5.60725152e-01
 -4.23569083e-01  2.54018933e-01 -7.01546133e-01 -2.82581449e-01
  1.74161458e+00  8.77942443e-01 -4.86334339e-02 -4.74162012e-01
  2.99920794e-02  1.16165400e-01  1.74684525e-01  3.22072245e-02
 -5.77149451e-01 -1.23038560e-01 -2.44317532e-01  1.92081686e-02
  4.82882857e-02 -1.49215180e-02  1.21136516e-01  1.52074639e-02
 -9.92519379e-01]","[-0.04273074 -0.28301445  0.08123408  0.08621379 -0.2537397  -0.05629751
  0.48144224  0.0225346   0.00412644  0.25791243 -0.17474166 -0.05043354
  0.20993395  0.00754051  0.13145538  0.01085734  0.03671594  0.0189863
 -0.05184571  0.12901601 -0.10039704 -0.03219333]","[-0.26050126552581787, -0.2307295948266983, 0.06950250267982483, -0.4984782636165619, -0.047647371888160706, -0.14066743850708008, 0.3857089877128601, 0.004682981409132481, 0.03181350231170654, 0.5382307171821594, -0.25694650411605835, 0.21625880897045135, 0.0751955658197403, -0.0015611618291586637, -0.004185480065643787, 0.005778864957392216, 0.015320893377065659, -0.9657155275344849, -0.01703047752380371, -0.02044217847287655, -0.01976604014635086, 0.9492132663726807]"
1450,11.3125,"[ 9.23879504e-01 -3.82683426e-01  2.00000003e-01  0.00000000e+00
  0.00000000e+00 -7.94038773e-02  3.62942517e-02  9.80926491e-03
 -5.10416031e-02  9.40267295e-02 -5.11879399e-02  8.55073929e-02
  2.99808569e-03  2.79571917e-02  3.69272232e-02 -1.45387799e-01
  5.51491976e-02 -8.96453857e-03  7.05718994e-03 -1.23407364e-01
 -1.27792358e-02 -3.22351456e-02  6.90088272e-02  4.52051163e-02
  7.07635880e-02  2.88009644e-02 -9.57126617e-02 -6.81314478e-03
  8.13188590e-03  1.03296284e-02  2.19821930e-04 -1.17437018e-03
 -3.04096867e-03  6.59370446e-04  4.17585392e-03 -7.69233704e-03
 -2.19821930e-04 -1.23977533e-03  3.06611210e-02 -1.16483690e-02
  2.19821930e-04  1.53846748e-03  6.59370446e-04 -2.19821930e-04
  2.19821930e-04 -1.97801599e-03 -1.53846748e-03 -2.19821930e-04
  1.53846748e-03 -3.27276766e-01 -9.91822958e-01  3.93534213e-01
  4.70791399e-01 -1.21547055e+00  1.07870683e-01  1.80080330e+00
  7.20938072e-02 -2.01453418e-02  1.06293869e+00 -6.31282866e-01
 -2.13465780e-01 -1.12583771e-01  1.16894528e-01  3.93633723e-01
 -5.14910743e-02  4.20904942e-02  8.48354548e-02 -5.09043157e-01
  4.33780730e-01 -2.18084663e-01 -7.88213462e-02 -5.64573519e-02
  6.00108244e-02  5.62659055e-02  1.24328651e-01  1.93234999e-02
 -9.92052794e-01]","[ 0.00067882 -0.17921609  0.10494491 -0.07952036 -0.20019527 -0.13143112
 -0.13135408 -0.04159845  0.00687805 -0.05901741 -0.07196647  0.23656534
 -0.282535   -0.02854088 -0.10591326  0.00168767 -0.05122063  0.05016255
  0.04446376 -0.1481839   0.17985392 -0.01129359]","[-0.2720353305339813, -0.24682895839214325, 0.08118985593318939, -0.49096643924713135, -0.07378986477851868, -0.07996995747089386, 0.40706583857536316, 0.015146789140999317, 0.013553213328123093, 0.583502471446991, -0.2553991973400116, 0.14122341573238373, -0.012837396003305912, -0.0030997840221971273, -0.00536041846498847, 0.0015472541563212872, -0.0016417300794273615, -0.9768527150154114, -0.017377788200974464, -0.015767104923725128, 0.016008930280804634, 0.9808288216590881]"
1460,11.390625,"[ 6.34393275e-01 -7.73010433e-01  2.00000003e-01  0.00000000e+00
  0.00000000e+00 -7.52077103e-02  3.59127820e-02  5.99456765e-03
 -4.34122086e-02  9.18228775e-02 -5.47598824e-02  9.42821503e-02
  2.61661597e-03  1.61306765e-02  4.30307388e-02 -1.45282149e-01
  8.49054232e-02 -7.43865967e-03  7.05718994e-03 -1.23407364e-01
 -1.27792358e-02 -3.22351456e-02  6.71014786e-02  4.59680557e-02
  7.07635880e-02  2.84194946e-02 -9.11340714e-02  7.69233704e-03
 -2.19821930e-04  2.19821930e-04  1.12088202e-02 -7.69786013e-04
  7.49451516e-04  1.42857553e-02 -4.17585392e-03 -6.37359638e-03
 -6.59370446e-04  3.20479716e-03  3.05896830e-02  5.93404798e-03
  2.19821930e-04 -6.59370446e-04 -2.19821930e-04 -6.59370446e-04
  2.19821930e-04 -6.59370446e-04  2.19821930e-04 -6.59370446e-04
  5.49449911e-03  4.16428521e-02 -5.56977749e-01  1.63829580e-01
 -4.40435469e-01 -5.08156538e-01 -5.90397716e-01 -6.83022857e-01
 -3.26166660e-01  2.13301346e-01 -3.66255224e-01 -2.51749516e-01
  7.55105197e-01 -2.66864866e-01 -1.43910527e-01 -3.74892890e-01
  9.00975466e-02 -4.57364395e-02  1.97680786e-01  1.26374155e-01
 -7.04007328e-01  2.67055213e-01 -8.21901560e-02 -2.73861364e-03
  5.63650578e-02  4.27627154e-02  1.25855684e-01  2.20574960e-02
 -9.91803288e-01]","[ 0.06410006 -0.22030482  0.00929871  0.07238609 -0.2132459   0.06574801
  0.34562582  0.00413686 -0.00685967  0.14455433 -0.0534206  -0.10271074
  0.48295256  0.00058998  0.07917037 -0.00607552  0.05098217 -0.00435678
  0.03826432  0.14658959 -0.18564759  0.02423246]","[-0.23306161165237427, -0.22409170866012573, 0.04507644847035408, -0.5051428079605103, -0.06486396491527557, -0.05110694095492363, 0.3660500943660736, 0.0009739339584484696, 0.02532069757580757, 0.547545850276947, -0.22283978760242462, 0.0928223505616188, 0.08989851921796799, -0.00832701288163662, -0.016341587528586388, 0.005875593516975641, 0.005964053329080343, -0.9807230830192566, 0.004511895123869181, -0.016557950526475906, -0.021582983434200287, 0.9981211423873901]"
1470,11.46875,"[ 1.95090324e-01 -9.80785251e-01  2.00000003e-01  0.00000000e+00
  0.00000000e+00 -7.48262405e-02  3.47683728e-02  7.90191628e-03
 -3.80716324e-02  8.95613283e-02 -5.07453904e-02  1.19077682e-01
  1.08978339e-03  2.39776634e-03  7.20224380e-02 -1.39711410e-01
  9.67772976e-02 -6.67572021e-03  7.05718994e-03 -1.23407364e-01
 -1.27792358e-02 -3.22351456e-02  6.67200089e-02  4.59680557e-02
  7.03821182e-02  2.88009644e-02 -8.77008438e-02  1.53846748e-03
  2.19821930e-04  5.93404798e-03  3.29666142e-03 -1.19338208e-03
  2.32428894e-03  2.17582714e-02 -4.17585392e-03 -8.57143383e-03
  2.92307865e-02  5.93946502e-03  5.94692305e-03 -4.61540231e-03
 -6.59370446e-04 -2.19821930e-04 -2.19821930e-04 -1.09891896e-03
 -6.59370446e-04 -1.09891896e-03 -2.19821930e-04 -2.19821930e-04
  1.97801599e-03 -9.77131538e-03 -3.46271753e-01 -2.28678212e-01
  8.46702993e-01 -6.55692756e-01  9.16235983e-01  1.16499150e+00
 -3.57297584e-02 -9.06615108e-02  7.73506522e-01 -8.52438211e-02
 -8.93503726e-01  5.89434743e-01  3.81660834e-02  2.98366278e-01
 -1.17668629e-01  2.79248320e-02  1.09987102e-01 -3.21473539e-01
  6.56487525e-01 -4.98203874e-01  4.42591608e-02  6.41335025e-02
 -1.88211098e-01  1.26581550e-01  1.24823980e-01  2.22996697e-02
 -9.91928220e-01]","[-0.12215549 -0.04656452  0.06523816 -0.07687485 -0.07979412 -0.04881384
 -0.09329396  0.0022369   0.0168208  -0.02117375 -0.00176844 -0.03810862
 -0.46777934 -0.01976605 -0.08576236  0.01835591 -0.01367753  0.0440807
 -0.03705692 -0.18248682  0.19607757 -0.01677352]","[-0.288841187953949, -0.14249399304389954, 0.012861437164247036, -0.4652152359485626, 0.009647293016314507, 0.03120732493698597, 0.3622630834579468, 0.016609909012913704, 0.01564379781484604, 0.5711449384689331, -0.17976361513137817, -0.04632898420095444, -0.011861652135848999, -0.006116468925029039, -0.011175805702805519, -0.002098788507282734, 0.007575320079922676, -0.9749398827552795, -0.03092408925294876, -0.0102505162358284, 0.0017251145327463746, 0.9971370697021484]"
1480,11.546875,"[-2.90284663e-01 -9.56940353e-01  2.00000003e-01  0.00000000e+00
  0.00000000e+00 -5.27009964e-02  2.86648553e-02  2.56134011e-03
 -3.19681168e-02  8.87570679e-02 -4.64656800e-02  1.04200363e-01
 -4.63226251e-03  1.11715700e-02  6.93521500e-02 -1.37619138e-01
  7.84166530e-02 -6.29425049e-03  7.05718994e-03 -1.23407364e-01
 -1.31607056e-02 -3.22351456e-02  6.63385391e-02  4.59680557e-02
  7.07635880e-02  2.84194946e-02 -8.19787979e-02  2.70329472e-02
 -8.13188590e-03 -2.41756439e-03  7.25278864e-03  3.42919352e-03
  1.05370926e-02 -2.26373672e-02 -6.37359638e-03  9.45053156e-03
 -6.59370446e-04 -3.73120769e-03 -2.97528189e-02  7.25278864e-03
  2.19821930e-04  1.09891896e-03  1.09891896e-03  2.19821930e-04
 -6.59370446e-04  1.53846748e-03 -2.19821930e-04 -6.59370446e-04
  1.16483690e-02 -1.25178778e+00 -9.00018364e-02  1.80341601e-01
 -6.45617366e-01  6.56109571e-01 -7.21032441e-01 -3.18570942e-01
  5.10566413e-01 -4.78031561e-02 -6.81815371e-02  3.41266215e-01
 -6.35064065e-01 -6.38855517e-01 -2.60413200e-01 -2.90060416e-02
  2.19702765e-01  6.71218932e-02  1.06703706e-01  4.87493612e-02
 -7.13148415e-01  3.84149373e-01 -2.99505442e-02  8.03375393e-02
 -1.57734036e-01  1.50685087e-01  1.11902982e-01  2.02200580e-02
 -9.93513346e-01]","[ 0.07613668  0.02300225 -0.07639004  0.11471482 -0.00457074  0.30280954
  0.12750486  0.09362037 -0.16721551  0.07232751  0.18280534 -0.18282044
  0.4403871  -0.02230243  0.03996598 -0.10928338 -0.02783269  0.00495042
  0.10285682  0.17119466 -0.12866412  0.04922144]","[-0.3521324098110199, -0.034876979887485504, -0.025313647463917732, -0.472053587436676, 0.16227170825004578, 0.08462263643741608, 0.2736409306526184, 0.08143868297338486, -0.04213191941380501, 0.5358757972717285, -0.06510138511657715, -0.10946987569332123, 0.025093402713537216, -0.02244316227734089, -0.0038841404020786285, -0.016314031556248665, -0.003888507839292288, -0.974856972694397, -0.013780932873487473, -0.016781242564320564, 0.0026203226298093796, 1.001221776008606]"
1490,11.625,"[-7.07106769e-01 -7.07106769e-01  2.00000003e-01  0.00000000e+00
  0.00000000e+00 -4.39271927e-02  2.48501580e-02 -8.71887431e-04
 -2.58636475e-02  9.48959887e-02 -3.28979269e-02  9.96227264e-02
 -1.14987176e-02  7.73834251e-03  7.58371353e-02 -1.36669070e-01
  2.39578169e-02 -3.62396240e-03  7.05718994e-03 -1.23407364e-01
 -1.31607056e-02 -3.22351456e-02  6.59570694e-02  4.55865860e-02
  7.07635880e-02  2.84194946e-02 -6.82458878e-02 -5.05495071e-03
 -2.85711302e-03 -6.59370446e-04  2.19821930e-04 -3.82560492e-03
  7.38409022e-03  5.05495071e-03 -5.05495071e-03 -9.45053156e-03
  2.41756439e-03 -3.13119590e-03 -5.73259965e-02  5.49449911e-03
  2.19821930e-04 -1.53846748e-03 -6.59370446e-04 -6.59370446e-04
 -1.09891896e-03  6.59370446e-04  2.19821930e-04 -2.19821930e-04
  1.07692722e-02  3.22424412e-01  4.58876938e-01 -6.46001577e-01
  1.35836482e+00 -2.62198895e-01  1.74388301e+00 -5.48208579e-02
  1.82161540e-01 -4.20734584e-01  3.45085412e-01  9.18720722e-01
 -6.97845817e-01 -4.67396170e-01  1.53097406e-01  1.01059981e-01
 -3.02426845e-01 -7.76703507e-02  4.71726507e-02 -6.10074639e-01
  6.94976032e-01 -3.81590903e-01  8.37605596e-02  2.43606299e-01
  1.53816462e-01  3.97633463e-02  1.14871465e-01  1.23080350e-02
 -9.93304253e-01]","[-0.46909812 -0.03684711  0.05555319 -0.18467827  0.23837337 -0.16411962
 -0.06709966  0.25677446 -0.05547256  0.00738608  0.17105849 -0.17203723
 -0.22775689 -0.03874379  0.02305254  0.05592864 -0.00291912 -0.00057717
 -0.06137077 -0.21134391  0.11472829 -0.01845738]","[-0.41218283772468567, -0.010586000047624111, -0.04297631233930588, -0.4664793312549591, 0.22988402843475342, 0.12060189992189407, 0.24609583616256714, 0.17193603515625, -0.0837438777089119, 0.5466321706771851, 0.032531701028347015, -0.14312845468521118, -0.016995299607515335, -0.011268827132880688, 0.01299700140953064, -0.019796112552285194, -0.004691850859671831, -0.9932880401611328, -0.0396433025598526, -0.01040234137326479, 0.0022887669038027525, 1.0073273181915283]"
1500,11.703125,"[-9.56940353e-01 -2.90284663e-01  2.00000003e-01  0.00000000e+00
  0.00000000e+00 -6.14748001e-02  2.40872186e-02 -9.26422141e-03
 -2.51007080e-02  1.01675242e-01 -1.68695040e-02  8.09297562e-02
 -1.30245965e-02 -3.26974466e-02  4.87527847e-02 -1.50881708e-01
 -9.58530232e-03 -9.53674316e-04  6.67572021e-03 -1.23407364e-01
 -1.31607056e-02 -3.22351456e-02  6.59570694e-02  4.59680557e-02
  7.22894669e-02  2.84194946e-02 -5.71832657e-02 -9.01098270e-03
 -2.17582714e-02 -1.29670147e-02  1.53846748e-03  6.46029541e-04
  9.88430902e-03  1.25274658e-02 -1.91208851e-02 -1.20879179e-02
  2.85711302e-03 -1.94463227e-02 -6.08914765e-03  8.13188590e-03
 -6.59370446e-04  6.59370446e-04  8.13188590e-03  2.19821930e-04
 -2.19821930e-04 -6.59370446e-04  5.93404798e-03  2.19821930e-04
  9.45053156e-03 -1.79423678e+00 -2.01596856e-01  1.28870159e-01
 -6.39183223e-01  1.09905136e+00 -4.23093736e-01 -2.73314476e-01
  8.76433909e-01 -3.68521392e-01  2.51644671e-01  7.20388472e-01
 -8.01933467e-01  5.71178555e-01 -2.99948692e-01  1.41646981e-01
 -5.73250055e-02 -8.69548693e-03 -9.86304879e-03  2.45238394e-01
 -3.39788020e-01  1.41411111e-01 -4.90506366e-02 -4.90019359e-02
  1.86290905e-01 -3.80418077e-02  1.24862909e-01  7.09857419e-03
 -9.92148519e-01]","[ 0.13507514  0.09533814 -0.11742444  0.24858972 -0.09530705  0.3761437
  0.04663557  0.10873187 -0.13144654  0.08225496  0.26039362 -0.16089587
  0.02493132  0.01172909 -0.0083597  -0.09324533 -0.0155751   0.01242894
 -0.05510185  0.18707852 -0.10294063  0.0321513 ]","[-0.41929444670677185, -0.02013200893998146, -0.031144103035330772, -0.5029171109199524, 0.23332710564136505, 0.10229646414518356, 0.24515925347805023, 0.21092334389686584, -0.0890791118144989, 0.5506778955459595, 0.06392751634120941, -0.15230874717235565, -0.005758284125477076, -0.016999058425426483, 0.008945245295763016, -0.027189109474420547, -0.0022174171172082424, -0.996045708656311, -0.023644685745239258, -0.005409067962318659, -0.0011462137335911393, 1.0071804523468018]"
1510,11.78125,"[-9.80785251e-01  1.95090324e-01  2.00000003e-01  0.00000000e+00
  0.00000000e+00 -8.28371048e-02  1.83651727e-02 -1.88009646e-02
 -2.54821777e-02  1.03546947e-01  6.44157361e-03  8.32185745e-02
 -2.17984002e-02 -3.00271604e-02  4.34122086e-02 -1.40208334e-01
 -1.93760246e-02  1.90734863e-04  7.05718994e-03 -1.23788834e-01
 -1.08718872e-02 -3.22351456e-02  6.55755997e-02  4.55865860e-02
  7.30524063e-02  2.84194946e-02 -4.95538712e-02 -1.07692722e-02
 -4.17585392e-03  1.97801599e-03 -1.53846748e-03 -1.51169917e-03
  2.66002566e-02 -2.19821930e-04 -1.20879179e-02 -4.61540231e-03
 -1.51648521e-02 -1.83351245e-03 -3.77284922e-03 -5.49449911e-03
 -2.19821930e-04  6.59370446e-04 -1.97801599e-03 -6.59370446e-04
 -6.59370446e-04 -1.53846748e-03  2.19821930e-04  2.19821930e-04
  1.97801599e-03 -2.32997954e-01  3.52778703e-01 -2.09166706e-01
  7.33542264e-01 -2.39025712e-01  1.09092247e+00 -4.91694286e-02
  4.22786921e-01 -1.72703579e-01  1.17111422e-01  1.00094414e+00
 -2.82630384e-01 -1.51934350e+00  3.57002407e-01 -1.02051042e-01
  1.06202345e-02 -1.64812095e-02  1.72576874e-01 -1.06230032e+00
 -1.19983591e-01  4.69904318e-02 -1.97491050e-01 -3.00378837e-02
  1.58035636e-01  3.75565700e-02  1.33191913e-01  7.78361410e-03
 -9.91059661e-01]","[-0.4834929  -0.03912305  0.0228387  -0.16703846  0.28566188 -0.17376101
 -0.09331948  0.21847871 -0.06501062  0.02960651  0.15592285 -0.15185113
  0.03394721 -0.08086667  0.01694191  0.01617628 -0.00426968  0.02156712
  0.01389251 -0.13143447  0.07612877 -0.05027903]","[-0.4300183951854706, -0.012194966897368431, -0.0327298678457737, -0.4978765845298767, 0.23386570811271667, 0.09205091744661331, 0.24449065327644348, 0.2105175107717514, -0.08153987675905228, 0.5427640080451965, 0.05729477480053902, -0.1279579997062683, -0.036459412425756454, -0.012611285783350468, -0.0013221532572060823, -0.024429021403193474, -0.00277769030071795, -0.9832105040550232, -0.05267424136400223, -0.01066979393362999, -0.0002934914082288742, 0.9800056219100952]"
1520,11.859375,"[-7.73010433e-01  6.34393275e-01  2.00000003e-01  0.00000000e+00
  0.00000000e+00 -1.01148605e-01  6.53961115e-03 -9.64569114e-03
 -3.54013443e-02  1.01500779e-01  2.30531991e-02  8.39815140e-02
 -2.67575067e-02 -3.00271604e-02  3.84531021e-02 -1.38674468e-01
 -2.30349153e-02 -7.82012939e-03  7.05718994e-03 -1.23788834e-01
 -1.20162964e-02 -3.22351456e-02  6.55755997e-02  4.59680557e-02
  7.26709366e-02  2.84194946e-02 -4.80279922e-02 -1.47253042e-02
 -2.41756439e-03  2.85711302e-03 -6.37359638e-03  1.60561351e-04
  2.11303569e-02 -6.59370446e-04 -2.41756439e-03 -1.53846748e-03
 -1.09891896e-03 -5.38236636e-04 -1.13177567e-03 -5.49449911e-03
 -1.09891896e-03  2.19821930e-04  6.59370446e-04  2.19821930e-04
  2.19821930e-04 -2.19821930e-04  6.59370446e-04 -2.19821930e-04
  1.53846748e-03 -5.35070956e-01 -1.40729062e-02 -1.57162063e-02
 -3.86507243e-01  5.49361408e-01  2.10332274e-01  2.45627582e-01
  6.77448869e-01 -6.04163945e-01  2.10157603e-01  5.64150751e-01
 -2.47046888e-01  1.62108004e+00 -2.90299088e-01 -1.32521212e-01
 -3.73659104e-01  9.27405059e-02  1.21775195e-01  5.32831907e-01
  3.65160167e-01 -3.39955628e-01 -1.76969945e-01 -5.29011898e-02
  4.77290489e-02  1.43729627e-01  1.37492046e-01  6.78589381e-03
 -9.90479469e-01]","[-0.06077513  0.10149419 -0.06725977  0.1930683  -0.04983242  0.22353147
  0.02969353  0.06841112 -0.05179952  0.06294499  0.21055235 -0.05420275
 -0.3297834   0.07179195 -0.01075554  0.01002842 -0.01051515  0.06618007
 -0.2616002  -0.01039426  0.00287576 -0.09955776]","[-0.42897045612335205, -0.005812694318592548, -0.03243360295891762, -0.5215837955474854, 0.23853005468845367, 0.04762551560997963, 0.2607276737689972, 0.19450576603412628, -0.08023997396230698, 0.5398975014686584, 0.030181538313627243, -0.07979457825422287, -0.020640656352043152, -0.014415581710636616, -0.012571758590638638, -0.023498112335801125, 0.00020099859102629125, -0.9606401324272156, -0.05275912582874298, -0.012856838293373585, -0.0023348815739154816, 0.9379574060440063]"
1530,11.9375,"[-3.82683426e-01  9.23879504e-01  2.00000003e-01  0.00000000e+00
  0.00000000e+00 -1.14881516e-01  1.03543084e-02 -1.04086306e-02
 -4.03604507e-02  1.00491464e-01  3.19816992e-02  8.32185745e-02
 -2.75204461e-02 -3.00271604e-02  3.61642838e-02 -1.39050931e-01
 -2.33579017e-02 -8.96453857e-03  7.05718994e-03 -1.23407364e-01
 -1.20162964e-02 -3.22351456e-02  6.55755997e-02  4.55865860e-02
  7.26709366e-02  2.84194946e-02 -4.76465225e-02 -1.12088202e-02
 -2.19821930e-04 -2.19821930e-04 -3.73630528e-03 -2.37453030e-03
  4.38685017e-03 -2.19821930e-04  1.09891896e-03 -6.59370446e-04
 -1.09891896e-03 -1.11420224e-04  3.82792787e-04  1.09891896e-03
 -6.59370446e-04  2.19821930e-04 -6.59370446e-04 -6.59370446e-04
 -2.19821930e-04 -2.19821930e-04 -6.59370446e-04 -2.19821930e-04
 -6.59370446e-04 -8.85175943e-01  7.86297619e-02  5.22704758e-02
 -3.29082549e-01  1.30559772e-01 -1.40698612e-01 -1.88328773e-01
  5.03080547e-01 -5.23447990e-02 -8.50961432e-02  5.75104535e-01
  9.56346616e-02 -1.48211741e+00  8.24226514e-02 -2.12960422e-01
  2.23940596e-01 -2.38509513e-02  3.33458543e-01 -5.47980905e-01
 -6.84443831e-01  4.96499777e-01 -5.88044226e-01 -5.72598204e-02
  3.76398042e-02  1.56635717e-01  1.39730752e-01  5.54943085e-03
 -9.90173817e-01]","[-0.1277016   0.00598516 -0.02058375 -0.08088271  0.11537016 -0.03400186
 -0.0247841   0.08563032 -0.0754135  -0.00968747  0.11040781  0.0765416
  0.32046774 -0.05729703 -0.07519798 -0.05760937  0.01258637  0.07209706
  0.06753083  0.00589625 -0.05070696 -0.11177674]","[-0.393624871969223, 0.001860668882727623, -0.03415622562170029, -0.516008198261261, 0.2109861820936203, 0.015184490010142326, 0.24521806836128235, 0.13960616290569305, -0.05071483924984932, 0.5166689157485962, -0.002925076987594366, 0.003960932604968548, -0.04610894247889519, -0.007907762192189693, -0.03822515904903412, -0.012675137259066105, 0.0018472832161933184, -0.9291647672653198, -0.06770728528499603, -0.03317498788237572, 0.004777552094310522, 0.889539361000061]"
1540,12.015625,"[ 9.80171412e-02  9.95184720e-01  2.00000003e-01  0.00000000e+00
  0.00000000e+00 -1.24036789e-01  1.03543084e-02 -1.04086306e-02
 -5.21860123e-02  1.01288885e-01  2.78547872e-02  8.39815140e-02
 -2.67575067e-02 -3.00271604e-02  3.46384048e-02 -1.40298724e-01
 -2.01992802e-02 -8.96453857e-03  7.05718994e-03 -1.23407364e-01
 -1.20162964e-02 -3.22351456e-02  6.59570694e-02  4.59680557e-02
  7.26709366e-02  2.84194946e-02 -4.84094620e-02 -6.81314478e-03
 -6.59370446e-04  2.19821930e-04 -1.29670147e-02  3.84780928e-03
 -1.01219909e-02 -6.59370446e-04  1.53846748e-03 -2.19821930e-04
 -6.59370446e-04  5.30874531e-04  2.65190890e-03 -2.19821930e-04
 -2.19821930e-04  2.19821930e-04 -2.19821930e-04 -2.19821930e-04
 -2.19821930e-04  2.19821930e-04 -2.19821930e-04  2.19821930e-04
 -1.53846748e-03  2.30488807e-01 -1.44876033e-01 -1.12477019e-01
 -4.02176045e-02 -2.83565164e-01  1.26163661e-02  6.79000676e-01
  2.24823117e-01 -1.82169244e-01  1.02851585e-01  2.40409002e-01
  3.37183952e-01  1.46715152e+00 -3.46170589e-02 -2.52152532e-02
 -8.20768476e-02  1.61632821e-01  2.73819625e-01  6.92505762e-03
  3.47739011e-01 -5.98461032e-01 -5.22501707e-01 -1.10078573e-01
 -1.13922730e-01  4.26167138e-02  1.38856471e-01  7.29696639e-03
 -9.90285635e-01]","[-0.1677819  -0.04654302  0.07715091  0.03152461 -0.17090812 -0.07799452
  0.14165014  0.00279096  0.0054201   0.09234779 -0.02495331  0.06245059
 -0.3623446   0.03088416 -0.02207598  0.00192489 -0.01843904  0.08512215
 -0.141758   -0.07013763  0.09987698 -0.14825721]","[-0.343567430973053, -0.03480593487620354, -0.009539990685880184, -0.5079008340835571, 0.11277036368846893, -0.051918335258960724, 0.30677199363708496, 0.0683307871222496, -0.013921553269028664, 0.5259702205657959, -0.09789341688156128, 0.07791543751955032, -0.005655163433402777, -0.0058634234592318535, -0.03628230094909668, -0.010999483987689018, 0.00850524939596653, -0.9175013899803162, -0.05900117754936218, -0.018217984586954117, -0.0074088783003389835, 0.8613835573196411]"
1550,12.09375,"[ 5.55570245e-01  8.31469595e-01  2.00000003e-01  0.00000000e+00
  0.00000000e+00 -1.16025925e-01  1.26431268e-02 -1.04086306e-02
 -5.56192398e-02  1.03549868e-01  8.15224927e-03  6.87227249e-02
 -2.56130975e-02 -2.58309934e-02  2.20489502e-02 -1.39763564e-01
 -1.09655606e-02 -7.82012939e-03  7.05718994e-03 -1.23407364e-01
 -1.20162964e-02 -3.22351456e-02  6.71014786e-02  4.55865860e-02
  7.26709366e-02  2.84194946e-02 -5.75647354e-02  8.13188590e-03
  2.85711302e-03 -1.97801599e-03 -5.49449911e-03 -2.60021724e-03
 -2.13021673e-02 -1.95604321e-02  3.29666142e-03  5.93404798e-03
 -9.01098270e-03  4.67078481e-03  9.09920782e-03  6.59370446e-04
  6.59370446e-04 -6.59370446e-04 -2.19821930e-04 -2.19821930e-04
  1.09891896e-03  2.19821930e-04  2.19821930e-04 -2.19821930e-04
 -1.69230457e-02 -4.42926526e-01 -4.08729732e-01  4.95416313e-01
 -9.30616707e-02 -7.82686114e-01 -5.75911283e-01 -7.51094744e-02
 -1.95061266e-02 -1.99265331e-02  1.58856884e-02 -2.19002381e-01
  8.46048772e-01 -1.61064827e+00 -2.47667152e-02 -2.79817164e-01
 -6.56257793e-02 -2.10343450e-01  3.18844438e-01 -1.26729861e-01
 -2.59219885e-01  5.86446643e-01 -3.84610653e-01 -6.55163452e-02
 -1.05038166e-01 -9.04039145e-02  1.31725594e-01  1.12081412e-02
 -9.91222858e-01]","[ 0.09035955 -0.0861216   0.00608272 -0.06409229 -0.14901748 -0.18981951
 -0.02709652 -0.06460316  0.0651655  -0.143095   -0.05030627  0.3902377
  0.37453508 -0.01230691 -0.11224971  0.01500632  0.06800493  0.04082253
  0.00462004 -0.1045809  -0.0904028  -0.11132397]","[-0.2874203324317932, -0.11322259157896042, 0.04067380726337433, -0.517218291759491, -0.007057712879031897, -0.15461181104183197, 0.3161931037902832, 0.006665554363280535, 0.03810471296310425, 0.4885130226612091, -0.20337404310703278, 0.2093420773744583, -0.013366890139877796, -5.981670619803481e-05, -0.04878269508481026, 0.0021028234623372555, 0.013373029418289661, -0.929219126701355, -0.046908747404813766, -0.05374177172780037, 0.011835538782179356, 0.8769526481628418]"
1560,12.171875,"[ 8.81921291e-01  4.71396744e-01  2.00000003e-01  0.00000000e+00
  0.00000000e+00 -1.00004196e-01  1.64578240e-02 -5.06805442e-03
 -5.37118912e-02  9.37512964e-02 -2.24287417e-02  6.83412552e-02
 -1.64578240e-02 -2.31607053e-02  2.35748291e-02 -1.42874390e-01
  2.05172971e-03 -5.14984131e-03  7.05718994e-03 -1.23407364e-01
 -1.23977661e-02 -3.22351456e-02  6.82458878e-02  4.55865860e-02
  7.26709366e-02  2.84194946e-02 -7.51123428e-02  2.85711302e-03
  2.17582714e-02 -1.53846748e-03  5.93404798e-03  5.69277629e-03
 -1.43266562e-02 -6.59370446e-04  1.47253042e-02 -2.19821930e-04
  1.53846748e-03 -1.27746339e-03  9.27957427e-03 -2.19821930e-04
  6.59370446e-04  2.19821930e-04 -2.19821930e-04 -2.19821930e-04
 -2.19821930e-04 -6.59370446e-04 -2.19821930e-04 -6.59370446e-04
 -1.38461115e-02  4.45212543e-01 -8.04574728e-01  1.10098690e-01
 -1.47866890e-01 -1.01689386e+00 -6.99463964e-01  7.34286249e-01
 -1.85474068e-01  2.35528573e-01 -5.36547676e-02 -3.05999517e-01
  1.08060384e+00  2.01896119e+00 -7.71095604e-02 -9.91567001e-02
  7.66462162e-02  2.37218410e-01  3.44332680e-02  1.73141420e-01
 -4.16686945e-03 -6.14971399e-01 -2.42532089e-01  1.26194982e-02
 -1.04739338e-01 -8.39823410e-02  1.28515273e-01  9.29648429e-03
 -9.91663933e-01]","[-0.1617146  -0.24290007  0.17220646  0.06985956 -0.29116166 -0.09125198
  0.36985236  0.03744791 -0.00937036  0.21709178 -0.13768007  0.07279115
 -0.23333685  0.04047805  0.06806026 -0.00830756 -0.01271245  0.03230303
 -0.12646274  0.04903413  0.02852049 -0.06354512]","[-0.2665998339653015, -0.19312255084514618, 0.07170415669679642, -0.5070462822914124, -0.07866406440734863, -0.16726361215114594, 0.40262842178344727, 0.007576015777885914, 0.040370214730501175, 0.5354807376861572, -0.24568070471286774, 0.2310444563627243, 0.06173282861709595, 0.004004539921879768, -0.01303523313254118, 0.006603783927857876, 0.014514056965708733, -0.9568673968315125, -0.036814771592617035, -0.017908602952957153, -0.022663474082946777, 0.9190205335617065]"
1570,12.25,"[ 1.00000000e+00  8.32945519e-15  2.00000003e-01  0.00000000e+00
  0.00000000e+00 -8.43629837e-02  2.48501580e-02  2.72521749e-04
 -4.83713150e-02  8.72396976e-02 -3.70144993e-02  6.03303909e-02
 -9.20989923e-03  6.59393333e-03  1.67083740e-02 -1.52813315e-01
  2.83311065e-02 -1.62124634e-02  7.05718994e-03 -1.24551773e-01
 -1.23977661e-02 -3.22351456e-02  6.78644180e-02  4.55865860e-02
  7.22894669e-02  2.88009644e-02 -9.34228897e-02  8.13188590e-03
  4.61540231e-03  1.16483690e-02  3.73630528e-03 -3.12664802e-03
 -6.52094046e-03 -2.65934002e-02  1.07692722e-02  3.62637527e-02
 -5.93404798e-03  9.65074461e-04  2.38312874e-02 -2.04395298e-02
 -6.59370446e-04  1.09891896e-03 -1.97801599e-03 -2.19821930e-04
 -2.19821930e-04 -2.19821930e-04 -1.09891896e-03 -2.19821930e-04
 -1.42857553e-02 -6.07186139e-01 -8.97805870e-01  6.51713371e-01
  2.06122100e-01 -9.90104437e-01 -2.72222698e-01  8.38473201e-01
  1.79799050e-01 -1.61868975e-01  6.72197819e-01 -3.94082665e-01
  4.02062923e-01 -1.54343700e+00  7.47016743e-02 -1.46504752e-02
 -8.32459405e-02 -2.77353525e-01  1.17716387e-01 -3.00208330e-01
 -3.03309262e-02  5.29713631e-01 -1.24622799e-01 -8.38022307e-02
 -1.67101137e-02  8.19132924e-02  1.22183025e-01  1.45555120e-02
 -9.92401004e-01]","[ 0.09456518 -0.1365276   0.026717   -0.09973779 -0.14944384 -0.1854894
 -0.1370798  -0.10326266  0.05875772 -0.1604485  -0.07185061  0.39451075
  0.1896773  -0.0198001  -0.11304283  0.01507991  0.03917427  0.03735157
  0.02107028 -0.14537823 -0.02964409 -0.04074031]","[-0.27937424182891846, -0.23596453666687012, 0.08228741586208344, -0.5041348338127136, -0.06520716845989227, -0.13622720539569855, 0.3755268454551697, 0.014114371500909328, 0.02301311120390892, 0.5425072312355042, -0.24649153649806976, 0.21998648345470428, -0.004304556641727686, 0.002621471881866455, -0.01566612534224987, 0.004435305017977953, 0.0033244891092181206, -0.9675778150558472, -0.027133356779813766, -0.036093492060899734, 0.004434665199369192, 0.9574724435806274]"
1580,12.328125,"[ 8.81921291e-01 -4.71396744e-01  2.00000003e-01  0.00000000e+00
  0.00000000e+00 -8.09297562e-02  2.98092645e-02  1.01907346e-02
 -4.15048599e-02  8.36403966e-02 -4.27256450e-02  8.85591507e-02
 -1.96197443e-03  2.60498431e-02  4.37936783e-02 -1.50980592e-01
  6.35549352e-02 -2.04086304e-02  7.05718994e-03 -1.23407364e-01
 -1.27792358e-02 -3.22351456e-02  6.74829483e-02  4.59680557e-02
  7.19079971e-02  2.80380249e-02 -9.72385406e-02  1.09891896e-03
  2.41756439e-03 -1.09891896e-03  7.25278864e-03 -5.07775135e-03
 -8.04187078e-03  2.74724960e-02  1.09891896e-03  1.12088202e-02
  1.60439499e-02  7.88382161e-03  4.10587266e-02  6.81314478e-03
 -2.19821930e-04  2.19821930e-04 -4.61540231e-03 -2.19821930e-04
  6.59370446e-04 -1.53846748e-03 -2.19821930e-04 -2.19821930e-04
  6.59370446e-04  3.67383718e-01 -5.32904744e-01  4.84058373e-02
 -2.61242837e-01 -4.82514888e-01 -4.71890092e-01 -7.56535679e-03
 -3.08745325e-01  1.52671397e-01 -3.54672253e-01 -1.68747321e-01
  1.14551139e+00  1.77510846e+00 -4.96703014e-02 -3.40026915e-01
  8.10194388e-02  1.21938407e-01  2.44368389e-02  1.59834564e-01
 -2.77857989e-01 -3.77120197e-01 -1.00893222e-01 -1.99243817e-02
 -1.10276183e-02  1.27057597e-01  1.24625824e-01  1.62070394e-02
 -9.92071390e-01]","[-0.09233774 -0.19687617  0.04770874  0.13781045 -0.2559657   0.05314742
  0.40805364  0.01540357 -0.00352215  0.26490012 -0.14625823 -0.09784958
 -0.03104332  0.02315042  0.10720664 -0.00726475  0.01080858  0.02630046
 -0.13456883  0.11624849 -0.06563865 -0.01902012]","[-0.254379004240036, -0.20889058709144592, 0.046000462025403976, -0.48856738209724426, -0.052198171615600586, -0.07896095514297485, 0.39389973878860474, 0.003739392850548029, 0.022200539708137512, 0.5587117075920105, -0.24840615689754486, 0.14829121530056, 0.08303277939558029, -6.018718704581261e-05, -0.008026471361517906, 0.0032111038453876972, 0.015025758184492588, -0.9786435961723328, -0.023376794531941414, -0.014127589762210846, -0.02596656046807766, 0.9788768291473389]"
1590,12.40625,"[ 5.55570245e-01 -8.31469595e-01  2.00000003e-01  0.00000000e+00
  0.00000000e+00 -7.97853470e-02  2.86648553e-02  1.43869016e-02
 -3.99789810e-02  8.25401247e-02 -4.43412736e-02  1.00767136e-01
 -5.01373224e-03  1.80380251e-02  5.29489517e-02 -1.49000466e-01
  9.03781503e-02 -1.88827515e-02  7.05718994e-03 -1.23407364e-01
 -1.39236450e-02 -3.22351456e-02  6.71014786e-02  4.55865860e-02
  7.22894669e-02  2.84194946e-02 -9.15155411e-02  1.97801599e-03
 -2.85711302e-03  9.89007950e-03 -1.09891896e-03  2.28713194e-04
  2.11138977e-04 -1.53846748e-03 -5.49449911e-03 -9.89007950e-03
  2.41756439e-03 -8.56120780e-04  1.73030272e-02 -1.09891896e-03
  2.19821930e-04  2.41756439e-03  2.19821930e-04 -6.59370446e-04
 -6.59370446e-04 -2.19821930e-04 -1.09891896e-03 -2.19821930e-04
  7.25278864e-03 -4.27458376e-01 -5.70962071e-01  2.04402193e-01
  5.85384548e-01 -1.07322490e+00  3.78820807e-01  1.16471887e+00
  3.80868465e-03  5.40085137e-03  8.57051194e-01 -4.01250005e-01
 -3.12218904e-01 -1.06679082e+00  1.30976737e-01  9.51581821e-02
 -8.01174492e-02 -7.50929117e-02  1.35047063e-01 -7.03885198e-01
  2.25437790e-01  1.87757090e-01 -9.18389857e-02  9.96185094e-03
 -8.39682445e-02  1.83677584e-01  1.20935604e-01  2.06374452e-02
 -9.92445827e-01]","[-0.01950538 -0.06615376  0.02122979 -0.11055449 -0.06541307 -0.15105353
 -0.16554102 -0.07617733  0.05083057 -0.09715845 -0.04048437  0.11761194
 -0.07442674 -0.04220651 -0.08809441  0.028364    0.00811897  0.05418759
  0.02768641 -0.17820176  0.06802966 -0.02836511]","[-0.2797238826751709, -0.16740542650222778, 0.028333112597465515, -0.48309189081192017, -0.028116300702095032, -0.032522641122341156, 0.36574795842170715, 0.003364264965057373, 0.0210515595972538, 0.568098783493042, -0.22250325977802277, 0.04084013029932976, -0.01571762003004551, -0.0059063127264380455, -0.009935412555932999, 0.006181173957884312, 0.0023618191480636597, -0.9704962968826294, -0.03562125563621521, -0.02441193163394928, 0.002287591341882944, 0.9869078993797302]"
1600,12.484375,"[ 9.80171412e-02 -9.95184720e-01  2.00000003e-01  0.00000000e+00
  0.00000000e+00 -6.56709671e-02  2.67575067e-02  4.85015847e-03
 -3.08227539e-02  8.17020983e-02 -4.14222181e-02  1.06489182e-01
 -8.44695978e-03  7.73834251e-03  6.43930435e-02 -1.46622449e-01
  9.42138359e-02 -1.23977661e-02  7.05718994e-03 -1.23407364e-01
 -1.39236450e-02 -3.22351456e-02  6.67200089e-02  4.59680557e-02
  7.22894669e-02  2.76565552e-02 -8.57934952e-02  1.69230457e-02
  2.19821930e-04 -5.93404798e-03  1.60439499e-02 -1.42764195e-03
  2.74411379e-03  1.12088202e-02 -6.59370446e-04 -3.29666142e-03
  6.81314478e-03  2.03228882e-03 -2.96087726e-03  1.16483690e-02
 -2.19821930e-04 -6.59370446e-04  2.19821930e-04 -6.59370446e-04
 -1.09891896e-03  2.19821930e-04  1.09891896e-03 -6.59370446e-04
  5.05495071e-03 -4.68994111e-01 -1.04596570e-01  7.09919333e-02
 -4.11287457e-01  3.32265198e-01 -3.78258646e-01 -2.47159183e-01
  1.65232122e-02  6.58713281e-04 -2.16549546e-01  1.62593052e-01
  1.18431687e-01  9.89586532e-01 -1.93567991e-01 -1.59273893e-01
  6.39546365e-02  7.10619390e-02  1.42629802e-01  1.95383087e-01
 -4.14450645e-01  1.14875585e-02 -6.92857876e-02  1.45380944e-01
 -6.00701123e-02  1.35884866e-01  1.16998605e-01  1.52636804e-02
 -9.93014932e-01]","[-4.9376069e-04  1.0048412e-04 -1.1458004e-01  2.5127122e-01
 -8.9765944e-02  3.0184397e-01  1.6639423e-01  1.1775006e-02
 -5.4666128e-02  1.6680130e-01  6.0866218e-02 -2.3416196e-01
  6.0045492e-02  2.2209212e-02  6.7222461e-02 -5.2838851e-02
 -7.3869368e-03  2.9080305e-02 -1.0278455e-01  1.5721336e-01
 -1.0653904e-01  5.9724972e-03]","[-0.29196295142173767, -0.08471722155809402, -0.024668904021382332, -0.46018654108047485, 0.0770106092095375, 0.0422600656747818, 0.3030325770378113, 0.023467112332582474, -0.0008176278206519783, 0.5466431975364685, -0.14030024409294128, -0.04737767204642296, 0.04319370910525322, -0.010740246623754501, -0.008469326421618462, -0.005791397765278816, 0.00583984237164259, -0.9670765399932861, -0.023046817630529404, -0.01068966556340456, -0.015484192408621311, 0.9916532635688782]"
1610,12.562500000000002,"[-3.82683426e-01 -9.23879504e-01  2.00000003e-01  0.00000000e+00
  0.00000000e+00 -5.88045120e-02  2.79019158e-02 -8.71887431e-04
 -2.66265869e-02  8.31448436e-02 -3.61422002e-02  1.06489182e-01
 -9.20989923e-03  8.11981224e-03  7.01150894e-02 -1.47849172e-01
  5.80862984e-02 -6.29425049e-03  7.05718994e-03 -1.23407364e-01
 -1.39236450e-02 -3.22351456e-02  6.67200089e-02  4.59680557e-02
  7.22894669e-02  2.80380249e-02 -7.54938126e-02  6.59370446e-04
 -2.19821930e-04  2.19821930e-04  2.19821930e-04  1.20413140e-03
  5.85901877e-03 -1.09891896e-03 -4.61540231e-03  2.19821930e-04
  1.53846748e-03 -7.04877404e-03 -4.99488860e-02  1.09891896e-03
  2.19821930e-04 -2.19821930e-04 -6.59370446e-04  2.19821930e-04
 -2.19821930e-04 -2.19821930e-04 -2.19821930e-04 -6.59370446e-04
  9.45053156e-03 -2.22528562e-01  3.52667868e-01 -4.51475471e-01
  1.16029739e+00 -3.13582569e-01  1.40146923e+00  2.14021653e-03
  1.16763972e-01 -1.33101910e-01  3.80300283e-01  6.22451961e-01
 -5.41072428e-01 -1.37938738e+00  2.34391004e-01 -4.85936850e-02
 -8.70289505e-02  2.67762803e-02  1.38726130e-01 -9.81882393e-01
  1.48707747e-01 -1.34379864e-02 -7.07206726e-02  2.05000624e-01
 -4.15085182e-02  3.80993485e-02  1.15893722e-01  8.83936696e-03
 -9.93222237e-01]","[-0.41486186 -0.02724146  0.05347535 -0.15950888  0.2343617  -0.17474736
 -0.07584501  0.17532213 -0.04920158  0.01404387  0.12624829 -0.15575959
 -0.05461903 -0.07118987  0.02647767  0.04675155 -0.01016853  0.01602793
  0.01765944 -0.16182826  0.08688456 -0.00645991]","[-0.40556228160858154, -0.026022737845778465, -0.03583153337240219, -0.45704153180122375, 0.19509558379650116, 0.09877704828977585, 0.2668941915035248, 0.11731904000043869, -0.04660683125257492, 0.5602970123291016, -0.031123777851462364, -0.1427939385175705, -0.03776982054114342, -0.013375509530305862, 0.01400493923574686, -0.006261585745960474, -0.000982212251983583, -0.9794038534164429, -0.048085980117321014, -0.018039532005786896, 0.004530459642410278, 0.997840940952301]"
1620,12.640625,"[-7.73010433e-01 -6.34393275e-01  2.00000003e-01  0.00000000e+00
  0.00000000e+00 -4.85048294e-02  2.67575067e-02 -2.07083132e-02
 -1.59454346e-02  8.81517678e-02 -2.62385923e-02  8.36000443e-02
 -8.06549005e-03 -5.99456765e-03  5.56192398e-02 -1.49288088e-01
 -7.79749826e-03 -2.09808350e-03  7.05718994e-03 -1.23407364e-01
 -1.39236450e-02 -3.22351456e-02  6.67200089e-02  4.59680557e-02
  7.26709366e-02  2.80380249e-02 -6.59570694e-02  1.38461115e-02
 -4.17585392e-03 -2.21978184e-02  2.26373672e-02 -2.13260932e-06
 -1.99711343e-04 -4.17585392e-03  2.19821930e-04 -6.81314478e-03
 -1.20879179e-02 -1.24080610e-02 -4.85173091e-02  1.56044010e-02
 -2.19821930e-04 -6.59370446e-04  2.19821930e-04  2.19821930e-04
 -6.59370446e-04  1.97801599e-03  1.09891896e-03  2.19821930e-04
  1.20879179e-02 -1.01179075e+00 -1.34244636e-01  1.38351887e-01
 -4.67133492e-01  7.34078526e-01  1.41202062e-01  1.60597116e-01
  7.51379311e-01 -5.76500833e-01  2.92898893e-01  6.16714001e-01
 -5.80259979e-01  1.57461202e+00 -3.41308624e-01  4.46097329e-02
 -2.51654744e-01  5.39094694e-02 -4.82965261e-02  6.00587070e-01
  6.25367016e-02 -1.47686690e-01  8.49415809e-02  7.54190236e-02
  1.24852419e-01 -9.09171999e-02  1.14145271e-01  3.18469480e-04
 -9.93464112e-01]","[ 0.03894123  0.121097   -0.12325872  0.32930338 -0.07108808  0.41849396
 -0.02917137  0.04760477 -0.07060738  0.06722413  0.24120554 -0.14200455
 -0.23495705  0.06287133  0.00879061 -0.0368091  -0.02764704  0.02345405
 -0.21962887  0.09073446 -0.05837392  0.00334283]","[-0.4011588394641876, -0.01135634072124958, -0.0317828543484211, -0.47910380363464355, 0.2243695706129074, 0.11774677038192749, 0.24677366018295288, 0.1772807538509369, -0.08050160855054855, 0.5443467497825623, 0.032539334148168564, -0.1324392557144165, -0.006547892931848764, -0.013923155143857002, 0.01191281620413065, -0.022033676505088806, -0.003944166470319033, -0.9921247363090515, -0.025603482499718666, -0.006327989045530558, -0.0017734281718730927, 1.0109477043151855]"
1630,12.71875,"[-9.80785251e-01 -1.95090324e-01  2.00000003e-01  0.00000000e+00
  0.00000000e+00 -7.29188919e-02  2.21798699e-02 -2.18536761e-02
 -2.01416016e-02  9.21273082e-02 -4.86224145e-03  8.58888626e-02
 -1.26431268e-02 -8.28338601e-03  5.71451187e-02 -1.47662371e-01
 -1.81120187e-02  1.90734863e-04  7.05718994e-03 -1.23407364e-01
 -1.04904175e-02 -3.22351456e-02  6.59570694e-02  4.63495255e-02
  7.26709366e-02  2.80380249e-02 -5.90906143e-02 -2.39560138e-02
 -1.82417873e-02  1.03296284e-02 -9.89007950e-03 -3.36004724e-03
  2.54272260e-02  8.13188590e-03 -1.69230457e-02  6.37359638e-03
 -1.09891896e-03  3.09467250e-05 -6.59888843e-03 -2.85711302e-03
 -6.59370446e-04 -1.09891896e-03  2.41756439e-03  2.19821930e-04
  2.19821930e-04 -2.85711302e-03 -6.59370446e-04  2.19821930e-04
  5.93404798e-03 -7.25621521e-01  6.57783449e-02  1.00491792e-02
 -1.37427732e-01  8.59737322e-02  4.15676415e-01 -1.39768481e-01
  8.01727355e-01 -1.14052430e-01 -6.16660342e-02  9.02215838e-01
 -3.69654149e-01 -1.73414493e+00  2.30365455e-01 -7.58263096e-02
  1.72725901e-01  1.18611157e-01  6.76603839e-02 -8.34011316e-01
 -5.96846402e-01  3.99182856e-01 -1.21452712e-01 -6.32588640e-02
  1.29690871e-01 -2.61733588e-02  1.22195005e-01  3.05977277e-03
 -9.92501378e-01]","[-3.6145484e-01 -3.5292573e-02  3.1475127e-02 -1.5588541e-01
  2.4647972e-01 -4.6761967e-02  4.5026448e-03  2.3253554e-01
 -1.3814963e-01  6.8244576e-02  1.4986825e-01 -1.4637487e-01
  3.2040659e-01 -8.9086130e-02  7.4285194e-03 -3.8383249e-02
  3.0045724e-03  2.3168698e-04  1.1405403e-01 -3.0922774e-02
  1.6309395e-03 -1.0400783e-02]","[-0.42615556716918945, -0.011529959738254547, -0.029364146292209625, -0.4947451949119568, 0.2370571345090866, 0.11303166300058365, 0.2456836998462677, 0.2117445021867752, -0.08701465278863907, 0.5441849231719971, 0.048133499920368195, -0.13881194591522217, -0.02240886725485325, -0.012732361443340778, 0.006787341088056564, -0.02407635934650898, -0.0034589439164847136, -0.992844820022583, -0.04457056149840355, -0.013658805750310421, 0.0035533434711396694, 0.9987067580223083]"
1640,12.796874999999998,"[-9.56940353e-01  2.90284663e-01  2.00000003e-01  0.00000000e+00
  0.00000000e+00 -8.62703323e-02  1.76022332e-02 -9.64569114e-03
 -2.54821777e-02  9.61670727e-02  1.53476577e-02  8.47444534e-02
 -2.25613397e-02 -1.47683714e-02  4.79898453e-02 -1.42344147e-01
 -2.54309736e-02 -5.91278076e-03  7.05718994e-03 -1.23407364e-01
 -1.08718872e-02 -3.22351456e-02  6.59570694e-02  4.59680557e-02
  7.26709366e-02  2.80380249e-02 -5.03168106e-02 -6.37359638e-03
 -2.19821930e-04  5.93404798e-03 -2.19821930e-04  3.91263282e-03
  2.06301883e-02 -6.59370446e-04 -6.37359638e-03 -6.81314478e-03
 -6.81314478e-03  1.97803928e-03 -2.88819754e-03 -1.97801599e-03
 -2.19821930e-04 -2.19821930e-04  2.19821930e-04  6.59370446e-04
 -2.19821930e-04  6.59370446e-04 -2.19821930e-04  2.19821930e-04
  5.49449911e-03  1.64974719e-01  7.08240569e-02 -1.28326282e-01
 -5.47987968e-02  9.58245248e-02  8.38251472e-01  4.84513789e-01
  7.53626347e-01 -7.67307341e-01  2.98903406e-01  6.90279126e-01
 -4.45764840e-01  1.50817323e+00 -2.04509705e-01 -4.86497432e-02
 -4.84232515e-01 -2.70713121e-04  4.51131836e-02  5.32663584e-01
  7.07244039e-01 -5.26214957e-01  3.42793614e-02 -3.02277226e-02
  1.04669824e-01  5.80573492e-02  1.27575710e-01  3.64193320e-03
 -9.91822124e-01]","[-0.14119206  0.04821434 -0.02253082  0.03777543 -0.00660121  0.13443092
 -0.01982459  0.15844029 -0.03426154  0.00358524  0.2203446  -0.04506585
 -0.4181464   0.06898701 -0.02276991  0.04195364  0.01074335  0.04690271
 -0.23371641 -0.11625613  0.09169483 -0.07172148]","[-0.4247716963291168, -0.007954789325594902, -0.03270993009209633, -0.5042772889137268, 0.23804354667663574, 0.09016424417495728, 0.25840750336647034, 0.21352925896644592, -0.09355476498603821, 0.5429378747940063, 0.04032089188694954, -0.10585394501686096, -0.013029322028160095, -0.014410657808184624, -0.0016109931748360395, -0.02753157913684845, -0.0023662575986236334, -0.97943115234375, -0.04870845377445221, -0.006797672249376774, -0.0033817901276052, 0.9723829627037048]"
1650,12.875,"[-7.07106769e-01  7.07106769e-01  2.00000003e-01  0.00000000e+00
  0.00000000e+00 -1.03055954e-01  1.56948846e-02 -7.73834251e-03
 -3.42569351e-02  9.75005478e-02  2.73861159e-02  8.51259232e-02
 -2.52316277e-02 -1.62942503e-02  4.41751480e-02 -1.40815496e-01
 -2.77727265e-02 -8.58306885e-03  7.05718994e-03 -1.23407364e-01
 -1.04904175e-02 -3.22351456e-02  6.59570694e-02  4.55865860e-02
  7.26709366e-02  2.80380249e-02 -4.87909317e-02 -1.51648521e-02
 -1.97801599e-03  6.59370446e-04 -7.25278864e-03 -1.64217618e-03
  1.72620062e-02 -1.09891896e-03 -1.09891896e-03 -6.59370446e-04
 -1.09891896e-03 -2.16227068e-04 -1.84532750e-04 -3.73630528e-03
 -2.19821930e-04  2.19821930e-04 -2.19821930e-04 -2.19821930e-04
 -6.59370446e-04 -2.19821930e-04 -6.59370446e-04 -2.19821930e-04
 -1.09891896e-03 -1.56501162e+00 -7.67492503e-02  7.35319108e-02
 -7.18346655e-01  7.37650514e-01 -6.08023822e-01 -3.20034057e-01
  8.51359904e-01 -8.87302309e-02 -1.13467194e-01  4.96719122e-01
 -2.47627079e-01 -1.05318296e+00 -1.02863222e-01 -1.32107407e-01
  2.03037873e-01 -5.22444434e-02  2.10870638e-01 -3.70822966e-01
 -8.27194095e-01  4.63539422e-01 -4.24504459e-01 -2.21886840e-02
  9.41425376e-03  1.14736043e-01  1.30017906e-01  2.04731710e-03
 -9.91509557e-01]","[-0.0113089   0.01240943 -0.01496653 -0.06095455  0.07688208  0.11032653
  0.10679544  0.14557993 -0.15798639  0.04181867  0.12870163 -0.01779683
  0.39376286 -0.05635693 -0.02808218 -0.098591    0.02213243  0.04493798
  0.10544819  0.13574573 -0.11728537 -0.05633432]","[-0.41892868280410767, -0.009083530865609646, -0.029223330318927765, -0.531383752822876, 0.2394413948059082, 0.04046597704291344, 0.2596758306026459, 0.19207251071929932, -0.07496814429759979, 0.5255608558654785, 0.010705280117690563, -0.044536832720041275, -0.029604900628328323, -0.013776469975709915, -0.02053188346326351, -0.020377593114972115, 0.003944288939237595, -0.9529119729995728, -0.056512873619794846, -0.02127298340201378, 0.003371007042005658, 0.9276662468910217]"
1660,12.953125000000002,"[-2.90284663e-01  9.56940353e-01  2.00000003e-01  0.00000000e+00
  0.00000000e+00 -1.13737106e-01  1.53134149e-02 -1.04086306e-02
 -4.22677994e-02  9.43328589e-02  3.67368907e-02  8.55073929e-02
 -2.44686883e-02 -2.16348264e-02  4.41751480e-02 -1.41009659e-01
 -2.71088798e-02 -8.96453857e-03  7.05718994e-03 -1.23407364e-01
 -1.08718872e-02 -3.22351456e-02  6.59570694e-02  4.59680557e-02
  7.26709366e-02  2.80380249e-02 -4.91724014e-02 -4.17585392e-03
 -2.19821930e-04 -5.93404798e-03 -1.03296284e-02 -1.24628015e-03
  1.61454827e-03 -2.19821930e-04  6.59370446e-04 -6.37359638e-03
 -2.19821930e-04  6.42767933e-04  1.31351582e-03 -6.59370446e-04
 -6.59370446e-04  1.09891896e-03  2.19821930e-04  2.19821930e-04
  2.19821930e-04 -2.19821930e-04 -2.19821930e-04 -6.59370446e-04
 -2.19821930e-04  1.57560900e-01  1.44853547e-01 -2.06715420e-01
  3.23966116e-01 -7.02996999e-02  5.49397469e-01  6.43412590e-01
  3.78641546e-01 -4.11491394e-01  3.53310406e-01  5.32025337e-01
 -9.62789655e-02  4.56242263e-01  7.52464682e-02  8.74006301e-02
 -2.12888733e-01  1.28871620e-01  3.18635643e-01 -3.35658401e-01
  4.45742816e-01 -4.48519349e-01 -5.11898637e-01 -7.02809244e-02
 -1.65445860e-02  7.19928741e-02  1.29574835e-01  1.42152607e-03
 -9.91568685e-01]","[-0.21928671  0.0177435   0.0207853  -0.10397468  0.03292215 -0.09010561
 -0.08297382  0.0907158   0.00038455 -0.04031428  0.0796497   0.06235209
 -0.36561787 -0.00559302 -0.07837915  0.04125339 -0.02423041  0.0989503
 -0.08724424 -0.16326496  0.1369258  -0.15897423]","[-0.3701516389846802, 0.0002530895289964974, -0.026706088334321976, -0.517807126045227, 0.1973334103822708, 0.013782051391899586, 0.2714134454727173, 0.131972074508667, -0.05320708826184273, 0.5201113820075989, -0.03606016933917999, 0.023574646562337875, -0.03935226798057556, -0.009389566257596016, -0.03517859801650047, -0.016616348177194595, 0.004883157089352608, -0.9221158623695374, -0.05813983827829361, -0.018001168966293335, 0.002379713114351034, 0.8798536658287048]"
1670,13.03125,"[ 1.95090324e-01  9.80785251e-01  2.00000003e-01  0.00000000e+00
  0.00000000e+00 -1.20222092e-01  1.49319451e-02 -1.11715700e-02
 -5.82895279e-02  9.74912643e-02  2.94501744e-02  8.32185745e-02
 -2.37057488e-02 -2.20162962e-02  3.92160416e-02 -1.41150177e-01
 -2.00204384e-02 -8.58306885e-03  7.05718994e-03 -1.23407364e-01
 -1.04904175e-02 -3.22351456e-02  6.59570694e-02  4.59680557e-02
  7.26709366e-02  2.80380249e-02 -5.29870987e-02 -4.61540231e-03
  2.19821930e-04 -6.59370446e-04 -1.25274658e-02  8.02707672e-03
 -1.39837069e-02 -5.05495071e-03  1.09891896e-03 -2.19821930e-04
 -1.97801599e-03  1.17600709e-03  4.15793154e-03 -6.59370446e-04
 -2.19821930e-04 -6.59370446e-04 -6.59370446e-04 -2.19821930e-04
 -2.19821930e-04 -1.09891896e-03  2.19821930e-04  2.19821930e-04
 -8.13188590e-03 -1.47816986e-01  9.11515951e-02  4.71310727e-02
 -3.58929962e-01 -1.13807693e-01 -8.17167163e-01 -7.65076160e-01
 -2.73051649e-01  1.93327785e-01 -5.89576840e-01 -1.61422908e-01
  9.09268618e-01 -5.09374440e-01 -1.79759294e-01 -4.72802550e-01
 -1.24297198e-02  6.81390017e-02  4.42159116e-01 -1.93772726e-02
 -5.89549720e-01  3.51462126e-01 -6.46264732e-01 -1.20917000e-01
 -1.00728661e-01 -8.14494044e-02  1.27439320e-01  5.96768223e-03
 -9.91828442e-01]","[ 0.05316705 -0.10389654  0.01289866  0.00584408 -0.14122371 -0.0631111
  0.25689197  0.0237925  -0.00502766  0.02700982 -0.02285456  0.11921626
  0.437736    0.00157243  0.01884278  0.01649615  0.03276284  0.05970152
 -0.00777522  0.06712895 -0.16160409 -0.12123805]","[-0.3212110102176666, -0.045669954270124435, -0.0008108586189337075, -0.5277530550956726, 0.10365844517946243, -0.08102396130561829, 0.2953163981437683, 0.05117838829755783, 0.007885413244366646, 0.49261221289634705, -0.13005046546459198, 0.11789160221815109, 0.023822421208024025, -0.008381919004023075, -0.04103648662567139, 0.005167969968169928, 0.011174413375556469, -0.9155960083007812, -0.052167292684316635, -0.03970113396644592, -0.008560230024158955, 0.8573755025863647]"
1680,13.109375,"[ 6.34393275e-01  7.73010433e-01  2.00000003e-01  0.00000000e+00
  0.00000000e+00 -1.09922409e-01  2.10354608e-02 -1.15530398e-02
 -5.98154068e-02  9.96529013e-02  1.95238739e-03  7.40633011e-02
 -2.02725213e-02 -2.27792356e-02  3.34939957e-02 -1.40711725e-01
 -9.31044761e-03 -8.96453857e-03  7.05718994e-03 -1.23407364e-01
 -1.12533569e-02 -3.22351456e-02  6.82458878e-02  4.59680557e-02
  7.26709366e-02  2.80380249e-02 -6.51941299e-02  1.51648521e-02
  9.45053156e-03 -2.41756439e-03 -2.19821930e-04 -2.31859554e-03
 -2.47478168e-02 -1.29670147e-02  1.03296284e-02 -5.05495071e-03
 -4.17585392e-03  2.27608322e-03  9.48954653e-03  2.19821930e-04
 -2.19821930e-04 -2.19821930e-04 -2.41756439e-03  2.19821930e-04
  1.53846748e-03  2.19821930e-04 -2.19821930e-04 -2.19821930e-04
 -1.47253042e-02 -1.68490499e-01 -8.54705453e-01  2.63660222e-01
  2.46447757e-01 -8.45563710e-01 -4.88822222e-01  1.65780628e+00
  4.09878939e-02  7.52223283e-02  7.38972247e-01 -5.03243446e-01
  5.70202470e-02  1.06301606e+00  5.86754754e-02  4.63812143e-01
 -7.22507015e-04  2.65154392e-01  1.67590737e-01 -2.18134478e-01
  2.83924013e-01 -3.54531169e-01 -4.08232927e-01 -7.10698441e-02
 -1.57400146e-01 -1.38818979e-01  1.20189115e-01  8.45139660e-03
 -9.92715120e-01]","[-1.5147373e-01 -1.3666850e-01  1.4832741e-01  3.2309422e-03
 -1.7882927e-01 -1.1672872e-01 -1.9498169e-05  1.1164730e-02
 -1.8846080e-02  3.9845843e-02 -5.5777039e-02  2.0970160e-01
 -4.4654775e-01 -1.8802825e-03 -6.2837109e-02 -9.4253197e-03
 -6.3894108e-02  6.4122975e-02 -3.0269831e-02 -5.8172371e-02
  1.4140552e-01 -7.5138964e-02]","[-0.30145537853240967, -0.1498841494321823, 0.06142297759652138, -0.4930678904056549, -0.012455162592232227, -0.1325952112674713, 0.38572752475738525, 0.02310521900653839, 0.023289166390895844, 0.5357856750488281, -0.21887508034706116, 0.1775425225496292, -0.004448621068149805, 0.0035084050614386797, -0.012295810505747795, -6.451057561207563e-05, 0.00615017069503665, -0.9352094531059265, -0.04380519688129425, -0.014056872576475143, -0.0022588204592466354, 0.8899604678153992]"
1690,13.187499999999998,"[ 9.23879504e-01  3.82683426e-01  2.00000003e-01  0.00000000e+00
  0.00000000e+00 -9.00850296e-02  1.91281121e-02 -8.50128196e-03
 -5.98154068e-02  9.29682702e-02 -2.27980819e-02  5.80415726e-02
 -1.37875360e-02 -8.66485573e-03  2.24304199e-02 -1.43701941e-01
  7.46974349e-03 -9.34600830e-03  7.05718994e-03 -1.23407364e-01
 -1.23977661e-02 -3.22351456e-02  6.86273575e-02  4.55865860e-02
  7.26709366e-02  2.80380249e-02 -8.42676163e-02  7.25278864e-03
  3.29666142e-03 -1.53846748e-03 -2.19821930e-04  5.50436322e-03
 -2.20947340e-02 -2.70329472e-02  6.37359638e-03  1.12088202e-02
 -1.51648521e-02  6.46966277e-03  1.14507191e-02 -1.29670147e-02
 -2.19821930e-04  2.19821930e-04 -6.59370446e-04 -6.59370446e-04
 -2.19821930e-04  2.19821930e-04  2.19821930e-04  2.19821930e-04
 -1.99999809e-02 -2.23427013e-01 -5.22060871e-01  4.83875245e-01
 -1.82597652e-01 -6.59762621e-01 -6.12556219e-01 -5.73993862e-01
 -1.18695781e-01 -1.75794363e-02 -2.61488914e-01 -2.33541206e-01
  1.20601368e+00 -1.37257421e+00 -8.55071843e-02 -4.05467600e-01
 -3.31579074e-02 -1.04236737e-01  2.44439080e-01  8.69918317e-02
 -4.95164096e-01  7.08920956e-01 -2.09296137e-01 -9.45330858e-02
 -1.06414463e-02 -9.84489638e-03  1.12998396e-01  1.42948907e-02
 -9.93492365e-01]","[ 0.12729122 -0.1966415   0.0203897  -0.05067002 -0.22747262 -0.14687319
  0.13516487 -0.05646233  0.04803788 -0.04729431 -0.06919773  0.31527042
  0.5394402  -0.01473576 -0.04425613  0.03039208  0.04177615  0.00088949
  0.04077146 -0.0278311  -0.18295887 -0.04533906]","[-0.2694444954395294, -0.18335595726966858, 0.07107347995042801, -0.5149140954017639, -0.043349117040634155, -0.1533481627702713, 0.33100131154060364, 0.0039662509225308895, 0.029495958238840103, 0.507622480392456, -0.22860956192016602, 0.2492169588804245, 0.028401436284184456, -0.005774589721113443, -0.037672705948352814, 0.005110142286866903, 0.003437282983213663, -0.9588724970817566, -0.013235899619758129, -0.04049485921859741, 0.0003158941981382668, 0.9324323534965515]"
1700,13.265625,"[ 9.95184720e-01 -9.80171412e-02  2.00000003e-01  0.00000000e+00
  0.00000000e+00 -8.81776810e-02  2.94277947e-02 -1.63482688e-03
 -5.52377701e-02  8.99734050e-02 -3.68984789e-02  8.62703323e-02
 -7.68402033e-03  8.88275169e-03  4.18863297e-02 -1.44475341e-01
  3.38921845e-02 -1.65939331e-02  7.05718994e-03 -1.23025894e-01
 -1.23977661e-02 -3.22351456e-02  6.78644180e-02  4.55865860e-02
  7.19079971e-02  2.80380249e-02 -9.76200104e-02 -1.09891896e-03
  1.91208851e-02 -2.19821930e-04  1.07692722e-02 -6.67633815e-03
 -1.16393939e-02  2.43955608e-02  9.89007950e-03  2.21978184e-02
  1.42857553e-02  1.14770560e-02  3.49003747e-02 -5.93404798e-03
 -1.09891896e-03 -1.09891896e-03  2.19821930e-04 -2.19821930e-04
 -6.59370446e-04 -1.09891896e-03 -1.09891896e-03 -6.59370446e-04
 -4.61540231e-03  3.14676404e-01 -1.02966666e+00  1.53838053e-01
  5.41739985e-02 -1.00962007e+00 -4.06650960e-01  1.26440716e+00
 -5.02062812e-02  1.25662297e-01  3.10690343e-01 -4.22997713e-01
  5.73860168e-01  2.08321452e+00 -1.17051285e-02  1.70286417e-01
  1.13236316e-01  4.17978287e-01 -4.81063128e-02  1.58187807e-01
  1.80462494e-01 -7.37599254e-01 -5.86323887e-02  4.81434390e-02
 -2.56610345e-02  1.28868520e-01  1.17519282e-01  1.38002131e-02
 -9.92974639e-01]","[-0.16137834 -0.23284033  0.15515849  0.07460047 -0.25138143 -0.02825568
  0.2565297   0.04326122 -0.03776851  0.19838424 -0.11877961  0.08398424
 -0.3500596   0.03221583  0.02678228 -0.0194265  -0.06452039  0.02673041
 -0.10183856  0.01904351  0.09488584 -0.02718258]","[-0.25948822498321533, -0.24905170500278473, 0.07737040519714355, -0.49330225586891174, -0.09335862100124359, -0.11414358764886856, 0.4346277713775635, 0.01825692132115364, 0.021726932376623154, 0.5710897445678711, -0.25656819343566895, 0.20177385210990906, 0.07538261264562607, 0.006114973220974207, 0.0014606002951040864, 0.008497299626469612, 0.004756670445203781, -0.9781042337417603, -0.02518923580646515, -0.0069895461201667786, -0.029499182477593422, 0.9638979434967041]"
1710,13.343750000000002,"[ 8.3146960e-01 -5.5557024e-01  2.0000000e-01  0.0000000e+00
  0.0000000e+00 -7.7877998e-02  3.3623964e-02 -8.7188743e-04
 -4.7989845e-02  8.4057048e-02 -4.7395416e-02  7.5207710e-02
  1.4722068e-03  2.4142494e-02  3.3112526e-02 -1.4837947e-01
  5.9353590e-02 -2.3078918e-02  7.0571899e-03 -1.2493324e-01
 -1.3923645e-02 -3.2235146e-02  6.7482948e-02  4.5586586e-02
  7.2289467e-02  2.8038025e-02 -9.6857071e-02  1.3406563e-02
 -6.5937045e-04  6.8131448e-03  4.6154023e-03 -4.6404800e-03
 -8.4358165e-03 -1.6923046e-02  1.0989190e-03 -3.2966614e-03
 -9.4505316e-03 -5.8549847e-03  2.4569420e-02 -4.6154023e-03
 -2.1982193e-04 -1.5384675e-03 -1.0989190e-03  6.5937045e-04
  2.1982193e-04 -2.1982193e-04 -2.1982193e-04 -2.1982193e-04
  1.5384675e-03 -5.1744378e-01 -6.9480836e-01  5.2535272e-01
  1.0435732e-01 -8.2637703e-01 -1.0885517e-01  1.4768322e-01
  7.9224221e-02 -9.8644316e-02  3.9612243e-01 -3.1725824e-01
  4.1385964e-01 -1.9708596e+00 -1.9826854e-02 -2.7367684e-01
 -7.4818440e-02 -9.5646977e-02  8.2401171e-02 -1.4315051e-01
 -3.7293521e-01  6.5489966e-01 -1.3903916e-02 -4.3348726e-02
  5.7323802e-02  1.8844026e-01  1.1368892e-01  1.7978912e-02
 -9.9335361e-01]","[ 0.07988878 -0.11056622  0.01630859 -0.08167455 -0.09595115 -0.11199948
 -0.05048922 -0.10215459  0.04392912 -0.10702275 -0.03420446  0.27483684
  0.39226753 -0.01158467 -0.09331953  0.01677025  0.02637132  0.01475184
  0.03396863 -0.08992065 -0.06402172 -0.02515865]","[-0.28031256794929504, -0.21478858590126038, 0.06594286859035492, -0.4941630959510803, -0.028181521221995354, -0.07246868312358856, 0.3585136830806732, 0.002917010337114334, 0.015439867973327637, 0.5516507625579834, -0.23734961450099945, 0.1506700962781906, 0.007750123739242554, -0.001279535237699747, -0.023073477670550346, 0.0011438090587034822, 0.0002822950482368469, -0.9779931902885437, -0.01974218152463436, -0.037120021879673004, 0.011081671342253685, 0.9844260811805725]"
1720,13.421875,"[ 4.71396744e-01 -8.81921291e-01  2.00000003e-01  0.00000000e+00
  0.00000000e+00 -7.48262405e-02  3.28610241e-02 -4.90417704e-04
 -3.88345718e-02  8.13162327e-02 -4.75317016e-02  1.16025925e-01
  7.08313659e-04  6.59393333e-03  6.74448013e-02 -1.43772900e-01
  9.06107575e-02 -1.31607056e-02  7.05718994e-03 -1.23025894e-01
 -1.46865845e-02 -3.22351456e-02  6.59570694e-02  4.71124649e-02
  7.19079971e-02  2.76565552e-02 -8.92267227e-02  6.59370446e-04
 -2.19821930e-04 -6.59370446e-04  7.69233704e-03 -2.91890185e-03
  8.58491112e-04  4.37362678e-02 -4.61540231e-03 -1.73625946e-02
  1.34065626e-02  1.24442894e-02  3.74474861e-02  2.08790787e-02
 -2.19821930e-04  1.09891896e-03 -3.73630528e-03 -2.19821930e-04
  2.19821930e-04 -2.85711302e-03 -1.09891896e-03 -1.09891896e-03
  8.13188590e-03  2.50114530e-01 -4.82707679e-01 -7.35405385e-02
 -1.02320485e-01 -3.04687709e-01  7.26391971e-02  4.48180199e-01
 -9.13811326e-02 -2.30430663e-02 -3.26914340e-02  5.92086315e-02
  2.32819483e-01  2.29732180e+00 -7.34780803e-02 -1.93906389e-02
  9.64498296e-02  1.83035076e-01 -5.98794520e-02  2.67899334e-01
  1.04053453e-01 -7.81804740e-01  1.26090348e-02  1.58625823e-02
 -5.95588870e-02  1.65989727e-01  1.17171958e-01  1.92271527e-02
 -9.92925406e-01]","[-0.12138517 -0.08968333  0.01153402  0.19802938 -0.20852192  0.16905305
  0.2427229  -0.01396073  0.00657677  0.21232037 -0.0767877  -0.11855422
 -0.25547764  0.03379184  0.04395144 -0.02454663 -0.01607502  0.04263575
 -0.19728126  0.07408883  0.02193313 -0.02771487]","[-0.2642764151096344, -0.15156899392604828, 0.014313114807009697, -0.4658556282520294, -0.008367707952857018, 0.009825454093515873, 0.3657878637313843, -0.006418782286345959, 0.02145211212337017, 0.5617704391479492, -0.20875877141952515, 0.04303417727351189, 0.07248878479003906, -0.0010871250415220857, -0.010981865227222443, 0.0010394074488431215, 0.007128826808184385, -0.9762081503868103, -0.03848310932517052, -0.004042946733534336, -0.025551768019795418, 0.9864341020584106]"
1730,13.5,"[ 6.85926010e-15 -1.00000000e+00  2.00000003e-01  0.00000000e+00
  0.00000000e+00 -6.91041946e-02  2.98092645e-02  5.99456765e-03
 -3.84531021e-02  8.11367333e-02 -4.64961454e-02  1.16407394e-01
 -5.39520197e-03  3.54217552e-03  6.24856949e-02 -1.34767175e-01
  9.86389816e-02 -1.31607056e-02  7.05718994e-03 -1.24933243e-01
 -1.50680542e-02 -3.26166153e-02  6.59570694e-02  4.67309952e-02
  7.22894669e-02  2.88009644e-02 -8.35046768e-02  1.42857553e-02
 -7.69233704e-03  1.78022385e-02 -1.53846748e-03 -8.75039026e-04
  1.76284427e-03 -1.64834987e-02 -2.41756439e-03  6.59370446e-04
 -1.97801599e-03 -4.92258137e-03 -2.44708471e-02 -1.20879179e-02
  2.19821930e-04 -6.37359638e-03 -6.59370446e-04 -6.59370446e-04
 -1.53846748e-03 -2.19821930e-04 -1.09891896e-03 -2.19821930e-04
  7.69233704e-03 -6.05773807e-01 -2.94237174e-02 -1.02617696e-01
  4.89108026e-01 -3.57742608e-01  5.43262899e-01 -4.24619541e-02
  6.70472533e-03  3.31556126e-02  4.36882704e-01  3.75229865e-02
 -4.31517005e-01 -2.09637046e+00  8.93701017e-02 -2.62115687e-01
  6.90068677e-02 -1.95890553e-02  1.92509502e-01 -7.66961753e-01
 -3.08412552e-01  4.67574716e-01 -1.24954656e-01 -1.76180508e-02
 -2.50002354e-01  2.93425590e-01  1.05637267e-01  2.15571374e-02
 -9.94170904e-01]","[-0.16666666 -0.01740959  0.03487264 -0.14226355  0.14375538 -0.10704961
  0.00765353  0.0504443  -0.02534158 -0.04933932  0.03182925 -0.03405069
  0.24943462 -0.07156494 -0.02189703  0.00390135  0.02164612  0.031783
  0.07322118 -0.10519782  0.00812354 -0.00175401]","[-0.3449459671974182, -0.07204384356737137, -0.012970052659511566, -0.46264880895614624, 0.11832825839519501, 0.04655247926712036, 0.31772464513778687, 0.03504475578665733, -0.0019286081660538912, 0.5523385405540466, -0.14926931262016296, -0.07785061001777649, -0.020582575350999832, -0.015757136046886444, -0.005273199640214443, -0.0010431339032948017, 0.006243256386369467, -0.9627057313919067, -0.04606666788458824, -0.028329381719231606, 0.011128711514174938, 0.9882144927978516]"
1740,13.578124999999998,"[-4.71396744e-01 -8.81921291e-01  2.00000003e-01  0.00000000e+00
  0.00000000e+00 -4.73604202e-02  2.71389764e-02  3.32427956e-03
 -2.66265869e-02  8.12624544e-02 -3.77852693e-02  1.00385666e-01
 -8.82842951e-03  3.92364524e-03  6.66818619e-02 -1.30787671e-01
  6.22477233e-02 -1.31607056e-02  7.05718994e-03 -1.21118546e-01
 -1.50680542e-02 -3.22351456e-02  6.59570694e-02  4.67309952e-02
  7.19079971e-02  2.80380249e-02 -7.43494034e-02  2.43955608e-02
 -6.59370446e-04 -9.89007950e-03  1.56044010e-02 -2.63913884e-03
  5.30838687e-03 -3.73630528e-03 -1.53846748e-03 -2.19821930e-04
  6.81314478e-03  3.09817563e-03 -4.40233201e-02  6.37359638e-03
 -2.19821930e-04 -2.41756439e-03 -2.19821930e-04  2.19821930e-04
 -1.09891896e-03  2.19821930e-04  6.59370446e-04 -6.59370446e-04
  5.49449911e-03 -2.65164942e-01 -7.74424821e-02 -3.15566547e-02
 -1.90650150e-01  4.08434242e-01  6.45658791e-01  4.52837110e-01
  5.38241684e-01 -7.08560169e-01  1.79563880e-01  5.25568783e-01
 -4.64202404e-01  2.15714550e+00 -2.49430805e-01  9.25370827e-02
 -2.75778770e-01 -8.59064609e-02 -3.45142335e-02  6.10870719e-01
  3.54834378e-01 -4.03109431e-01  1.72118574e-01  2.36046344e-01
  3.00889518e-02  1.98702827e-01  9.88691598e-02  1.31680220e-02
 -9.95013237e-01]","[-0.06482156  0.10550223 -0.11774024  0.28510553 -0.03853123  0.3463985
 -0.05519718  0.04646608 -0.03910922  0.07189824  0.17738435 -0.1253836
 -0.3766235   0.07014333  0.00687484 -0.00404765  0.01742786  0.03009955
 -0.26287305  0.00860125  0.00311337 -0.02401591]","[-0.367763489484787, -0.005522780120372772, -0.05087028816342354, -0.44728147983551025, 0.21114914119243622, 0.1249755397439003, 0.2637384235858917, 0.11478579044342041, -0.060977764427661896, 0.5330535173416138, -0.035162679851055145, -0.11933113634586334, 0.018119925633072853, -0.0104821240529418, 0.012346751056611538, -0.016780540347099304, 0.002529239747673273, -0.9801378846168518, -0.043879199773073196, -0.008221047930419445, -0.011269058100879192, 1.0013890266418457]"
1750,13.65625,"[-8.31469595e-01 -5.55570245e-01  2.00000003e-01  0.00000000e+00
  0.00000000e+00 -5.84230423e-02  2.94277947e-02 -4.68658470e-03
 -2.43377686e-02  8.72551203e-02 -2.78284904e-02  9.04664993e-02
 -1.96197443e-03 -5.99456765e-03  6.01968765e-02 -1.35124356e-01
 -5.52079361e-03 -6.29425049e-03  7.05718994e-03 -1.22262955e-01
 -1.50680542e-02 -3.26166153e-02  6.59570694e-02  4.59680557e-02
  7.22894669e-02  2.84194946e-02 -6.48126602e-02 -1.51648521e-02
 -4.61540231e-03  1.53846748e-03 -6.59370446e-04  4.47739335e-03
  7.74423545e-03  3.29666142e-03 -9.89007950e-03 -5.05495071e-03
 -1.12088202e-02 -3.07481475e-02 -4.89208624e-02  9.01098270e-03
 -1.09891896e-03 -3.29666142e-03  1.09891896e-03 -6.59370446e-04
 -2.19821930e-04 -3.29666142e-03 -2.19821930e-04 -2.19821930e-04
  7.69233704e-03 -1.08210444e+00 -1.07532144e-01  1.20070681e-01
 -5.10842621e-01  3.93674642e-01  4.23783436e-02 -1.58284545e-01
  9.04638708e-01 -9.31756198e-02 -6.99742809e-02  8.03208232e-01
 -4.90779817e-01 -1.55552447e+00  1.39372304e-01 -9.95192677e-03
  2.19954699e-01  3.95963751e-02  2.08881944e-02 -6.05174422e-01
 -7.06786513e-01  4.41253662e-01 -8.52877051e-02  1.34333044e-01
  2.26103231e-01  9.02367681e-02  1.09561756e-01  3.08121182e-03
 -9.93975163e-01]","[-0.23273557 -0.03076589  0.01755949 -0.11280037  0.18059796  0.06414368
  0.04105479  0.20335077 -0.16695133  0.08092976  0.15702759 -0.1542238
  0.40949985 -0.08502458  0.01746391 -0.06052545  0.01293469 -0.0144523
  0.15015666  0.03653378 -0.04344081  0.02328765]","[-0.4270395338535309, -0.01826801896095276, -0.03243386000394821, -0.49477821588516235, 0.2435174584388733, 0.10930921137332916, 0.2417297512292862, 0.18211333453655243, -0.08046149462461472, 0.5485053062438965, 0.026105578988790512, -0.14636123180389404, -0.02789299003779888, -0.01351950503885746, 0.01397478673607111, -0.017932677641510963, 0.0027844286523759365, -0.9936254024505615, -0.037202294915914536, -0.01837894693017006, 0.007666232530027628, 1.0046162605285645]"
1760,13.734375000000002,"[-9.95184720e-01 -9.80171412e-02  2.00000003e-01  0.00000000e+00
  0.00000000e+00 -6.49080276e-02  2.67575067e-02 -2.52869036e-02
 -1.44195557e-02  9.49487090e-02 -6.02392294e-03  9.12294388e-02
 -8.82842951e-03 -1.47683714e-02  5.14230728e-02 -1.33596808e-01
 -1.28323101e-02  5.72204590e-04  7.05718994e-03 -1.21881485e-01
 -1.04904175e-02 -3.22351456e-02  6.59570694e-02  4.55865860e-02
  7.26709366e-02  2.84194946e-02 -6.17609024e-02  2.19821930e-04
 -1.03296284e-02 -1.25274658e-02  8.13188590e-03  2.30130064e-03
  3.14137749e-02 -5.05495071e-03 -1.51648521e-02 -1.53846748e-03
 -1.38461115e-02  8.34693853e-03 -1.09788654e-02  4.17585392e-03
 -6.59370446e-04 -1.53846748e-03  2.41756439e-03  6.59370446e-04
  2.19821930e-04  6.59370446e-04 -2.19821930e-04 -6.59370446e-04
  2.19821930e-04  4.88796055e-01  1.63025320e-01 -2.27277115e-01
  3.10015470e-01 -1.52238339e-01  1.18551195e+00  4.67712671e-01
  6.39196932e-01 -7.36332834e-01  3.06239188e-01  7.64231384e-01
 -5.86481571e-01  1.29292643e+00 -1.23514950e-01 -3.14118043e-02
 -5.13595283e-01 -7.18123093e-02  1.79550871e-02  4.43882376e-01
  8.08825433e-01 -5.36106288e-01  1.47919267e-01 -6.45877048e-02
  1.92056507e-01  3.41370702e-03  1.15795925e-01  2.41992995e-03
 -9.93270040e-01]","[-0.20936704  0.00310517  0.01261073 -0.07076366  0.04179609  0.06731471
 -0.03926571  0.21041688 -0.02318129 -0.0172784   0.21439983 -0.08512593
 -0.43270728  0.05404069 -0.01267766  0.04850705  0.01850201  0.02169405
 -0.20337339 -0.16004576  0.11432472 -0.0461751 ]","[-0.41089966893196106, -0.013773585669696331, -0.028546037152409554, -0.4965231418609619, 0.23075246810913086, 0.11819669604301453, 0.2532828450202942, 0.20754751563072205, -0.09067299962043762, 0.5419358015060425, 0.04060442000627518, -0.12989681959152222, -0.0173735860735178, -0.012015627697110176, 0.0071564167737960815, -0.029015030711889267, -0.00147970300167799, -0.9916796088218689, -0.0417889766395092, -0.005606478545814753, -0.0032093836925923824, 0.9966562390327454]"
1770,13.8125,"[-9.23879504e-01  3.82683426e-01  2.00000003e-01  0.00000000e+00
  0.00000000e+00 -9.77153778e-02  1.07357781e-02 -1.38418581e-02
 -3.08227539e-02  9.71340835e-02  2.01642327e-02  8.97035599e-02
 -1.91281121e-02 -1.59127805e-02  4.41751480e-02 -1.28523409e-01
 -2.07210034e-02 -1.90734863e-04  7.05718994e-03 -1.23407364e-01
 -1.08718872e-02 -3.22351456e-02  6.59570694e-02  4.55865860e-02
  7.30524063e-02  2.84194946e-02 -5.68017960e-02 -3.36263664e-02
 -8.57143383e-03  1.20879179e-02 -2.43955608e-02 -2.17946596e-03
  2.30101906e-02 -6.59370446e-04 -1.38461115e-02 -1.09891896e-03
 -1.53846748e-03  4.74941680e-06 -9.62136895e-04 -1.07692722e-02
 -2.19821930e-04 -3.29666142e-03 -1.97801599e-03  2.19821930e-04
  6.59370446e-04 -1.09891896e-03 -1.09891896e-03  6.59370446e-04
  8.13188590e-03 -1.88186848e+00 -1.56823367e-01  1.05117843e-01
 -7.93570161e-01  1.03365946e+00 -8.15811813e-01 -3.02103937e-01
  1.00085104e+00 -1.60963133e-01 -3.02940607e-02  5.20968676e-01
 -6.19861364e-01 -7.85568178e-01 -2.26989180e-01  4.12650704e-02
  1.68499678e-01  1.49844103e-02  1.02032393e-01 -2.57567316e-01
 -8.15324545e-01  4.34928417e-01 -2.53542781e-01 -8.41724873e-02
  1.79318618e-03  5.31153232e-02  1.21011712e-01  6.57890551e-03
 -9.92629290e-01]","[ 0.06848561  0.03246142 -0.03007659 -0.0093536   0.02054535  0.20053354
  0.15431973  0.16846293 -0.18651386  0.05474931  0.13220921 -0.07619044
  0.39290023 -0.04269334 -0.02166705 -0.11667397 -0.00578233  0.02521654
  0.11392581  0.18990235 -0.14169717 -0.00973971]","[-0.4246617257595062, -0.0060646431520581245, -0.026306437328457832, -0.521368145942688, 0.24714602530002594, 0.07098904252052307, 0.2651815414428711, 0.20785430073738098, -0.08546938002109528, 0.5318402051925659, 0.01686394214630127, -0.10282652825117111, -0.012621616944670677, -0.016663923859596252, -0.005729621276259422, -0.02559148333966732, 0.0009966276120394468, -0.9753702282905579, -0.05055202916264534, -0.013169584795832634, -0.0037849179934710264, 0.9645804762840271]"
1780,13.890625,"[-6.34393275e-01  7.73010433e-01  2.00000003e-01  0.00000000e+00
  0.00000000e+00 -1.06489182e-01  1.18801873e-02 -7.35687278e-03
 -4.03604507e-02  9.62162912e-02  3.13617662e-02  8.81776810e-02
 -2.37057488e-02 -2.50680540e-02  4.37936783e-02 -1.28610939e-01
 -2.22222935e-02 -3.24249268e-03  7.05718994e-03 -1.23025894e-01
 -1.20162964e-02 -3.22351456e-02  6.59570694e-02  4.59680557e-02
  7.26709366e-02  2.84194946e-02 -5.14612198e-02  6.59370446e-04
  1.53846748e-03  2.41756439e-03  1.09891896e-03  3.33328033e-03
  6.09912025e-03 -1.53846748e-03 -2.19821930e-04 -1.34065626e-02
  6.59370446e-04 -9.80320387e-04 -1.52216828e-03 -1.53846748e-03
 -2.19821930e-04 -6.59370446e-04 -2.19821930e-04  2.19821930e-04
 -2.19821930e-04 -2.19821930e-04 -1.09891896e-03 -6.59370446e-04
  2.19821930e-04  1.60219476e-01  3.54003310e-01 -3.32055569e-01
  7.65932262e-01 -1.06882483e-01  9.44996834e-01  3.72780800e-01
  3.06573242e-01 -4.15663242e-01  3.57525229e-01  6.59023643e-01
 -2.86062509e-01 -2.22102582e-01  1.24811918e-01  1.21654853e-01
 -1.96045920e-01  7.59252608e-02  2.57320881e-01 -6.27945364e-01
  4.86679137e-01 -3.58743429e-01 -3.76385033e-01 -5.65291196e-03
  2.32052002e-02  7.16907606e-02  1.20883368e-01  4.46691550e-03
 -9.92656708e-01]","[-0.34625784 -0.00887352  0.01283344 -0.16538961  0.16030328 -0.15514822
 -0.08929754  0.17000382 -0.00479111 -0.03863814  0.09712704 -0.03479776
 -0.2809318  -0.027163   -0.05339883  0.04054915 -0.02261316  0.07248671
 -0.0735117  -0.18841907  0.11687106 -0.12277574]","[-0.39575013518333435, 0.00022536292090080678, -0.032488513737916946, -0.5175501704216003, 0.2282545417547226, 0.04177164286375046, 0.26890018582344055, 0.17048856616020203, -0.06525547057390213, 0.5228619575500488, -0.020071160048246384, -0.031473856419324875, -0.04188624769449234, -0.011597865261137486, -0.024332746863365173, -0.02089277096092701, -0.0004858093452639878, -0.9432413578033447, -0.05900520831346512, -0.01425203774124384, 0.00039302633376792073, 0.9156171679496765]"
1790,13.968749999999998,"[-1.95090324e-01  9.80785251e-01  2.00000003e-01  0.00000000e+00
  0.00000000e+00 -1.16407394e-01  1.26431268e-02 -7.35687278e-03
 -4.98971939e-02  9.78641659e-02  3.25398594e-02  8.85591507e-02
 -2.33242791e-02 -2.77383421e-02  4.03604507e-02 -1.29956931e-01
 -1.98647119e-02 -3.24249268e-03  7.05718994e-03 -1.23407364e-01
 -1.20162964e-02 -3.22351456e-02  6.59570694e-02  4.59680557e-02
  7.26709366e-02  2.84194946e-02 -5.26056290e-02 -9.01098270e-03
 -2.19821930e-04  1.09891896e-03 -1.03296284e-02  6.78187644e-04
 -1.00174895e-03  2.19821930e-04  2.19821930e-04 -2.19821930e-04
 -6.59370446e-04  1.04346720e-04  1.15123542e-03 -6.59370446e-04
 -2.19821930e-04 -6.59370446e-04 -1.09891896e-03  2.19821930e-04
 -2.19821930e-04 -6.59370446e-04  2.19821930e-04 -2.19821930e-04
 -6.59370446e-04 -6.97777629e-01  7.97187686e-02 -5.47958352e-02
 -4.37750638e-01  4.66564894e-01 -6.77100062e-01 -5.30619562e-01
  1.65393054e-01  1.87025666e-02 -3.39089215e-01  1.21096894e-01
  3.93214911e-01  9.90009457e-02 -2.58643836e-01 -3.53553593e-01
 -3.81903052e-02  2.88355984e-02  3.93969715e-01  7.34430850e-02
 -3.84513110e-01  1.94264382e-01 -5.33713520e-01 -8.64227563e-02
 -4.70305122e-02  4.00251485e-02  1.21334061e-01  5.63433208e-03
 -9.92595792e-01]","[ 0.01499809 -0.00399427 -0.03007512  0.06825355 -0.03342371  0.081991
  0.21361801  0.07010511 -0.06851588  0.08512237  0.07773808 -0.0087144
  0.20468818  0.01777805  0.0361373  -0.03046172  0.0375467   0.08134721
 -0.07557799  0.09882643 -0.13144718 -0.14248294]","[-0.38067230582237244, -0.015762275084853172, -0.021107472479343414, -0.5289261937141418, 0.19941051304340363, -0.023728054016828537, 0.2817550599575043, 0.11411366611719131, -0.031073253601789474, 0.5139049291610718, -0.06683371961116791, 0.02512693591415882, -0.0022348605562001467, -0.011977127753198147, -0.029713178053498268, -0.008946501649916172, 0.008831998333334923, -0.9195427298545837, -0.05912775918841362, -0.028056416660547256, -0.0075688352808356285, 0.8714689612388611]"
1800,14.046875,"[ 2.90284663e-01  9.56940353e-01  2.00000003e-01  0.00000000e+00
  0.00000000e+00 -1.14500046e-01  1.53134149e-02 -7.73834251e-03
 -5.52377701e-02  1.00152612e-01  1.79163441e-02  8.43629837e-02
 -2.17984002e-02 -2.73568723e-02  3.76901627e-02 -1.30170226e-01
 -1.35263093e-02 -3.24249268e-03  7.05718994e-03 -1.23407364e-01
 -1.20162964e-02 -3.22351456e-02  6.67200089e-02  4.55865860e-02
  7.26709366e-02  2.84194946e-02 -5.71832657e-02  1.97801599e-03
  2.85711302e-03 -2.41756439e-03 -5.49449911e-03  3.60764237e-03
 -1.72158442e-02 -8.57143383e-03  3.29666142e-03 -1.09891896e-03
 -2.85711302e-03  2.72860145e-03  6.12459006e-03 -1.09891896e-03
 -2.19821930e-04 -6.59370446e-04 -6.59370446e-04  6.59370446e-04
 -2.19821930e-04 -2.19821930e-04 -1.53846748e-03 -2.19821930e-04
 -5.05495071e-03 -5.29140294e-01 -4.05814469e-01  1.76705167e-01
  3.35457027e-01 -6.51974738e-01 -1.77795798e-01  1.32444644e+00
  7.46859238e-02  2.44816393e-02  8.70208621e-01 -3.06158423e-01
 -2.30363458e-01 -4.63904411e-01  1.32045239e-01  3.78769219e-01
  6.26470000e-02 -5.53076454e-02  3.23424101e-01 -6.91471100e-01
  3.13716829e-01 -5.18958569e-02 -5.77220261e-01 -1.03209421e-01
 -7.44653493e-02 -8.57745577e-03  1.17786430e-01  7.89366663e-03
 -9.93007660e-01]","[-0.01145969 -0.02291028  0.05184395 -0.0874317  -0.10133601 -0.19134165
 -0.18740073 -0.08137809  0.04857624 -0.14815123 -0.07305452  0.29372585
 -0.2569515  -0.02922419 -0.12524809 -0.00157091  0.002139    0.10834847
 -0.01045642 -0.14252855  0.09833702 -0.13602626]","[-0.29867956042289734, -0.05427585542201996, 0.009401774033904076, -0.5099027156829834, 0.07306016236543655, -0.08417338877916336, 0.3048253357410431, 0.027049582451581955, 0.012817028909921646, 0.5028218030929565, -0.16511300206184387, 0.1337348073720932, -0.04245831072330475, -0.0015341166872531176, -0.03509009629487991, -0.005429516080766916, 0.009420732967555523, -0.9103565216064453, -0.0634027048945427, -0.028817880898714066, 0.0036549479700624943, 0.8587605953216553]"
1810,14.125000000000002,"[ 7.07106769e-01  7.07106769e-01  2.00000003e-01  0.00000000e+00
  0.00000000e+00 -1.13355637e-01  1.60763543e-02 -7.73834251e-03
 -6.36301041e-02  9.87221748e-02 -9.56591405e-03  7.71150589e-02
 -1.79837029e-02 -2.39236448e-02  3.38754654e-02 -1.31510973e-01
 -3.52354348e-03 -2.86102295e-03  7.05718994e-03 -1.23407364e-01
 -1.20162964e-02 -3.22351456e-02  6.82458878e-02  4.55865860e-02
  7.26709366e-02  2.84194946e-02 -6.59570694e-02  2.19821930e-04
 -6.59370446e-04 -1.53846748e-03 -9.89007950e-03  9.29573725e-04
 -2.90720891e-02 -7.25278864e-03  8.13188590e-03  1.53846748e-03
 -2.41756439e-03  1.65241666e-03  7.67784705e-03  6.59370446e-04
 -6.59370446e-04 -1.53846748e-03  2.19821930e-04 -6.59370446e-04
  1.09891896e-03 -2.19821930e-04  2.19821930e-04 -2.19821930e-04
 -1.95604321e-02  2.63342917e-01 -2.39510074e-01  1.55009076e-01
 -3.57720673e-01 -4.17475313e-01 -9.27957952e-01 -8.22742462e-01
 -4.36756343e-01  2.69908428e-01 -8.18403184e-01 -3.36328804e-01
  1.61433601e+00 -1.14266805e-01 -1.18951336e-01 -4.59647059e-01
  1.21438436e-01 -5.37012517e-02  3.70501935e-01  1.16602443e-02
 -6.01204157e-01  2.16233179e-01 -4.60692018e-01 -9.76676792e-02
 -1.73889324e-01 -2.80567780e-02  1.12923980e-01  1.26947984e-02
 -9.93522406e-01]","[-0.00143994 -0.23282927  0.05116481  0.0566648  -0.21279106 -0.12414142
  0.3936898  -0.00219074  0.03031821  0.12850109 -0.11916576  0.06878199
  0.44132176  0.00715336  0.09152799  0.00865759  0.08419672  0.02264887
 -0.01205347  0.0659733  -0.15727462 -0.07339965]","[-0.2585373520851135, -0.15208940207958221, 0.04834362864494324, -0.513092577457428, -0.018138248473405838, -0.16134509444236755, 0.35119086503982544, -0.007822040468454361, 0.04342249408364296, 0.4916229844093323, -0.23841847479343414, 0.21749399602413177, 0.07562726736068726, -0.004815960302948952, -0.022223521023988724, 0.0080333286896348, 0.020987071096897125, -0.9370958805084229, -0.030391059815883636, -0.03575947880744934, -0.02175826206803322, 0.8943147659301758]"
