step,phase,obs,action_scaled,smoothed_joint_pos
0,,,,"[0.0, 0.0, 0.0, 0.0, 0.0, 0.0, 0.0, 0.0, 0.0, 0.0]"
10,0.0703125,"[ 4.2755508e-01  9.0398932e-01  2.0000000e-01  0.0000000e+00
  0.0000000e+00 -2.4852753e-02  1.1880187e-02  3.3242796e-03
 -1.2047005e-01  1.3433912e-01  3.5916328e-02 -5.0137322e-03
 -2.0490417e-02  6.8970680e-02 -1.3813058e-01 -2.1982193e-04
 -2.1982193e-04  2.1982193e-04  2.1982193e-04  3.2456859e-04
 -6.5937045e-04  2.1982193e-04 -2.1982193e-04  6.5937045e-04
 -1.1386253e-04  5.1598358e-01  5.5497557e-01  1.2768493e+00
  4.0331975e-01 -7.6683149e-02  1.9192007e+00 -8.2606333e-01
  2.1540195e-01  7.4758166e-01  2.6040491e-01 -6.1508018e-04
 -1.3906784e-04 -1.2888820e-04 -2.8621672e-02  2.8887955e-02
 -1.9736154e-01]","[ 0.12820601  0.13713652  0.3182114   0.10180178 -0.02045984  0.47622138
 -0.20291634  0.05189215  0.18491903  0.0626427 ]","[-0.11767847090959549, 0.1081879734992981, 0.31935033202171326, -0.3979005217552185, 0.13943369686603546, 0.7333546876907349, -0.16590546071529388, 0.060887306928634644, 0.6886518001556396, -0.08317634463310242]"
20,0.1484375,"[ 8.03207517e-01  5.95699310e-01  2.00000003e-01  0.00000000e+00
  0.00000000e+00 -2.48527527e-02  1.18801873e-02  3.32427956e-03
 -1.20470047e-01  1.34339124e-01  3.59163284e-02 -5.01373224e-03
 -2.04904173e-02  6.89706802e-02 -1.38130575e-01 -2.19821930e-04
  2.19821930e-04 -6.59370446e-04 -2.19821930e-04 -1.05823136e-04
  2.19821930e-04 -6.59370446e-04 -2.19821930e-04  2.19821930e-04
  1.09103778e-04  5.00572681e-01  4.88360643e-01  1.30954325e+00
  4.01448041e-01 -5.96563965e-02  1.94617009e+00 -7.17324138e-01
  1.60663873e-01  7.59161592e-01  1.91214040e-01  6.14805322e-04
  4.56730864e-04  5.39219436e-05 -2.85368487e-02  2.88751423e-02
 -1.97341114e-01]","[ 0.12518868  0.12053274  0.32806313  0.1000891  -0.01476667  0.48755205
 -0.17692986  0.03907883  0.19046518  0.04695852]","[-0.12408725172281265, 0.0937296524643898, 0.31658756732940674, -0.3991719186306, 0.13428349792957306, 0.7349497079849243, -0.15102630853652954, 0.05109871178865433, 0.688988447189331, -0.10041718930006027]"
30,0.22656249999999997,"[ 9.8917651e-01  1.4673047e-01  2.0000000e-01  0.0000000e+00
  0.0000000e+00 -2.4852753e-02  1.1880187e-02  3.3242796e-03
 -1.2047005e-01  1.3433912e-01  3.5916328e-02 -5.0137322e-03
 -2.0490417e-02  6.8970680e-02 -1.3813058e-01  6.5937045e-04
 -2.1982193e-04  1.0989190e-03 -2.1982193e-04  1.7689662e-06
 -1.0989190e-03 -2.1982193e-04  2.1982193e-04  2.1982193e-04
  1.0910378e-04  5.0969565e-01  4.4477877e-01  1.3392758e+00
  3.9192382e-01 -5.4136768e-02  2.0052092e+00 -6.4580172e-01
  1.3410780e-01  7.8995943e-01  1.6937682e-01  5.2700219e-05
  3.9987676e-04 -2.2147356e-04 -2.8471643e-02  2.8955730e-02
 -1.9733799e-01]","[ 0.12846658  0.11066576  0.33600113  0.09787209 -0.01424212  0.5032096
 -0.15997843  0.0330791   0.19856973  0.04316423]","[-0.12271411716938019, 0.08212883770465851, 0.3244498670101166, -0.4016437232494354, 0.13613131642341614, 0.7503016591072083, -0.13294214010238647, 0.0441376194357872, 0.6968953013420105, -0.10720048099756241]"
40,0.3046875,"[ 0.94154406 -0.33688986  0.2         0.          0.         -0.02904892
  0.05880097  0.11700416 -0.11360359  0.13383597  0.08131123 -0.00425079
 -0.01705719  0.10444832 -0.13058603 -0.00725279  0.04813185  0.15582418
  0.01120882 -0.00375028  0.05384617  0.01208792  0.0063736   0.04285717
  0.01034695  0.28162614  0.41589037  1.2035072   0.3670127   0.20250382
  1.6573288  -0.4408644   0.1467129   0.63223624 -0.1716453   0.0499433
  0.06764252 -0.05199996 -0.01991707  0.0415407  -0.20292638]","[ 0.0687871   0.10341332  0.3023053   0.09808684  0.05831072  0.39514107
 -0.07233258  0.02631685  0.15262346 -0.03905135]","[-0.15374282002449036, 0.07613473385572433, 0.2998451888561249, -0.40545639395713806, 0.18339374661445618, 0.7018076777458191, -0.08309302479028702, 0.040461216121912, 0.674926221370697, -0.15936388075351715]"
50,0.3828125,"[ 6.71558976e-01 -7.40951121e-01  2.00000003e-01  0.00000000e+00
  0.00000000e+00 -3.51533890e-02  1.13733560e-01  2.73408651e-01
 -9.14773941e-02  1.24710351e-01  1.73628807e-01  1.55865867e-02
 -1.01907346e-02  1.65865898e-01 -1.26187295e-01 -4.61540231e-03
 -1.97801599e-03 -3.40659134e-02  1.07692722e-02 -5.72594674e-03
  3.62637527e-02  9.45053156e-03 -2.19821930e-04  1.38461115e-02
 -1.55941292e-03  5.03726482e-01  6.44432664e-01  1.38791656e+00
  5.75762331e-01  1.00741774e-01  1.46737719e+00 -4.45409790e-02
  3.84957969e-01  5.98817170e-01  1.06070936e-02  7.05792829e-02
  4.47643250e-02 -1.37994200e-01  3.11822258e-03  6.56441897e-02
 -2.41588295e-01]","[ 0.13732892  0.17045447  0.34993958  0.14872573  0.0164356   0.37037402
 -0.0146346   0.09926023  0.14617454  0.00449915]","[-0.13714663684368134, 0.12247498333454132, 0.33002427220344543, -0.3589879870414734, 0.18559499084949493, 0.6163305044174194, 0.024250337854027748, 0.10209713876247406, 0.6494594216346741, -0.15371645987033844]"
60,0.46093749999999994,"[ 2.42980182e-01 -9.70031261e-01  2.00000003e-01  0.00000000e+00
  0.00000000e+00 -2.71415710e-02  1.21744424e-01  2.32591406e-01
 -5.79080582e-02  1.16943836e-01  2.23220825e-01  2.77936179e-02
  1.65121462e-02  1.77691460e-01 -1.25760466e-01  1.25274658e-02
  2.41756439e-03  6.37359638e-03  1.86813362e-02 -6.53365767e-03
  1.69230457e-02  7.69233704e-03  3.27472687e-02 -6.59370446e-04
  4.66160849e-03  8.36783886e-01  8.98005664e-01  1.40016866e+00
  6.95385218e-01 -9.69402045e-02  1.58097363e+00 -2.12394133e-01
  4.37910467e-01  5.66914678e-01  1.44274235e-01  3.39623913e-02
  4.10644570e-03 -1.18428014e-01  2.17027664e-02  7.68697634e-02
 -3.00339907e-01]","[ 0.21044743  0.23001553  0.3449281   0.17519738 -0.02137635  0.39582127
 -0.04986503  0.10967961  0.1408633   0.03913515]","[-0.04404539614915848, 0.1898353397846222, 0.34209197759628296, -0.3285301923751831, 0.1258842945098877, 0.6391072273254395, -0.01964704878628254, 0.12091106921434402, 0.6415337324142456, -0.1158844530582428]"
70,0.5390625,"[-2.42980182e-01 -9.70031261e-01  2.00000003e-01  0.00000000e+00
  0.00000000e+00 -4.38690186e-04  1.28230363e-01  2.48613134e-01
 -1.86157227e-02  9.96550322e-02  2.37335205e-01  3.92377079e-02
  5.42786047e-02  1.82269096e-01 -1.15235895e-01  1.64834987e-02
  4.17585392e-03  1.03296284e-02  2.39560138e-02 -7.05268234e-03
  3.73630528e-03  7.25278864e-03  1.07692722e-02  1.53846748e-03
  3.00341682e-03  8.95568013e-01  9.89046514e-01  1.16563725e+00
  7.68178821e-01 -1.22332960e-01  1.48433161e+00 -2.05028161e-01
  4.72082943e-01  4.89649624e-01  1.92984924e-01  4.01462466e-02
 -1.56078243e-03 -2.58283857e-02  3.24565656e-02  7.66378641e-02
 -3.27033609e-01]","[ 0.23051926  0.2503542   0.28611484  0.19754589 -0.03353995  0.3646322
 -0.04895495  0.1208181   0.11885307  0.04803205]","[-0.030341321602463722, 0.21505947411060333, 0.289568692445755, -0.3133954107761383, 0.12253820151090622, 0.6297274827957153, -0.02674943394958973, 0.12619096040725708, 0.6277241110801697, -0.1008206382393837]"
80,0.6171875,"[-6.7155898e-01 -7.4095112e-01  2.0000000e-01  0.0000000e+00
  0.0000000e+00  2.3593903e-02  1.3700417e-01  2.4861313e-01
  2.3727417e-02  8.2858101e-02  2.5183105e-01  4.7248572e-02
  5.8474772e-02  1.8341351e-01 -1.0942018e-01  6.8131448e-03
  2.1982193e-04 -9.8900795e-03  2.3516465e-02 -7.8000696e-03
  5.9340480e-03  3.7363053e-03 -1.0989190e-03  2.1982193e-04
  4.3658097e-03  1.1244622e+00  1.1555319e+00  8.5944903e-01
  9.8438668e-01 -2.4400966e-01  1.1383355e+00 -6.2121727e-02
  5.1167029e-01  2.6711723e-01  5.8123659e-02  3.0810159e-02
  6.5072286e-03 -2.1879647e-02  4.6402197e-02  7.8372367e-02
 -3.3207780e-01]","[ 0.2882234   0.29297638  0.19947696  0.25365725 -0.06722197  0.26776078
 -0.00859565  0.12711403  0.05658163  0.00702092]","[0.02237713895738125, 0.2530231177806854, 0.21492955088615417, -0.2595497667789459, 0.0948028713464737, 0.5454850792884827, 0.009891126304864883, 0.13937003910541534, 0.5736510157585144, -0.13041643798351288]"
90,0.6953125,"[-9.4154406e-01 -3.3688986e-01  2.0000000e-01  0.0000000e+00
  0.0000000e+00  4.7245979e-02  1.4196327e-01  2.2038342e-01
  6.4927101e-02  6.5004736e-02  2.5946045e-01  5.6785315e-02
  5.8856241e-02  1.8150616e-01 -1.0533729e-01  2.2197818e-02
  5.0549507e-03 -1.5604401e-02  2.5274754e-02 -7.5355172e-03
 -6.5937045e-04  9.0109827e-03 -2.1982193e-04 -6.5937045e-04
  6.7735394e-04 -3.5497028e-01  1.0695417e+00 -2.2344786e-01
  1.5467048e-01 -4.1513389e-01 -3.5575390e-01  8.1815439e-01
 -3.5545844e-01 -3.5378408e-01 -6.7686915e-01  3.3960577e-02
 -1.6980030e-02 -4.5923561e-02  5.8686208e-02  7.6142415e-02
 -3.4624010e-01]","[-0.4160109   0.1238794  -0.04255189 -0.13814436 -0.03005727 -0.02457022
  0.17515245 -0.15312012 -0.04535131 -0.19836253]","[-0.20275115966796875, 0.26307210326194763, -0.009336312301456928, -0.3740297555923462, 0.052960168570280075, 0.24498310685157776, 0.17874759435653687, 0.004852417856454849, 0.44431403279304504, -0.27835363149642944]"
100,0.7734375,"[-9.8917651e-01  1.4673047e-01  2.0000000e-01  0.0000000e+00
  0.0000000e+00  6.6700935e-02  1.4158180e-01  1.1967445e-01
  9.3919754e-02  4.3850616e-02  2.4382019e-01  7.7767104e-02
  4.8556559e-02  1.7769146e-01 -1.1949831e-01  2.8571130e-03
 -6.3735964e-03 -1.3824177e-01  1.5384675e-03 -1.0221136e-02
 -1.0769272e-02  1.3406563e-02  3.2966614e-03  2.1982193e-04
 -9.8395459e-03 -2.2447982e+00  1.8774006e-01 -5.1469064e-01
 -9.0184933e-01 -3.2721084e-01  1.2624022e-01  2.5176609e-01
 -9.8276928e-02  2.0632093e-01 -5.3230524e-01  1.0534266e-02
 -4.3929297e-02 -5.4715504e-03  6.6187404e-02  6.6995881e-02
 -3.5802180e-01]","[-0.5697932   0.03688659 -0.10580613 -0.23398411 -0.08862425  0.02978284
  0.06251933 -0.03834977  0.05005543 -0.13160846]","[-0.8279659152030945, 0.007975283078849316, -0.1336110532283783, -0.7199939489364624, 0.06410787254571915, 0.27871549129486084, 0.10142870992422104, -0.004056145437061787, 0.5514038801193237, -0.2853582799434662]"
110,0.8515625,"[-8.03207517e-01  5.95699310e-01  2.00000003e-01  0.00000000e+00
  0.00000000e+00  1.25312805e-02  1.19074136e-01 -5.92377111e-02
  1.83868408e-02  4.79288846e-02  2.33139038e-01  8.27262104e-02
  5.80933020e-02  1.83413506e-01 -1.26819044e-01 -7.49450698e-02
 -2.30769161e-02 -6.26373291e-02 -9.34065804e-02  1.13171255e-02
  9.89007950e-03 -1.34065626e-02  7.25278864e-03 -1.53846748e-03
 -3.20357247e-03 -2.19500804e+00  8.54187645e-03 -1.11793004e-01
 -9.59612012e-01 -2.79051602e-01  1.05844185e-01  1.85991332e-01
 -4.65890378e-01  1.58697516e-01 -4.88582730e-01 -1.03683606e-01
  6.10934645e-02  1.07732780e-01  5.14236875e-02  7.09347501e-02
 -3.40929747e-01]","[-0.54161185  0.00197632 -0.00725417 -0.23685467 -0.06352238  0.02653502
  0.05088625 -0.13726565  0.03503181 -0.12019089]","[-0.8243387341499329, -0.015854043886065483, -0.04794241487979889, -0.7506613731384277, 0.06784207373857498, 0.27019330859184265, 0.08531064540147781, -0.10002059489488602, 0.5406208634376526, -0.2672240138053894]"
120,0.9296874999999999,"[-4.2755508e-01  9.0398932e-01  2.0000000e-01  0.0000000e+00
  0.0000000e+00 -1.3319206e-01  7.5205117e-02 -1.0463356e-01
 -1.3649178e-01  6.9116712e-02  2.2856140e-01  2.2071572e-02
  3.3679239e-02  1.6624737e-01 -1.2824437e-01 -6.9230750e-02
 -1.2087918e-02  6.7033008e-02 -6.2637329e-02  2.9798641e-03
 -1.0329628e-02 -5.5164814e-02 -3.9780237e-02 -1.6923046e-02
 -5.4947537e-04 -2.2404628e+00 -1.2416712e-01  2.7783042e-01
 -9.2332399e-01 -3.9668530e-01 -9.5891982e-02  2.6301554e-01
 -9.2046553e-01  6.6200927e-02 -1.7081571e-01 -1.1168662e-01
  5.3229492e-02  2.2306222e-01  8.9968238e-03  9.2732012e-02
 -2.7058709e-01]","[-0.5460855  -0.02941788  0.06365871 -0.22567749 -0.0985679  -0.02879548
  0.06343008 -0.23132613  0.01386483 -0.03554611]","[-0.8162012696266174, -0.05803244188427925, 0.05991925671696663, -0.7343866229057312, 0.05555163323879242, 0.2324805110692978, 0.09958943724632263, -0.21716223657131195, 0.5183605551719666, -0.19992338120937347]"
130,1.0078125,"[ 0.04906768  0.99879545  0.2         0.          0.         -0.22550964
  0.07215336  0.02811981 -0.22003555  0.05872634  0.19346523 -0.04659393
 -0.08801151  0.12886238 -0.12453771 -0.03010988  0.00285711  0.06923075
 -0.02351646 -0.01094742 -0.02175827 -0.02395601 -0.10395604 -0.02263737
  0.00372716 -1.8382843  -0.464394    0.10652944 -0.69264305 -0.80488414
 -0.5265072   0.03356043 -0.38569096 -0.04249626  0.35863012 -0.07442839
  0.00674408  0.2277332  -0.01775661  0.1039294  -0.1747648 ]","[-0.4391991  -0.1210847   0.01480552 -0.16087976 -0.21252306 -0.14777611
 -0.0083316  -0.07082892 -0.01919731  0.10499707]","[-0.7284778356552124, -0.13723307847976685, 0.02221015654504299, -0.6794296503067017, -0.04130866378545761, 0.134149432182312, 0.04844231531023979, -0.10669808834791183, 0.494724839925766, -0.0759732574224472]"
140,1.0859375,"[ 0.51410276  0.8577286   0.2         0.          0.         -0.26785278
  0.07139042  0.05253483 -0.25398636  0.02856411  0.14806938 -0.06337956
 -0.12882973  0.08232212 -0.10701588 -0.01604395 -0.01032963 -0.04065933
 -0.00681314 -0.01627477 -0.03230772  0.00241756  0.05032969 -0.02923079
  0.01103444 -0.868413   -0.35286006 -0.09608877 -0.42934844 -0.9870666
 -0.91328603 -0.4822411   0.06591826 -0.34296298  0.7172574  -0.06276596
 -0.0087208   0.14584903 -0.03630456  0.10509562 -0.10312913]","[-0.20481762 -0.08641097 -0.02310585 -0.10477266 -0.24977094 -0.24167489
 -0.12478365  0.01366577 -0.09336848  0.19254681]","[-0.48122721910476685, -0.12509390711784363, -0.03719521313905716, -0.6099083423614502, -0.09524636715650558, 0.024496888741850853, -0.08535270392894745, 0.0277783814817667, 0.41944068670272827, 0.02380359172821045]"
150,1.1640625,"[ 8.5772860e-01  5.1410276e-01  2.0000000e-01  0.0000000e+00
  0.0000000e+00 -2.7929688e-01  4.6212465e-02 -2.1472206e-02
 -2.5131607e-01  4.8555732e-03  9.4663620e-02 -7.7112466e-02
 -3.7275083e-02  1.6708374e-02 -8.3360016e-02  2.1982193e-04
 -2.0879079e-02 -4.1098882e-02  1.5164852e-02 -8.5359095e-03
 -3.8901139e-02 -1.5604401e-02  6.0879137e-02 -3.4505464e-02
  1.6382333e-02 -3.2860368e-01 -5.1278222e-01  9.2950600e-01
 -2.0683384e-01 -2.0433860e-01  1.9533286e+00 -5.4632270e-01
  9.7425424e-02  1.0722767e+00  4.2891619e-01 -8.7023027e-02
 -3.5458989e-02  1.3868856e-01 -5.7802215e-02  9.9773094e-02
 -4.8208121e-02]","[-0.1073003  -0.10511304  0.1925162  -0.06025247 -0.01266825  0.47433627
 -0.15869738  0.03092159  0.2558996   0.06913558]","[-0.29650887846946716, -0.17643167078495026, 0.17422936856746674, -0.5322685241699219, 0.062729611992836, 0.5084975957870483, -0.12302713096141815, 0.031132780015468597, 0.6493784785270691, 0.0326002761721611]"
160,1.2421875,"[ 0.99879545  0.04906768  0.2         0.          0.         -0.26861572
  0.02637604  0.03346039 -0.20553875  0.01840916  0.08855915 -0.10877445
  0.01574921 -0.00770569 -0.04381442  0.02175827  0.00241756  0.11934071
  0.03802195  0.01906429  0.02923079 -0.02219782 -0.00241756  0.02923079
  0.02248351 -0.6144066  -0.5984678   0.5424295  -0.28350297  0.528657
  1.6366193  -0.16522425 -0.06611113  0.8854631  -0.24900214 -0.05894003
  0.03167738  0.04986721 -0.08393423  0.09982689 -0.0034952 ]","[-0.15015128 -0.1489129   0.13297026 -0.07152461  0.13440146  0.4060554
 -0.00801169 -0.01162616  0.22173998 -0.05545855]","[-0.39776337146759033, -0.16965988278388977, 0.13893228769302368, -0.5691613554954529, 0.2671251893043518, 0.6699322462081909, -0.044447243213653564, 0.0035683601163327694, 0.7277166247367859, -0.20144158601760864]"
170,1.3203125,"[ 0.9039893  -0.42755508  0.2         0.          0.         -0.26976013
  0.0382016   0.14828469 -0.15938091  0.05706625  0.1637106  -0.12021855
  0.00850128  0.04837132 -0.01916552 -0.01340656  0.00153847 -0.03010988
 -0.00813189  0.02369941  0.02835169  0.01296701 -0.0054945   0.04417581
 -0.01258231 -0.617818   -0.43983912  0.44707632 -0.2320179   0.5420222
  1.187803    0.4440868   0.12990525  0.60264117 -0.43082726  0.14673348
  0.00723357 -0.11146611 -0.07489181  0.10822423 -0.01842958]","[-0.15260643 -0.10788248  0.11759953 -0.05909083  0.10966849  0.2820661
  0.11876205  0.02765549  0.14625409 -0.08928047]","[-0.4080354869365692, -0.14700207114219666, 0.10776539891958237, -0.5584286451339722, 0.2945360541343689, 0.5600825548171997, 0.1259506344795227, 0.04414808750152588, 0.6634135246276855, -0.25461626052856445]"
180,1.3984375,"[ 5.9569931e-01 -8.0320752e-01  2.0000000e-01  0.0000000e+00
  0.0000000e+00 -2.5221252e-01  4.2016298e-02  3.3078916e-02
 -1.4640999e-01  8.1984669e-02  2.1597195e-01 -7.1771890e-02
  1.7275086e-02  9.3003273e-02 -8.0537319e-02  1.8681336e-02
 -2.1982193e-04 -4.4175815e-02  1.2087918e-02  2.0273408e-02
  8.5714338e-03  2.2197818e-02  2.4395561e-02  7.2527886e-03
 -3.8356893e-02 -3.0411962e-01 -7.3045000e-02  3.1005898e-01
 -2.4903229e-01 -8.1756330e-01  4.1764989e-01  2.2079255e-01
 -1.6337627e-01  2.6390830e-01  1.8368699e-01  1.3298117e-01
  1.5127828e-02 -1.6225725e-01 -1.5756361e-02  1.0866961e-01
 -7.9944521e-02]","[-0.13020831  0.00756519  0.05006081 -0.09922374 -0.23152418  0.06745355
  0.04690292 -0.08407582  0.03973433  0.02072091]","[-0.348789781332016, -0.05896985903382301, 0.07790537178516388, -0.5691086649894714, -0.004728585481643677, 0.38016799092292786, 0.11101899296045303, -0.016166508197784424, 0.5783941745758057, -0.11513245105743408]"
190,1.4765625,"[ 1.46730468e-01 -9.89176512e-01  2.00000003e-01  0.00000000e+00
  0.00000000e+00 -1.87743187e-01  5.39520197e-03  6.58862665e-02
 -1.14748001e-01  4.93133813e-02  2.19024658e-01 -5.49862683e-02
  1.49862673e-02  1.26955032e-01 -1.02007002e-01  2.30769161e-02
 -2.43955608e-02  1.60439499e-02  1.38461115e-02 -6.96783289e-02
 -1.82417873e-02 -6.81314478e-03 -5.05495071e-03 -6.59370446e-04
 -7.99163152e-03 -1.68607771e+00  4.44854766e-01 -6.32022738e-01
 -9.02180254e-01 -5.54921031e-01 -1.82613820e-01  1.54106423e-01
 -2.95666039e-01  1.52418390e-01  1.07413679e-01  3.54103111e-02
 -4.66650026e-03 -5.79671189e-02 -7.46756326e-04  1.05357945e-01
 -1.30700111e-01]","[-0.4036028   0.10376778 -0.17417434 -0.2164362  -0.1340818  -0.04902744
  0.02376078 -0.06576797  0.03290098  0.01481483]","[-0.7114465832710266, 0.06511266529560089, -0.145218163728714, -0.7268564105033875, 0.002667748834937811, 0.21243363618850708, 0.06952887028455734, -0.059403207153081894, 0.5395979881286621, -0.1349601447582245]"
200,1.5546875,"[-3.36889863e-01 -9.41544056e-01  2.00000003e-01  0.00000000e+00
  0.00000000e+00 -1.93846703e-01  1.22616570e-02 -9.64569114e-03
 -1.37254715e-01  2.52081901e-02  1.96516991e-01 -5.46047986e-02
 -6.53991476e-04  1.17036819e-01 -1.18545264e-01 -2.92307865e-02
 -5.93404798e-03 -1.22857146e-01 -4.41758148e-02 -1.22741498e-02
 -6.59370446e-04 -1.53846748e-03 -8.13188590e-03 -1.09891896e-03
 -1.20948078e-02 -1.63834321e+00  1.10897765e-01 -4.95091677e-01
 -7.86986053e-01 -5.73990405e-01 -2.19655097e-01 -1.03380620e-01
 -2.10290164e-01  8.99932683e-02 -6.55820221e-02 -5.11916820e-03
  7.19718356e-03  5.47646880e-02  1.29983397e-02  1.10244825e-01
 -1.27195731e-01]","[-0.41336632  0.02399928 -0.10127257 -0.20046929 -0.13533577 -0.04940465
 -0.02654805 -0.07350738  0.01759734 -0.02473607]","[-0.6643305420875549, -0.0009361181291751564, -0.14282360672950745, -0.6971715092658997, 0.006988209672272205, 0.19587764143943787, 0.009329507127404213, -0.034538500010967255, 0.5259986519813538, -0.16705630719661713]"
210,1.6328124999999998,"[-7.40951121e-01 -6.71558976e-01  2.00000003e-01  0.00000000e+00
  0.00000000e+00 -2.35427856e-01 -1.36792380e-02 -1.77876696e-01
 -1.93331718e-01  1.18840933e-02  1.85072899e-01 -6.03268445e-02
  1.65121462e-02  1.09407425e-01 -1.24424100e-01 -1.56044010e-02
 -8.13188590e-03  7.69233704e-03 -1.42857553e-02  5.84510737e-04
 -1.12088202e-02 -8.13188590e-03  1.25274658e-02 -9.01098270e-03
 -7.45810277e-04 -1.88994157e+00  1.46266446e-01  3.50322649e-02
 -9.15282845e-01 -4.62517381e-01 -3.72951984e-01  4.81497943e-02
 -7.80212641e-01 -7.67339244e-02  2.62273848e-02 -5.63717596e-02
 -1.37058960e-03  9.74066183e-02  4.17610165e-03  1.10889316e-01
 -9.39143151e-02]","[-0.47105682  0.03830578  0.01010669 -0.22648664 -0.11467758 -0.105551
  0.01155554 -0.19811061 -0.02582734  0.0120845 ]","[-0.722486674785614, 0.0030903443694114685, -0.0050436630845069885, -0.7290099859237671, 0.03292065113782883, 0.16854596138000488, 0.04055235907435417, -0.17762373387813568, 0.4879067838191986, -0.1499694585800171]"
220,1.7109375,"[-9.70031261e-01 -2.42980182e-01  2.00000003e-01  0.00000000e+00
  0.00000000e+00 -2.72811890e-01 -9.10160132e-03 -5.42786047e-02
 -2.19272614e-01  1.33025795e-02  1.63710594e-01 -8.35974514e-02
 -1.17166135e-02  8.99515152e-02 -1.22100055e-01 -1.99999809e-02
  9.01098270e-03  1.25934035e-01 -1.03296284e-02  7.08643768e-07
 -9.89007950e-03 -2.96703335e-02 -7.84615502e-02 -1.03296284e-02
  4.61694738e-03 -1.51633930e+00  8.19138959e-02 -1.61701441e-01
 -6.63341105e-01 -5.53249896e-01 -1.02073121e+00 -1.31899893e-01
 -4.47702289e-01 -4.28033561e-01  4.84304130e-01 -7.51954317e-02
 -1.06263498e-03  1.07096545e-01 -1.53329270e-02  1.10864766e-01
 -4.84413840e-02]","[-0.34745812  0.02095861 -0.05587322 -0.15431859 -0.14175415 -0.28793347
 -0.04427162 -0.09589722 -0.12592964  0.14454369]","[-0.6478427648544312, -0.009516828693449497, -0.03658537566661835, -0.6779523491859436, 0.014665910974144936, 0.018245121464133263, 0.007369953207671642, -0.12191057205200195, 0.4078749120235443, -0.045184966176748276]"
230,1.7890625,"[-9.7003126e-01  2.4298018e-01  2.0000000e-01  0.0000000e+00
  0.0000000e+00 -2.9417515e-01 -4.9054343e-03  4.1853674e-02
 -2.2957230e-01  1.2594417e-02  1.2594414e-01 -1.1678532e-01
 -6.6649206e-02  4.8752785e-02 -1.0077524e-01 -1.5384675e-03
 -1.2967015e-02 -3.2307722e-02  2.1982193e-04 -1.6349474e-03
 -2.5274754e-02 -5.4944991e-03  1.7362595e-02 -4.0659335e-02
  1.2140357e-02 -1.0157975e-01 -5.0718385e-01  1.1691454e-01
 -7.5916417e-02 -5.8678329e-01 -1.4454856e+00 -6.6386002e-01
  1.9100708e-01 -7.2367233e-01  1.3335963e+00 -6.7617111e-02
 -1.1830357e-02  4.8395865e-02 -3.7780356e-02  1.0760918e-01
 -1.6355725e-02]","[ 0.08944838 -0.19441375  0.11968875  0.03187152 -0.0946814  -0.19636267
 -0.18646087  0.06820782 -0.10750899  0.37096354]","[-0.32743415236473083, -0.12592996656894684, -0.008139215409755707, -0.5449790954589844, -0.0007920086500234902, -0.10330255329608917, -0.1144409105181694, 0.03834855556488037, 0.3279567360877991, 0.15479910373687744]"
240,1.8671875,"[-0.7409511   0.671559    0.2         0.          0.         -0.27471924
 -0.04839298 -0.01040863 -0.2074461   0.0199699   0.0652895  -0.1366227
 -0.01019073 -0.03250217 -0.05813469  0.02175827 -0.03054943  0.00197802
  0.02307692  0.01243026 -0.0367033  -0.0147253   0.0468132  -0.06263733
  0.02826586 -0.4130884  -0.20555253  0.67193687 -0.26125696  0.09453112
  1.7338185  -0.6943683   0.22282651  1.0357265   0.57952857 -0.12640135
 -0.057338    0.04003329 -0.07333269  0.09632529 -0.00248706]","[-0.10153218 -0.0485132   0.16364631 -0.06620232  0.03869884  0.4359181
 -0.1698636   0.05423357  0.25993127  0.1316881 ]","[-0.3446739614009857, -0.07696700841188431, 0.16133689880371094, -0.563271701335907, 0.164486363530159, 0.6920214295387268, -0.1423501819372177, 0.06455263495445251, 0.7571032047271729, -0.002451279666274786]"
250,1.9453125000000002,"[-0.33688986  0.94154406  0.2         0.          0.         -0.26556396
 -0.04648563  0.06283451 -0.18188763  0.05575556  0.06643391 -0.16637734
  0.02643131 -0.04623508 -0.01196305 -0.00989008  0.04021978  0.07098904
 -0.00329666  0.0052132   0.04725275  0.01208792  0.0063736   0.06703301
  0.01208541 -0.6072155  -0.38381875  0.39301294 -0.23116556  0.67074734
  1.3520517  -0.2296384   0.13804674  0.7543537  -0.1985331   0.04684076
  0.03901346  0.0133755  -0.09150911  0.09513515  0.01767708]","[-0.1589798  -0.10298541  0.10057453 -0.05782263  0.16726413  0.32447958
 -0.04440651  0.03955334  0.18243225 -0.06052334]","[-0.382595419883728, -0.10935881733894348, 0.09355209767818451, -0.5568169355392456, 0.30273255705833435, 0.613882303237915, -0.04798029363155365, 0.04730281978845596, 0.7031716704368591, -0.17043563723564148]"
260,2.0234375,"[ 1.4673047e-01  9.8917651e-01  2.0000000e-01  0.0000000e+00
  0.0000000e+00 -2.6899719e-01 -2.2351462e-03  6.0545690e-02
 -1.6701031e-01  7.1501449e-02  1.7095852e-01 -1.1792973e-01
  3.3679239e-02  6.3630104e-02 -2.9274896e-02  8.1318859e-03
  2.3956014e-02 -5.2527428e-02  9.0109827e-03  3.1705063e-02
  3.9340686e-02  3.0988980e-02 -6.5937045e-04  3.1428527e-02
 -2.8433258e-02 -5.4597205e-01 -3.1880426e-01  4.3166953e-01
 -2.4961954e-01  1.3059813e-01  9.8778147e-01  3.1803720e-02
  1.8899980e-01  5.8259302e-01 -2.8217819e-02  1.5083276e-01
  2.7086509e-02 -1.0351032e-01 -5.5970632e-02  1.0528171e-01
 -9.6888462e-04]","[-0.12635446 -0.07105351  0.11572671 -0.05694774  0.00561713  0.24246517
  0.00342911  0.04836508  0.13601272  0.00323773]","[-0.40118101239204407, -0.117235466837883, 0.09121332317590714, -0.5614774823188782, 0.21840576827526093, 0.499496191740036, 0.03692365065217018, 0.06398902088403702, 0.6442597508430481, -0.18592345714569092]"
270,2.1015625,"[ 0.5956993   0.8032075   0.2         0.          0.         -0.23809814
  0.03667572  0.00980926 -0.14221382  0.0886052   0.21063137 -0.06490543
  0.03367924  0.09300327 -0.08296676  0.01912089  0.0046154   0.01252747
  0.01736259 -0.01100208  0.00593405  0.01120882 -0.00285711  0.0046154
 -0.0215944   0.41263947  0.18593481  0.9267429   0.10308798 -0.6098471
  1.218961   -0.23094192 -0.18161646  0.4862301   0.26092914  0.03947475
 -0.0030148  -0.14715666 -0.01644585  0.10824414 -0.05495666]","[ 0.1162489   0.05446357  0.24877     0.03129785 -0.14043371  0.33574754
 -0.0573582  -0.04848213  0.13178426  0.06692268]","[-0.1775117665529251, 0.002139511052519083, 0.20852497220039368, -0.48647549748420715, 0.002866166876628995, 0.5393304228782654, -0.023893004283308983, -0.026608597487211227, 0.6201891303062439, -0.08365809917449951]"
280,2.1796875,"[ 9.0398932e-01  4.2755508e-01  2.0000000e-01  0.0000000e+00
  0.0000000e+00 -1.8354702e-01  5.4986268e-02  9.2970617e-02
 -1.2047005e-01  5.0775498e-02  2.0834255e-01 -6.2998086e-02
  2.3977663e-03  1.1360359e-01 -8.7385029e-02  2.4835205e-02
  2.2197818e-02  8.4615424e-02  1.2527466e-02 -1.9982664e-02
 -6.8131448e-03  1.5384675e-03 -3.6263753e-02  9.0109827e-03
  4.4062166e-03  2.3023733e-01  1.4982900e-01  1.1536952e+00
  4.1648857e-02 -2.3653308e-01  1.7472064e+00 -4.5271209e-01
 -2.5473706e-02  7.5166565e-01  1.8516438e-01  5.5317294e-02
 -1.9123355e-03 -7.1130000e-02 -1.1073276e-02  1.0283847e-01
 -1.0124196e-01]","[ 0.05050056  0.02371904  0.27872968  0.01011035 -0.05921134  0.42549008
 -0.08988217 -0.01003993  0.1839698   0.04391618]","[-0.16956280171871185, 0.019787222146987915, 0.2843266725540161, -0.4849525988101959, 0.07984115928411484, 0.7010558843612671, -0.08439791947603226, 0.004324100445955992, 0.6961734890937805, -0.08284134417772293]"
290,2.2578125,"[ 9.9879545e-01 -4.9067676e-02  2.0000000e-01  0.0000000e+00
  0.0000000e+00 -1.4654350e-01  8.4360391e-02  2.2038342e-01
 -8.0796242e-02  5.3795561e-02  2.3619080e-01 -6.1472207e-02
 -3.2697447e-02  1.4602852e-01 -9.1088682e-02  8.1318859e-03
  1.3406563e-02  3.0988980e-02  8.5714338e-03  5.6114178e-03
  2.6593400e-02  5.4944991e-03  1.0989190e-03  2.3076916e-02
 -9.1189446e-05 -4.9348265e-02 -4.6796333e-02  6.8043029e-01
  7.3805280e-02  1.6792268e-03  1.0897524e+00  4.8339012e-01
  2.9536344e-02  4.5291767e-01 -6.4574018e-02  4.7344875e-02
  2.6560016e-02 -6.0489215e-02  8.2093822e-03  1.1285048e-01
 -1.2609218e-01]","[-0.01199945 -0.01016515  0.16690707  0.01995932  0.0022281   0.2580549
  0.13084255  0.01096943  0.10965436 -0.01557408]","[-0.2570796012878418, -0.04218423366546631, 0.16827523708343506, -0.48340532183647156, 0.14066363871097565, 0.5393635034561157, 0.13272589445114136, 0.01552774477750063, 0.6218354105949402, -0.15663576126098633]"
300,2.3359375,"[ 8.57728601e-01 -5.14102757e-01  2.00000003e-01  0.00000000e+00
  0.00000000e+00 -1.35099411e-01  8.62677395e-02  1.90247312e-01
 -6.51559830e-02  5.76767623e-02  2.60986328e-01 -3.89645398e-02
 -1.93460081e-02  1.67010307e-01 -1.00254714e-01  9.45053156e-03
 -3.73630528e-03 -4.50549126e-02  6.37359638e-03 -7.95868051e-04
 -1.53846748e-03  1.12088202e-02  3.09889801e-02 -6.59370446e-04
 -1.23753874e-02  2.23173350e-01  1.80474222e-01  4.61916417e-01
  1.57479227e-01 -3.17044556e-01  7.12960958e-01  5.53869963e-01
  2.31533200e-02  2.73810923e-01 -1.12584494e-02  4.89688180e-02
 -2.79479884e-02 -3.60437259e-02  2.28265859e-02  1.12309709e-01
 -1.48794279e-01]","[ 0.06473692  0.05866962  0.08820596  0.03987643 -0.09227633  0.14939022
  0.13714084 -0.0037072   0.05567572 -0.01439785]","[-0.21376527845859528, 9.501688327873126e-05, 0.11888353526592255, -0.4662114083766937, 0.08279314637184143, 0.42831656336784363, 0.16565656661987305, 0.027919121086597443, 0.5757667422294617, -0.1545007973909378]"
310,2.4140625,"[ 5.1410276e-01 -8.5772860e-01  2.0000000e-01  0.0000000e+00
  0.0000000e+00 -1.0610771e-01  8.7412149e-02  1.3264443e-01
 -4.4175148e-02  5.1502019e-02  2.4763489e-01 -2.1035461e-02
  3.5421755e-03  1.6128826e-01 -1.1053932e-01  1.9120885e-02
  1.0989190e-03 -1.5164852e-02  1.1208820e-02 -5.0630099e-03
 -1.1648369e-02  2.4175644e-03  2.1982193e-04 -8.5714338e-03
 -1.1461314e-03 -1.9969957e+00  1.8075678e-01 -6.5551388e-01
 -8.4141779e-01 -6.1101151e-01  8.3056703e-02  1.3866472e-01
 -2.1203026e-02  2.7410215e-01 -2.4826132e-01  6.7757214e-03
 -1.8415755e-02 -1.4492019e-02  3.2827549e-02  1.0395756e-01
 -1.5995277e-01]","[-0.4857358   0.04694448 -0.16656658 -0.20615557 -0.15330036  0.01982507
  0.02825412 -0.0016086   0.06769107 -0.05858825]","[-0.7373040318489075, 0.024851873517036438, -0.15613722801208496, -0.7187554836273193, 0.0051566241309046745, 0.26899924874305725, 0.07509978860616684, -0.029021423310041428, 0.5610487461090088, -0.2208857536315918]"
320,2.4921875,"[ 4.90676761e-02 -9.98795450e-01  2.00000003e-01  0.00000000e+00
  0.00000000e+00 -1.35099411e-01  7.82568753e-02  1.47683714e-02
 -7.04965591e-02  3.66551131e-02  2.35046387e-01 -1.56948846e-02
  1.25335716e-03  1.51369095e-01 -1.20830476e-01 -5.56043647e-02
 -2.65934002e-02 -1.73406601e-01 -4.50549126e-02 -8.84543546e-03
  3.73630528e-03  2.19821930e-04  8.13188590e-03 -2.41756439e-03
 -1.27314508e-03 -1.71727526e+00  9.33975913e-03 -4.85217214e-01
 -7.89535522e-01 -4.64939237e-01  1.33089468e-01  1.23304855e-02
 -1.15649797e-01  2.62332410e-01 -3.32964748e-01 -4.86243665e-02
  1.25599606e-02  5.63437827e-02  2.75134034e-02  1.06355958e-01
 -1.54785201e-01]","[-0.4261012  -0.00509074 -0.09455658 -0.199627   -0.11045338  0.04031249
  0.00113993 -0.05077171  0.06268092 -0.08408452]","[-0.6907615065574646, -0.02235940657556057, -0.14552748203277588, -0.6983709931373596, 0.0294325053691864, 0.27648961544036865, 0.037259362637996674, -0.00990606751292944, 0.5660265684127808, -0.2319919466972351]"
330,2.5703125,"[-4.27555084e-01 -9.03989315e-01  2.00000003e-01  0.00000000e+00
  0.00000000e+00 -2.12538719e-01  4.01089489e-02 -2.12591395e-01
 -1.56329155e-01  2.48409361e-02  2.24365234e-01 -1.68392938e-02
  4.16901037e-02  1.41832352e-01 -1.22602701e-01 -2.83516888e-02
 -7.25278864e-03  1.38461115e-02 -2.87912376e-02 -1.53005205e-03
 -1.25274658e-02 -5.93404798e-03  1.29670147e-02 -8.57143383e-03
 -1.35850732e-03 -2.11626172e+00 -7.73132518e-02  2.83427984e-01
 -9.81141448e-01 -4.81305063e-01 -3.58487666e-02  1.81840077e-01
 -7.86254227e-01  1.05886728e-01 -8.80013108e-02 -6.09509163e-02
  6.70919800e-03  1.20300733e-01  8.82361643e-03  1.08270742e-01
 -1.15593731e-01]","[-0.53318703 -0.01854569  0.07099577 -0.24351251 -0.1235128  -0.02264906
  0.04771667 -0.19856901  0.02207906 -0.01340792]","[-0.7736245393753052, -0.05029725655913353, 0.053963519632816315, -0.74491947889328, 0.02757641114294529, 0.24839957058429718, 0.07146386802196503, -0.17819304764270782, 0.5304660201072693, -0.17809389531612396]"
340,2.6484375,"[-8.03207517e-01 -5.95699310e-01  2.00000003e-01  0.00000000e+00
  0.00000000e+00 -2.62893677e-01  4.81198132e-02 -4.43603918e-02
 -2.08209038e-01  2.13258117e-02  1.99950218e-01 -4.08718884e-02
 -1.05722044e-02  1.22377396e-01 -1.19784355e-01 -2.61538513e-02
  1.07692722e-02  1.84395596e-01 -2.26373672e-02 -3.89458775e-03
 -1.34065626e-02 -2.92307865e-02 -1.00000001e-01 -1.78022385e-02
  6.50366163e-03 -1.78103793e+00 -1.72863916e-01 -1.69631317e-02
 -7.26688862e-01 -5.86314380e-01 -5.83167613e-01  7.78656006e-02
 -3.62269402e-01 -1.01857081e-01  3.95328313e-01 -7.83298537e-02
 -9.47046210e-04  1.26589030e-01 -1.34379352e-02  1.09965712e-01
 -6.39636666e-02]","[-0.40438178 -0.05187076 -0.01796505 -0.1677388  -0.15312761 -0.174726
  0.00375748 -0.06614959 -0.03859105  0.12609018]","[-0.7255688905715942, -0.07734951376914978, 0.008058786392211914, -0.6953249573707581, 0.0004810303507838398, 0.12227906286716461, 0.057766642421483994, -0.1019367203116417, 0.4848450720310211, -0.068466916680336]"
350,2.7265625,"[-0.9891765  -0.14673047  0.2         0.          0.         -0.29303074
  0.05613068  0.09869266 -0.23987198  0.01162553  0.1610403  -0.07787541
 -0.11166359  0.08270359 -0.0980133  -0.00505495 -0.01692305 -0.04505491
 -0.00373631 -0.00441019 -0.03406591 -0.0046154   0.0367033  -0.03010988
  0.01176906  0.23059842 -0.6519266   0.31971073 -0.0095234  -0.6113991
 -0.2301867  -0.6785554   0.5961586   0.01474483  1.2477751  -0.05688213
 -0.00969706  0.04803691 -0.03519013  0.10837138 -0.02900215]","[ 0.02983756 -0.13055834  0.1879519  -0.00829249 -0.1546052   0.2340849
 -0.11665913  0.08706485  0.15577435  0.28208923]","[-0.28774493932724, -0.1631675511598587, 0.022541943937540054, -0.5349903702735901, -0.02604510448873043, 0.12591366469860077, -0.10626017302274704, 0.13027343153953552, 0.4798101782798767, 0.1303352266550064]"
360,2.8046875,"[-9.41544056e-01  3.36889863e-01  2.00000003e-01  0.00000000e+00
  0.00000000e+00 -2.76626587e-01  1.22616570e-02 -1.57492068e-02
 -2.17364311e-01  8.21457803e-03  1.17170334e-01 -9.69488919e-02
  1.08947977e-04  2.92968750e-02 -6.21275902e-02  2.61538513e-02
 -2.21978184e-02 -9.01098270e-03  3.36263664e-02  8.31626449e-03
 -2.17582714e-02 -1.07692722e-02  1.30329713e-01 -2.21978184e-02
  3.30750011e-02 -4.89248097e-01 -1.48529366e-01  4.74179506e-01
 -3.03065509e-01  6.78767711e-02  1.38012218e+00 -6.88772857e-01
  2.39533633e-01  8.30280542e-01  4.93077815e-01 -1.02101557e-01
 -4.81020249e-02  3.66702676e-02 -6.11564964e-02  9.91676450e-02
 -8.11740477e-03]","[-0.12161097 -0.03401309  0.12469368 -0.07762137  0.03057958  0.34918678
 -0.15878181  0.04314383  0.21047124  0.11794232]","[-0.3678150475025177, -0.0629357099533081, 0.1081242486834526, -0.5732828378677368, 0.15747590363025665, 0.6006924510002136, -0.14464235305786133, 0.07388503849506378, 0.7066967487335205, -0.025801995769143105]"
370,2.8828125,"[-6.71558976e-01  7.40951121e-01  2.00000003e-01  0.00000000e+00
  0.00000000e+00 -2.55645752e-01 -2.61661597e-03  5.36792353e-02
 -1.69680595e-01  5.11603802e-02  1.27851486e-01 -1.28993303e-01
  1.25232920e-01  3.04412842e-02 -1.43259615e-02 -2.13187225e-02
  3.27472687e-02  6.17582314e-02 -7.25278864e-03  2.44053137e-02
  3.14285271e-02 -1.09891896e-03 -2.48352047e-02  2.87912376e-02
  1.56114325e-02 -5.00179172e-01 -3.02098691e-01  5.06804824e-01
 -2.26809680e-01  4.38742459e-01  1.39208531e+00 -2.68158436e-01
  8.61931071e-02  7.81157374e-01  9.50363725e-02  4.98272739e-02
  3.13138738e-02 -2.29802839e-02 -8.40875357e-02  9.83591080e-02
 -1.53922336e-03]","[-0.13013807 -0.07173369  0.13574542 -0.05606703  0.1097168   0.3316298
 -0.06780685  0.03018731  0.18701912  0.00681499]","[-0.36706972122192383, -0.0986805260181427, 0.12128066271543503, -0.5615018606185913, 0.25659850239753723, 0.609729528427124, -0.04424651712179184, 0.025803139433264732, 0.7067156434059143, -0.10508589446544647]"
380,2.9609375,"[-2.42980182e-01  9.70031261e-01  2.00000003e-01  0.00000000e+00
  0.00000000e+00 -2.62512207e-01  2.21798699e-02  5.21533564e-02
 -1.58236504e-01  6.46393001e-02  1.98424339e-01 -1.13352090e-01
  2.41424944e-02  8.72812271e-02 -2.17273682e-02 -2.19821930e-04
  5.05495071e-03 -3.23077217e-02  3.29666142e-03  1.18811000e-02
  2.70329472e-02  6.81314478e-03 -3.53846550e-02  2.35164650e-02
 -1.87186878e-02 -3.54067922e-01 -5.72736189e-02  5.30154109e-01
 -2.08271354e-01  6.91672415e-02  1.01819515e+00 -1.43075362e-01
  1.67255610e-01  5.20291686e-01  7.68375024e-02  1.16355442e-01
  2.42926758e-02 -1.26671419e-01 -5.39331660e-02  1.06742606e-01
 -3.39624658e-02]","[-0.07641311 -0.00281768  0.12747075 -0.05093305  0.00343651  0.24354494
 -0.02728551  0.03455263  0.12139561  0.02731049]","[-0.35018861293792725, -0.05661185830831528, 0.11961507052183151, -0.5527498722076416, 0.1853831261396408, 0.5086967945098877, -0.006048678886145353, 0.056601665914058685, 0.6352207660675049, -0.13885651528835297]"
390,3.0390625,"[ 2.42980182e-01  9.70031261e-01  2.00000003e-01  0.00000000e+00
  0.00000000e+00 -2.33139038e-01  4.23977673e-02  3.46047953e-02
 -1.38780594e-01  6.53153658e-02  2.27035522e-01 -9.84747708e-02
  7.73834251e-03  1.08644485e-01 -5.58705628e-02  2.61538513e-02
  6.37359638e-03  8.13188590e-03  1.34065626e-02 -9.08769947e-03
  2.85711302e-03  6.37359638e-03  1.29670147e-02 -2.19821930e-04
 -1.62352119e-02  3.61386985e-02  4.32341695e-01  3.18495274e-01
 -1.94038093e-01 -5.82604110e-01  3.37994158e-01  8.78966078e-02
 -3.33355457e-01  1.55124068e-01  1.56405240e-01  7.33880028e-02
 -7.86119420e-03 -1.59737855e-01 -2.23925747e-02  1.06862970e-01
 -9.72864851e-02]","[-0.05338325  0.10808013  0.05289154 -0.08719108 -0.1533916   0.04054945
  0.04160164 -0.12328415  0.02223352  0.01815189]","[-0.24646054208278656, 0.06481575965881348, 0.08581408113241196, -0.5482332110404968, 0.016634086146950722, 0.36327436566352844, 0.04344790056347847, -0.053558412939310074, 0.5546905994415283, -0.0999361053109169]"
400,3.1171875,"[ 6.7155898e-01  7.4095112e-01  2.0000000e-01  0.0000000e+00
  0.0000000e+00 -1.8888760e-01  5.8038026e-02  5.2916296e-02
 -1.1894417e-01  4.2062148e-02  2.1253872e-01 -9.5423013e-02
 -5.2316282e-03  1.0521126e-01 -7.1208209e-02  2.2637367e-02
  1.5384675e-03  4.1758539e-03  1.0329628e-02 -1.7639814e-02
 -1.2967015e-02 -1.5384675e-03 -4.2857170e-02 -2.4175644e-03
 -7.0975213e-03 -1.5574397e+00  1.6854534e-02 -2.0068738e-01
 -6.4325476e-01 -6.4245790e-01  8.1987858e-02  1.6650504e-02
 -8.9497611e-02  2.3095609e-01 -5.2855771e-02  7.4438713e-02
 -2.4858376e-02 -6.6157579e-02 -2.7834338e-03  9.9740736e-02
 -1.4589071e-01]","[-0.3807197   0.01189472 -0.06138334 -0.16198991 -0.1615206   0.01872161
 -0.00142909 -0.02679668  0.05468259 -0.01472435]","[-0.651938259601593, -0.02568354830145836, -0.05494667589664459, -0.6678703427314758, -0.007357293274253607, 0.2639487087726593, 0.0450998954474926, -0.023898452520370483, 0.557203471660614, -0.16021448373794556]"
410,3.1953125,"[ 9.41544056e-01  3.36889863e-01  2.00000003e-01  0.00000000e+00
  0.00000000e+00 -1.79350853e-01  4.62124646e-02  1.93460081e-02
 -1.19707108e-01  2.77337581e-02  1.98424339e-01 -9.00824368e-02
 -3.34603861e-02  1.04448318e-01 -9.31964517e-02 -2.04395298e-02
 -2.39560138e-02 -7.75824562e-02 -2.30769161e-02 -9.40072536e-03
 -2.41756439e-03 -2.19821930e-04  9.89007950e-03 -2.19821930e-04
 -1.05477951e-03 -1.30892658e+00  1.50278002e-01 -3.56318027e-01
 -6.04127705e-01 -4.86542225e-01  3.66887748e-02 -1.23301044e-01
 -2.50504255e-01  1.30074456e-01 -1.73296615e-01 -2.30243299e-02
  7.41874427e-03  4.10708748e-02  8.99846386e-03  9.91083905e-02
 -1.55388772e-01]","[-0.32816818  0.03439851 -0.07228413 -0.154726   -0.12653783  0.00920139
 -0.02801176 -0.07937413  0.03099331 -0.03762522]","[-0.600196123123169, 0.003511415794491768, -0.10533945262432098, -0.654087245464325, 0.016574498265981674, 0.2573649287223816, 0.0025870068930089474, -0.04065794125199318, 0.5354586243629456, -0.191975936293602]"
420,3.2734375000000004,"[ 9.89176512e-01 -1.46730468e-01  2.00000003e-01  0.00000000e+00
  0.00000000e+00 -2.20169067e-01  3.05722039e-02 -8.17444250e-02
 -1.55565262e-01  2.31655091e-02  1.90413475e-01 -9.65674222e-02
  4.68658470e-03  9.91077423e-02 -1.01409733e-01 -1.29670147e-02
 -6.37359638e-03 -2.57143024e-02 -6.81314478e-03  1.10962741e-04
 -5.49449911e-03 -6.59370446e-04  1.86813362e-02 -5.49449911e-03
 -1.77627173e-03 -1.58600104e+00  8.67034122e-02  1.44956931e-02
 -6.91000760e-01 -6.20141149e-01 -1.32966548e-01 -9.33124274e-02
 -5.45175970e-01 -6.96975738e-04 -3.12986411e-02 -3.37572359e-02
  8.37081752e-04  1.20809115e-01 -1.12083345e-03  1.02412730e-01
 -1.17585473e-01]","[-0.40549862  0.02700698  0.00499825 -0.17677005 -0.15516368 -0.0354393
 -0.0209069  -0.1418848  -0.00199208 -0.00766606]","[-0.635199248790741, -0.006615642458200455, -0.01405311282724142, -0.6692431569099426, 0.0002022176922764629, 0.22280918061733246, 0.0065777176059782505, -0.12311025708913803, 0.5030576586723328, -0.16049522161483765]"
430,3.3515625,"[ 8.0320752e-01 -5.9569931e-01  2.0000000e-01  0.0000000e+00
  0.0000000e+00 -2.4267578e-01  2.8283386e-02 -5.1226847e-02
 -1.6510296e-01  1.4511153e-02  1.7515469e-01 -1.0419682e-01
 -4.0872190e-03  8.6518288e-02 -1.0242459e-01 -1.4725304e-02
 -2.1982193e-04  5.4725267e-02 -9.0109827e-03 -5.3725084e-03
 -8.1318859e-03 -1.1648369e-02 -3.4945011e-02 -1.1208820e-02
  2.6006314e-03 -1.5134842e+00  1.7613727e-01 -1.3324535e-01
 -6.4789540e-01 -6.1446655e-01 -4.1566348e-01 -1.4568244e-01
 -4.2578468e-01 -1.5108588e-01  1.4411350e-01 -4.3750755e-02
  5.1635350e-03  1.0336828e-01 -9.8923687e-03  1.0358709e-01
 -6.7794524e-02]","[-0.36153218  0.04268261 -0.03978433 -0.15717006 -0.1552774  -0.11889067
 -0.04263799 -0.09656952 -0.04556826  0.0467553 ]","[-0.6467416286468506, 0.0070613473653793335, -0.03142225369811058, -0.6682431697845459, -0.00894287507981062, 0.15666335821151733, -0.0011307556414976716, -0.10349176079034805, 0.46951529383659363, -0.12089553475379944]"
440,3.4296874999999996,"[ 4.27555084e-01 -9.03989315e-01  2.00000003e-01  0.00000000e+00
  0.00000000e+00 -2.62130737e-01  3.24795544e-02  4.08721901e-03
 -1.76928520e-01  1.07590407e-02  1.53409958e-01 -1.20218545e-01
 -2.85012815e-02  6.40115738e-02 -9.43558365e-02 -7.69233704e-03
 -2.19821930e-04 -3.29666142e-03 -8.13188590e-03 -2.00557383e-03
 -1.12088202e-02 -2.41756439e-03  7.69233704e-03 -1.64834987e-02
  4.61440673e-03 -1.22009861e+00  1.35959804e-01 -2.85489142e-01
 -5.61671317e-01 -7.13528335e-01 -8.50523472e-01 -2.93058574e-01
 -1.76360369e-01 -3.85541439e-01  4.40724969e-01 -4.14675586e-02
 -2.77827634e-03  5.38139753e-02 -2.38900129e-02  1.03508942e-01
 -3.61810960e-02]","[-0.3075779   0.03485634 -0.06895401 -0.14090505 -0.17345344 -0.21242331
 -0.07136524 -0.04260254 -0.09553315  0.10807517]","[-0.552635908126831, 0.005634071305394173, -0.08229192346334457, -0.6394569873809814, -0.025585468858480453, 0.04324956610798836, -0.04207852482795715, -0.03389516472816467, 0.40750938653945923, -0.04276805371046066]"
450,3.5078125,"[-0.04906768 -0.99879545  0.2         0.          0.         -0.2689972
  0.03019073 -0.0195639  -0.18112469  0.00706324  0.12594414 -0.12632301
 -0.01286102  0.02738953 -0.07737368 -0.00285711 -0.00945053 -0.03098898
 -0.00109892 -0.00284865 -0.01999998 -0.00725279  0.01164837 -0.0257143
  0.01240453 -0.94286656 -0.10394247 -0.04382177 -0.41053656 -0.6281474
 -0.93946904 -0.24682668 -0.03891482 -0.4156217   0.72363293 -0.05422207
 -0.01699108  0.0351266  -0.03988259  0.10002907 -0.02254625]","[-0.20960757 -0.03286117  0.00319322 -0.08930968 -0.14784779 -0.23848669
 -0.06437916 -0.00964534 -0.11344759  0.19458696]","[-0.5016804933547974, -0.03898211196064949, -0.03268735110759735, -0.6122381091117859, -0.003749644849449396, 0.021458700299263, -0.030625484883785248, -0.004836095031350851, 0.4008958041667938, 0.011281842365860939]"
460,3.5859375,"[-5.1410276e-01 -8.5772860e-01  2.0000000e-01  0.0000000e+00
  0.0000000e+00 -2.6861572e-01  7.6840203e-03 -3.6730997e-02
 -1.7959881e-01  7.5898170e-03  8.7033272e-02 -1.3853005e-01
  1.3460388e-02 -2.4871826e-02 -5.3462416e-02 -1.5384675e-03
 -1.9780160e-03  2.4395561e-02  2.8571130e-03  1.6032070e-03
 -1.8681336e-02 -1.0329628e-02  1.1208820e-02 -3.0988980e-02
  1.0530763e-02 -2.4815723e-01 -3.5759014e-01  8.4986115e-01
 -2.1832839e-01  1.7538677e-01  1.8665118e+00 -3.1747514e-01
 -4.1555442e-02  9.3616003e-01  3.7172505e-01 -5.4590207e-02
 -6.0617290e-03  4.3678049e-02 -6.0029600e-02  9.4943859e-02
 -7.5665079e-03]","[-0.07534084 -0.08754012  0.20453794 -0.05586322  0.05272039  0.450122
 -0.08921267 -0.00152271  0.2307891   0.08382887]","[-0.30168232321739197, -0.1437186449766159, 0.24107535183429718, -0.5458948612213135, 0.17946457862854004, 0.7276917695999146, -0.028427451848983765, -0.021967802196741104, 0.7397728562355042, -0.03983316570520401]"
470,3.6640625000000004,"[-8.57728601e-01 -5.14102757e-01  2.00000003e-01  0.00000000e+00
  0.00000000e+00 -2.65182495e-01  2.59945672e-02  7.16083124e-02
 -1.59380913e-01  3.46465111e-02  1.24799728e-01 -1.43489152e-01
  8.88275169e-03 -7.70568848e-03 -3.15037519e-02 -1.03296284e-02
  5.95603958e-02  9.91209075e-02  2.19821930e-04  3.03432290e-02
  5.91208450e-02  8.13188590e-03 -2.79120449e-02  6.00000396e-02
  9.50899068e-03 -5.27415633e-01 -4.28002268e-01  5.23493826e-01
 -2.31701821e-01  5.01447737e-01  1.33624864e+00 -2.13369522e-02
  4.97581288e-02  6.85359716e-01 -4.99321856e-02  5.08751720e-02
  3.88527364e-02 -1.54385064e-02 -6.43556789e-02  1.04986526e-01
 -8.78162216e-04]","[-0.14994895 -0.10602804  0.12338373 -0.05729254  0.13450265  0.2999521
 -0.00781026  0.03163879  0.1553557  -0.04105166]","[-0.37006187438964844, -0.13279098272323608, 0.13855716586112976, -0.5586540102958679, 0.2646019458770752, 0.6080471277236938, 0.003766290144994855, 0.017636021599173546, 0.6862185597419739, -0.14346997439861298]"
480,3.7421875,"[-9.98795450e-01 -4.90676761e-02  2.00000003e-01  0.00000000e+00
  0.00000000e+00 -2.54501343e-01  7.40607083e-02  1.18911512e-01
 -1.44884109e-01  5.61704338e-02  2.02620506e-01 -1.22888833e-01
 -2.12533567e-02  8.19406509e-02 -3.52558941e-02  6.81314478e-03
 -6.59370446e-04 -5.91208450e-02  6.59370446e-04  1.32583752e-02
  1.38461115e-02  1.29670147e-02  1.99999809e-02  2.30769161e-02
 -1.53038828e-02 -4.75289345e-01 -1.24833904e-01  3.23937982e-01
 -2.77803391e-01  1.06897146e-01  6.44397259e-01  2.24587932e-01
  2.63637245e-01  4.29091960e-01  1.20987877e-01  1.00966856e-01
 -1.64235491e-04 -1.23190932e-01 -4.16854620e-02  1.08345956e-01
 -3.26713584e-02]","[-0.10859762 -0.01849669  0.08403932 -0.06825651 -0.00256048  0.14922255
  0.05100362  0.06114065  0.10112794  0.04811751]","[-0.3798602223396301, -0.07168986648321152, 0.07192757725715637, -0.5666971802711487, 0.20420260727405548, 0.4247674345970154, 0.08521530032157898, 0.07545967400074005, 0.6081067323684692, -0.14311349391937256]"
490,3.8203124999999996,"[-9.03989315e-01  4.27555084e-01  2.00000003e-01  0.00000000e+00
  0.00000000e+00 -2.20932007e-01  7.40607083e-02  2.81198118e-02
 -1.28099442e-01  6.88178837e-02  2.14446068e-01 -9.16083157e-02
  2.68127825e-02  1.02540970e-01 -6.85743541e-02  2.35164650e-02
  6.59370446e-04 -3.27472687e-02  1.38461115e-02 -1.56955537e-03
 -1.97801599e-03  1.91208851e-02  3.27472687e-02 -2.41756439e-03
 -1.58565138e-02 -1.26056647e+00  4.43250500e-02  2.11349458e-01
 -7.77925551e-01 -3.76062095e-01  3.10722589e-02  2.70089328e-01
 -6.07724428e-01  1.30435422e-01 -7.96340853e-02  5.98029159e-02
 -1.51733905e-02 -1.55333236e-01 -1.47072095e-02  1.01938188e-01
 -9.29326192e-02]","[-0.41945973 -0.00965363  0.04615598 -0.21020648 -0.08410962  0.00989634
  0.0768718  -0.13358304  0.04668594 -0.03131013]","[-0.45372387766838074, -0.0015500675654038787, 0.04972798004746437, -0.6395211219787598, 0.036634303629398346, 0.2768922448158264, 0.08331813663244247, -0.09363751113414764, 0.5411294102668762, -0.13720698654651642]"
500,3.8984375,"[-5.9569931e-01  8.0320752e-01  2.0000000e-01  0.0000000e+00
  0.0000000e+00 -1.9079494e-01  7.4442178e-02  1.7820129e-02
 -1.3153267e-01  4.7437176e-02  1.9727993e-01 -8.8556558e-02
  1.5367737e-02  9.6818924e-02 -8.5525155e-02  4.6154023e-03
  2.1982193e-04  6.3735964e-03 -1.2967015e-02 -1.1268957e-02
 -1.9560432e-02 -7.6923370e-03 -6.7033008e-02 -8.1318859e-03
 -4.4414005e-03 -1.5312798e+00 -2.4731520e-01  9.7793333e-02
 -6.3197863e-01 -4.9212849e-01 -6.6795647e-02  9.0358183e-02
 -1.9568613e-01  2.0783673e-01  7.3711544e-02  3.6451463e-02
 -7.6793311e-03 -5.2748635e-02 -6.9038589e-03  9.6545540e-02
 -1.3596602e-01]","[-0.38056657 -0.06425034  0.01833013 -0.15891956 -0.13116346 -0.02525473
  0.01640453 -0.04749459  0.04695622  0.01792239]","[-0.646750271320343, -0.09142766892910004, 0.015536715276539326, -0.661260187625885, 0.029262293130159378, 0.23290354013442993, 0.06015019118785858, -0.03753464296460152, 0.5547546744346619, -0.1326853334903717]"
510,3.9765625,"[-0.14673047  0.9891765   0.2         0.          0.         -0.19499111
  0.06490543  0.03155304 -0.16052532  0.04339361  0.18545437 -0.09466007
 -0.02773834  0.09567451 -0.09205621 -0.01604395 -0.00901098 -0.00593405
 -0.02351646  0.00127877 -0.00417585 -0.0046154   0.00593405 -0.00285711
 -0.0016893  -1.249721   -0.17368424 -0.03375611 -0.5382965  -0.4342301
 -0.13097352 -0.01893341 -0.21024418  0.11812878  0.05967033 -0.03225615
  0.01141024  0.00703766 -0.00637906  0.09906191 -0.14563823]","[-0.2928145  -0.04878562 -0.00134632 -0.12740935 -0.11252527 -0.04346344
 -0.01033659 -0.05041557  0.02387136  0.02954563]","[-0.5856568217277527, -0.07422871142625809, -0.018397444859147072, -0.641476035118103, 0.03819382190704346, 0.22060354053974152, 0.028309062123298645, -0.04433368891477585, 0.5313394069671631, -0.1431933045387268]"
520,4.0546875,"[ 3.3688986e-01  9.4154406e-01  2.0000000e-01  0.0000000e+00
  0.0000000e+00 -2.1940613e-01  5.5367738e-02  8.6648557e-03
 -1.8722820e-01  4.6908036e-02  1.7553616e-01 -1.0000065e-01
  8.7188743e-04  8.7281227e-02 -9.6012115e-02 -3.7363053e-03
 -5.4944991e-03 -2.3516465e-02 -2.4175644e-03  1.3701147e-03
 -6.8131448e-03 -1.0989190e-03  1.1648369e-02 -8.5714338e-03
  1.2710354e-04 -7.2503662e-01 -2.2126895e-01  2.1655872e-01
 -3.6460930e-01 -6.3373929e-01 -6.6738933e-01 -2.2833717e-01
 -2.0518309e-01 -2.2439909e-01  5.7659572e-01 -2.3992151e-02
 -1.1678608e-02  5.2950349e-02 -1.7547837e-02  9.9865533e-02
 -1.2940653e-01]","[-0.18847072 -0.0517574   0.05824035 -0.09516101 -0.16320094 -0.17397542
 -0.0585367  -0.05936899 -0.06165295  0.14329252]","[-0.4364093840122223, -0.08824142813682556, 0.03789644315838814, -0.5929598808288574, -0.004449641797691584, 0.09234163910150528, -0.02268054150044918, -0.03688883036375046, 0.45341381430625916, -0.012513955123722553]"
530,4.1328125,"[ 7.40951121e-01  6.71558976e-01  2.00000003e-01  0.00000000e+00
  0.00000000e+00 -2.13683128e-01  4.73568738e-02  7.52044655e-03
 -1.79980278e-01  4.32522297e-02  1.49976730e-01 -1.06104165e-01
  1.57492068e-02  6.09598160e-02 -8.15721154e-02  2.85711302e-03
 -5.49449911e-03  2.61538513e-02  5.93404798e-03 -1.04930846e-03
 -2.43955608e-02 -1.34065626e-02 -1.09891896e-03 -3.01098824e-02
  1.64852999e-02 -1.17581844e+00 -7.81384632e-02  6.79919198e-02
 -4.85589832e-01 -7.12005854e-01 -7.48150766e-01 -1.50191948e-01
 -1.34604305e-01 -2.08334565e-01  6.13298178e-01 -5.58184609e-02
 -1.76789649e-02  3.45340520e-02 -2.79674158e-02  9.18163434e-02
 -1.09553128e-01]","[-0.2548899  -0.02185235  0.01355955 -0.10563969 -0.16837515 -0.19540477
 -0.04553993 -0.01571302 -0.05710188  0.1691363 ]","[-0.5488728880882263, -0.04489144682884216, 0.012787969782948494, -0.6281960010528564, -0.024725859984755516, 0.06520025432109833, -0.007103402633219957, -0.038988254964351654, 0.4461647570133209, -0.010292577557265759]"
540,4.2109375,"[ 9.70031261e-01  2.42980182e-01  2.00000003e-01  0.00000000e+00
  0.00000000e+00 -2.23602295e-01  3.05722039e-02  3.04086301e-02
 -1.77309990e-01  4.39534634e-02  1.19459152e-01 -1.32045060e-01
  1.65121462e-02  7.55310059e-03 -5.28632253e-02 -9.45053156e-03
 -5.05495071e-03 -3.73630528e-03 -2.19821930e-04 -2.43457803e-03
 -8.13188590e-03 -1.03296284e-02  6.59370446e-04 -2.08790787e-02
  1.43207554e-02 -3.01398575e-01 -3.13367963e-01  8.17974687e-01
 -1.81596041e-01  2.52856672e-01  1.68611979e+00 -1.77768603e-01
 -4.47288975e-02  8.37187350e-01 -4.96404208e-02 -3.42396423e-02
  7.27966335e-03  7.64990458e-03 -4.69031781e-02  9.24308226e-02
 -1.02693565e-01]","[-0.08547705 -0.08606602  0.19990803 -0.04812729  0.07326674  0.40821648
 -0.03130542 -0.0154548   0.20473067 -0.02158854]","[-0.313780277967453, -0.11722258478403091, 0.22645805776119232, -0.5409590601921082, 0.19279110431671143, 0.6964229345321655, -0.01301056332886219, -0.0031911253463476896, 0.7277655005455017, -0.13548851013183594]"
550,4.2890625,"[ 9.7003126e-01 -2.4298018e-01  2.0000000e-01  0.0000000e+00
  0.0000000e+00 -2.3046875e-01  3.9727479e-02  9.2589147e-02
 -1.6510296e-01  6.3976571e-02  1.6332912e-01 -1.3776711e-01
  1.3078919e-02  2.0904541e-02 -3.6792755e-02 -9.8900795e-03
  5.8681298e-02  6.6153817e-02  1.0989190e-03  2.4951322e-02
  3.4945011e-02  1.7362595e-02 -1.3406563e-02  4.2417623e-02
 -1.0940574e-04 -5.5946112e-01 -5.6874615e-01  5.6471473e-01
 -1.9248009e-01  5.9177625e-01  1.3286595e+00  3.9450935e-01
 -8.0008656e-02  6.4435679e-01 -3.6918083e-01  8.0250338e-02
  3.1065334e-02 -2.9366940e-02 -4.4892382e-02  1.0180561e-01
 -1.1128666e-01]","[-0.15276214 -0.1468739   0.14990537 -0.04659512  0.13392082  0.3184873
  0.08222394  0.00294716  0.15956125 -0.09783008]","[-0.3769727945327759, -0.15531301498413086, 0.13756003975868225, -0.5487162470817566, 0.29556483030319214, 0.5948421955108643, 0.11098404228687286, -0.012461913749575615, 0.663184404373169, -0.24101153016090393]"
560,4.3671875,"[ 0.7409511  -0.671559    0.2         0.          0.         -0.21597195
  0.08588627  0.11700416 -0.13534737  0.08373098  0.22550964 -0.10152653
 -0.0056131   0.083848   -0.06410812  0.00725279 -0.00197802 -0.05120878
  0.00769234  0.01886673  0.01032963  0.02219782 -0.00197802  0.01999998
 -0.02537792 -0.28138077 -0.41600227  0.56410384 -0.07639074 -0.08997183
  1.0003473   0.5707921   0.06955221  0.52956283  0.14590913  0.07440714
 -0.0112843  -0.02617212 -0.01488857  0.10652324 -0.12764913]","[-0.04687527 -0.09056397  0.15604827 -0.00905053 -0.04426912  0.2595954
  0.12840025  0.01132378  0.13150087  0.04734449]","[-0.3434123396873474, -0.1410112977027893, 0.12933260202407837, -0.5271980166435242, 0.15840759873390198, 0.501703143119812, 0.16641201078891754, 0.029324384406208992, 0.6340524554252625, -0.14201121032238007]"
570,4.4453125,"[ 3.3688986e-01 -9.4154406e-01  2.0000000e-01  0.0000000e+00
  0.0000000e+00 -1.8087673e-01  6.4905435e-02  6.0164221e-02
 -1.1436653e-01  8.2414344e-02  2.3085022e-01 -7.4060708e-02
  5.4495241e-03  1.2619209e-01 -8.3984092e-02  2.0439530e-02
 -9.8900795e-03  1.5384675e-03  9.0109827e-03 -2.6294077e-02
 -8.1318859e-03  6.8131448e-03  2.7912045e-02  1.2087918e-02
 -9.3714846e-03  5.9291279e-01  2.8573754e-01  6.4311731e-01
  1.3209091e-01 -3.6718029e-01  1.4238138e+00  4.6841107e-02
 -7.4853346e-02  5.7538146e-01  3.4889829e-01  3.2288721e-03
 -3.5718599e-04  4.9085572e-02 -1.5270060e-03  9.8688193e-02
 -1.2368253e-01]","[ 0.15035367  0.07387248  0.15738167  0.03094627 -0.09318992  0.35949266
  0.00469596 -0.01548206  0.14610767  0.09142086]","[-0.11481177061796188, 0.02620970457792282, 0.1540822684764862, -0.46687257289886475, 0.05888647586107254, 0.5953258275985718, 0.05518150329589844, -0.009136717766523361, 0.6407521367073059, -0.06726818531751633]"
580,4.5234375,"[-1.4673047e-01 -9.8917651e-01  2.0000000e-01  0.0000000e+00
  0.0000000e+00 -1.4539909e-01  8.2453042e-02  8.7630041e-02
 -9.6818924e-02  5.5760115e-02  2.2550964e-01 -6.1089784e-02
  2.2998085e-02  1.4869881e-01 -9.1520131e-02  3.1868171e-02
  1.7802238e-02  4.1098882e-02  2.0879079e-02 -2.2486800e-03
  1.5384675e-03  8.1318859e-03 -2.2637367e-02  1.7802238e-02
  3.0493937e-04  4.9605212e-01  2.4916872e-01  5.6170225e-01
  1.4775968e-01 -4.3803442e-01  1.1525202e+00  4.8132002e-02
 -1.0659624e-01  4.0323895e-01  1.7720793e-01  4.5210026e-02
 -1.0008866e-02 -7.9053119e-03  8.9356843e-03  9.4952248e-02
 -1.0923942e-01]","[ 0.13882124  0.07270967  0.12825778  0.0453378  -0.12140398  0.26488703
  0.02982655 -0.03399199  0.08982603  0.04010848]","[-0.12416324764490128, 0.03253992274403572, 0.13440686464309692, -0.46710970997810364, 0.046900466084480286, 0.5565966963768005, 0.03840888291597366, -0.01784960925579071, 0.6123294234275818, -0.09322884678840637]"
590,4.6015625,"[-5.95699310e-01 -8.03207517e-01  2.00000003e-01  0.00000000e+00
  0.00000000e+00 -1.06107712e-01  1.06104165e-01  9.86926630e-02
 -5.75265884e-02  5.23922592e-02  2.31613159e-01 -4.50680554e-02
 -7.13897683e-03  1.67773247e-01 -1.02231055e-01  1.64834987e-02
  7.69233704e-03 -1.73625946e-02  1.07692722e-02 -1.39605708e-03
  1.53846748e-03  5.93404798e-03 -1.25274658e-02 -6.59370446e-04
 -6.75581861e-03 -2.14855552e+00  6.11973442e-02 -3.92881989e-01
 -9.32936907e-01 -3.58542621e-01  1.40147001e-01  2.80286640e-01
 -2.15579361e-01  2.67423689e-01 -3.88547271e-01  4.27127816e-02
 -7.13412929e-03 -6.20070994e-02  2.55573113e-02  9.43031237e-02
 -1.27574325e-01]","[-0.52184564  0.00855792 -0.1033771  -0.22450334 -0.09669077  0.03643536
  0.0571226  -0.03596514  0.06940892 -0.09230877]","[-0.7357376217842102, 0.003630830440670252, -0.08357473462820053, -0.7358039617538452, 0.06830030679702759, 0.28064557909965515, 0.11293831467628479, -0.09233436733484268, 0.5507795214653015, -0.25745394825935364]"
600,4.6796875,"[-0.9039893  -0.42755508  0.2         0.          0.         -0.13815117
  0.09923771  0.00790192 -0.08232212  0.04286921  0.22932434 -0.04316071
 -0.0357492   0.15899944 -0.12963808 -0.04593411 -0.02835169 -0.10791212
 -0.04153843 -0.00935041  0.00901098 -0.00681314 -0.00769234  0.00373631
 -0.01385987 -1.6985176  -0.00307209 -0.38080573 -0.8229852  -0.30778617
  0.07300662  0.03942959 -0.25406876  0.22447719 -0.38895193 -0.05291295
 -0.00282644 -0.0023688   0.02596678  0.0993716  -0.14645341]","[-0.4237896  -0.00893557 -0.06651066 -0.20865749 -0.06499054  0.02633429
  0.0094624  -0.08852614  0.05152753 -0.10508016]","[-0.6999115347862244, -0.043373771011829376, -0.1059296727180481, -0.7113872766494751, 0.06483542919158936, 0.26913973689079285, 0.0458730049431324, -0.038961198180913925, 0.5616503953933716, -0.2500845491886139]"
610,4.7578125,"[-9.98795450e-01  4.90676761e-02  2.00000003e-01  0.00000000e+00
  0.00000000e+00 -2.09105492e-01  5.95639050e-02 -1.27903208e-01
 -1.64721489e-01  3.38875800e-02  2.14827538e-01 -5.23159802e-02
  1.63482688e-03  1.44884109e-01 -1.28835857e-01 -2.96703335e-02
 -1.42857553e-02 -8.13188590e-03 -3.89011391e-02 -1.15665134e-04
 -1.16483690e-02 -5.05495071e-03  1.78022385e-02 -1.29670147e-02
  4.22804762e-04 -1.91714144e+00 -1.62690580e-01  2.35664070e-01
 -9.03185546e-01 -3.63046587e-01 -8.84500146e-02  1.82733506e-01
 -7.71512032e-01  1.00303411e-01 -1.09168783e-01 -6.11073188e-02
  5.31175220e-03  1.21435538e-01  4.51851729e-03  9.79509130e-02
 -1.20188586e-01]","[-0.4821521  -0.0461892   0.06524619 -0.22323668 -0.09269407 -0.02895347
  0.04426723 -0.1945041   0.02113746 -0.02229268]","[-0.724033772945404, -0.0711911991238594, 0.04515630006790161, -0.7245323061943054, 0.0676351860165596, 0.24011677503585815, 0.0733768567442894, -0.17517730593681335, 0.5295408964157104, -0.19192728400230408]"
620,4.8359375,"[-8.57728601e-01  5.14102757e-01  2.00000003e-01  0.00000000e+00
  0.00000000e+00 -2.46490479e-01  5.91824353e-02 -3.67309973e-02
 -2.09734917e-01  3.28932852e-02  1.86598778e-01 -7.21533597e-02
 -1.89645384e-02  1.22377396e-01 -1.22055352e-01 -1.51648521e-02
  2.41756439e-03  1.21978000e-01 -1.99999809e-02 -2.50379601e-03
 -1.78022385e-02 -2.17582714e-02 -7.49450698e-02 -1.25274658e-02
  4.02640505e-03 -1.68922198e+00 -2.68172413e-01  1.33417338e-01
 -7.05181539e-01 -5.79315424e-01 -5.41169405e-01  3.29961926e-02
 -4.56457168e-01 -7.38334954e-02  3.31597775e-01 -6.04070723e-02
  4.17657284e-05  1.12035312e-01 -1.33001413e-02  9.80960876e-02
 -7.11944550e-02]","[-0.39514956 -0.07104564  0.02096732 -0.16662823 -0.15589194 -0.16306381
 -0.00251091 -0.09421383 -0.03051618  0.10812191]","[-0.6945260167121887, -0.09793275594711304, 0.03334615007042885, -0.6863759756088257, 0.004826331045478582, 0.12620095908641815, 0.046511244028806686, -0.11686025559902191, 0.48800739645957947, -0.07879910618066788]"
630,4.9140625,"[-0.51410276  0.8577286   0.2         0.          0.         -0.26365662
  0.06070831  0.07122684 -0.23720169  0.02903429  0.14730644 -0.10076359
 -0.09220768  0.08880711 -0.10629463 -0.00329666 -0.00945053 -0.0147253
 -0.01032963 -0.00552813 -0.03142853 -0.00329666  0.0156044  -0.02263737
  0.00921239 -0.5508318  -0.36443794 -0.03628259 -0.30982617 -0.74595165
 -1.1196206  -0.4416531   0.09496958 -0.42820653  0.86063033 -0.04959531
 -0.01414306  0.0566337  -0.0307574   0.09522704 -0.03699513]","[-0.09141916 -0.11183377  0.01367049 -0.05895954 -0.18621062 -0.28401774
 -0.12898482  0.03404466 -0.11182132  0.24224666]","[-0.41875672340393066, -0.119765505194664, -0.022695280611515045, -0.5874207019805908, -0.039263300597667694, -0.025619208812713623, -0.07378289103507996, 0.027925467118620872, 0.3973768949508667, 0.056725505739450455]"
640,4.9921875,"[-4.9067676e-02  9.9879545e-01  2.0000000e-01  0.0000000e+00
  0.0000000e+00 -2.5526428e-01  3.0572204e-02  2.1798704e-03
 -2.3262405e-01  2.3160845e-02  9.3136787e-02 -1.1525944e-01
 -3.2315977e-02  2.6626587e-02 -7.9451784e-02  1.0329628e-02
 -2.6153851e-02 -4.5054913e-02  1.2087918e-02 -4.6630707e-04
 -3.5824206e-02 -1.7362595e-02  4.1977979e-02 -4.4615366e-02
  2.2213724e-02 -4.8199657e-01 -2.6964378e-01  6.1521310e-01
 -2.5691092e-01  2.4235740e-02  1.5398762e+00 -6.0580152e-01
  2.1217874e-01  8.7845492e-01  3.3883440e-01 -9.5907055e-02
 -4.0078495e-02  5.2624661e-02 -5.5593990e-02  8.5731655e-02
 -1.8343551e-02]","[-0.12361293 -0.06978257  0.15202385 -0.06441274  0.01855075  0.3872435
 -0.15227737  0.04243711  0.22012736  0.07443646]","[-0.3622087836265564, -0.10273724049329758, 0.15774695575237274, -0.5593359470367432, 0.1406339704990387, 0.6477804183959961, -0.10975298285484314, 0.056292496621608734, 0.7197417616844177, -0.05349898338317871]"
650,5.0703125,"[ 4.27555084e-01  9.03989315e-01  2.00000003e-01  0.00000000e+00
  0.00000000e+00 -2.48397827e-01  1.03543084e-02  4.83386591e-02
 -1.94476128e-01  5.04570007e-02  9.61894989e-02 -1.45015031e-01
  1.95639040e-02  6.40869141e-03 -4.88407612e-02  3.29666142e-03
  2.43955608e-02  1.03076935e-01  2.43955608e-02  2.76642274e-02
  6.96702972e-02 -5.93404798e-03  1.42857553e-02  5.20878807e-02
  1.01948828e-02 -5.91796041e-01 -5.18636644e-01  3.38504821e-01
 -2.49055386e-01  5.85751712e-01  1.40649796e+00 -1.20484270e-03
 -3.13041694e-02  7.14359462e-01 -2.52483726e-01  2.62776762e-02
  6.20716512e-02  4.15965840e-02 -7.66283497e-02  9.23878402e-02
  6.96852338e-03]","[-0.15170795 -0.13406165  0.0761117  -0.06054671  0.15545894  0.33125246
  0.02898804 -0.00186936  0.16963151 -0.07363832]","[-0.3900347352027893, -0.15240155160427094, 0.09545847773551941, -0.5618295669555664, 0.2751550078392029, 0.6196675300598145, -0.008742077276110649, 0.009903009980916977, 0.6945677995681763, -0.18667317926883698]"
660,5.1484375,"[ 0.8032075   0.5956993   0.2         0.          0.         -0.25144958
  0.04888275  0.08915592 -0.16395855  0.07042414  0.17782497 -0.12670448
  0.01994537  0.07965183 -0.05137779  0.00241756 -0.00109892 -0.05208788
  0.00505495  0.02424729  0.02439556  0.01428576 -0.01516485  0.01956043
 -0.02013147 -0.5506841  -0.4613501   0.47414663 -0.21990505  0.09193723
  1.0407414   0.39372241  0.04235937  0.5538853  -0.09869005  0.13328673
  0.00947936 -0.09447674 -0.04746004  0.10170988 -0.00689941]","[-0.12628198 -0.1095047   0.12306428 -0.05301944 -0.00588694  0.24971336
  0.10577945  0.00362582  0.13137491 -0.00604191]","[-0.40046000480651855, -0.15272562205791473, 0.109856516122818, -0.5545737147331238, 0.19938845932483673, 0.5156340003013611, 0.1136501133441925, 0.03208433464169502, 0.6442522406578064, -0.19451190531253815]"
670,5.2265625,"[ 0.9891765   0.14673047  0.2         0.          0.         -0.22245789
  0.04811981  0.02087189 -0.13839912  0.07843606  0.21063137 -0.09313419
  0.01231598  0.11131477 -0.0932892   0.0265934  -0.0054945   0.01999998
  0.02351646 -0.01257344  0.00769234  0.01604395  0.01384611  0.00153847
 -0.01720961 -0.8464265   0.08860064  0.24766797 -0.53867203 -0.73566866
  0.20302969  0.28254154 -0.5923726   0.11002567 -0.05042316  0.06789143
  0.00399824 -0.14532141 -0.00816128  0.10030751 -0.05915233]","[-0.3314309   0.03322148  0.02513467 -0.18051457 -0.16571549  0.0264957
  0.04882264 -0.13753228  0.02861637 -0.02444779]","[-0.4065597355365753, -0.031390752643346786, 0.07622788846492767, -0.5953307747840881, -0.01871538534760475, 0.3483370542526245, 0.10533538460731506, -0.10940592736005783, 0.5447288155555725, -0.14638593792915344]"
680,5.3046875,"[ 9.41544056e-01 -3.36889863e-01  2.00000003e-01  0.00000000e+00
  0.00000000e+00 -1.90413475e-01  4.96456921e-02  6.66492060e-02
 -1.24284744e-01  3.52401882e-02  2.01476097e-01 -9.38971341e-02
 -2.35421751e-02  1.18944168e-01 -1.02393359e-01  8.13188590e-03
  6.37359638e-03  4.61540231e-03 -5.93404798e-03 -1.81777738e-02
 -1.34065626e-02 -6.59370446e-04 -4.15384285e-02 -5.93404798e-03
  1.93093481e-04 -1.45921850e+00  2.10938573e-01 -4.97460306e-01
 -6.84310436e-01 -7.14743137e-01 -1.61824346e-01 -1.43562838e-01
 -7.04862177e-02  8.72032791e-02  5.24069741e-03  5.95946126e-02
 -1.30093135e-02 -2.62081865e-02  5.20378724e-03  9.81875658e-02
 -9.68495682e-02]","[-0.36759332  0.05217035 -0.12443429 -0.1756522  -0.18099272 -0.03895766
 -0.03675368 -0.02480804  0.02228649 -0.0046304 ]","[-0.6264430284500122, 0.018294936046004295, -0.12260433286428452, -0.6755642890930176, -0.0329071469604969, 0.2051084339618683, 0.0053213005885481834, -0.009476196020841599, 0.5254133343696594, -0.13962340354919434]"
690,5.3828125,"[ 6.71558976e-01 -7.40951121e-01  2.00000003e-01  0.00000000e+00
  0.00000000e+00 -1.92320824e-01  5.15530407e-02 -6.21246360e-03
 -1.42595291e-01  1.67303979e-02  1.85454369e-01 -9.46600735e-02
 -4.56683710e-02  1.10933304e-01 -1.06262535e-01 -1.78022385e-02
 -7.69233704e-03 -1.27252772e-01 -2.35164650e-02 -9.33241285e-03
 -1.07692722e-02 -2.19821930e-04  1.82417873e-02 -9.01098270e-03
 -2.87764356e-04 -1.41916096e+00  7.92244151e-02 -3.44784856e-01
 -6.51505411e-01 -5.52526891e-01  2.21077055e-02 -1.21287242e-01
 -2.10292250e-01  1.22674644e-01 -1.45165294e-01 -3.77586521e-02
 -4.33075521e-03  5.99799082e-02  1.26866950e-02  9.78631377e-02
 -9.31534544e-02]","[-0.359061    0.00645195 -0.06423487 -0.16413082 -0.14213812  0.00671386
 -0.02842047 -0.06645852  0.02919517 -0.03248238]","[-0.6151626706123352, -0.00034955888986587524, -0.11395952105522156, -0.666451632976532, 0.006423524115234613, 0.247136652469635, -0.001556292874738574, -0.035762980580329895, 0.5287361741065979, -0.18562600016593933]"
700,5.4609375,"[ 2.4298018e-01 -9.7003126e-01  2.0000000e-01  0.0000000e+00
  0.0000000e+00 -2.3390198e-01  2.4468688e-02 -1.4850353e-01
 -1.7196941e-01  1.0182098e-02  1.7248440e-01 -9.9619180e-02
  3.1607058e-03  1.0063362e-01 -1.1387470e-01 -1.9560432e-02
 -1.5384675e-03  7.2527886e-03 -5.0549507e-03 -1.4422156e-03
 -3.2966614e-03 -1.5384675e-03  2.7912045e-02 -4.6154023e-03
 -1.5845391e-03 -1.7285684e+00  1.2877829e-01  9.4978519e-02
 -7.8928334e-01 -4.8295748e-01 -1.7985240e-01  4.1444581e-03
 -7.7395236e-01 -6.5717727e-02 -4.1384127e-02 -5.0402902e-02
  9.9720517e-03  1.5990467e-01 -1.9421151e-03  9.9186465e-02
 -4.4168804e-02]","[-0.4346929   0.0302116   0.02571498 -0.1957118  -0.11745466 -0.05252458
  0.00165396 -0.19438805 -0.01912001 -0.00815778]","[-0.6751961708068848, -0.004740232601761818, 0.01143872644752264, -0.6946187019348145, 0.027643967419862747, 0.21700400114059448, 0.026962216943502426, -0.17608052492141724, 0.49014052748680115, -0.16551870107650757]"
710,5.5390625,"[-0.24298018 -0.97003126  0.2         0.          0.         -0.26556396
  0.02942779 -0.04245304 -0.17998028  0.00526869  0.16142178 -0.11716679
 -0.01286102  0.083848   -0.11072239 -0.01340656  0.00857143  0.08769226
 -0.00417585 -0.00443307 -0.00901098 -0.02263737 -0.07626372 -0.01208792
  0.00659331 -1.46191     0.15757681 -0.15419975 -0.62982225 -0.46679443
 -0.74095005 -0.08951001 -0.48976097 -0.34151962  0.28251174 -0.05259353
  0.00760171  0.10868721 -0.01480352  0.10356525  0.01564241]","[-0.35389084  0.02920628 -0.04360525 -0.15322183 -0.12749436 -0.20808174
 -0.03122685 -0.10648116 -0.09494513  0.08784736]","[-0.6360409259796143, 0.004016835242509842, -0.0332513228058815, -0.665421724319458, 0.030090978369116783, 0.08586868643760681, 0.013760415837168694, -0.12664708495140076, 0.42652690410614014, -0.09111376106739044]"
720,5.6171875,"[-6.71558976e-01 -7.40951121e-01  2.00000003e-01  0.00000000e+00
  0.00000000e+00 -2.77770996e-01  3.62942517e-02  3.65121439e-02
 -1.83413506e-01  2.55499780e-03  1.30521774e-01 -1.44633561e-01
 -7.73303583e-02  5.25674820e-02 -9.43127424e-02 -1.09891896e-03
 -2.19821930e-04 -3.93406861e-02 -1.09891896e-03 -1.19374650e-04
 -2.04395298e-02 -1.53846748e-03  1.64834987e-02 -2.83516888e-02
  7.24744797e-03 -1.07913232e+00 -6.29251357e-04 -3.37815344e-01
 -5.11632085e-01 -6.23095214e-01 -1.13506627e+00 -2.72340775e-01
 -9.20224637e-02 -5.11919677e-01  5.77980220e-01 -4.91362661e-02
 -1.41059775e-02  1.93229672e-02 -3.05474494e-02  1.00786977e-01
  4.17176262e-02]","[-0.26742375 -0.00683548 -0.0738946  -0.12441317 -0.15140304 -0.27597588
 -0.07162856 -0.02199796 -0.12598243  0.1397056 ]","[-0.5233826637268066, -0.025835538282990456, -0.09612581878900528, -0.6285434365272522, -0.0029283403418958187, -0.03251892328262329, -0.03763005509972572, -0.016727671027183533, 0.370958149433136, -0.009199482388794422]"
730,5.6953125,"[-9.4154406e-01 -3.3688986e-01  2.0000000e-01  0.0000000e+00
  0.0000000e+00 -2.7471924e-01  1.4931945e-02 -3.8256876e-02
 -1.8150616e-01  2.3962259e-03  8.5888863e-02 -1.5264443e-01
 -4.0708311e-02 -4.5776367e-04 -7.3782831e-02  2.4175644e-03
 -1.6923046e-02 -4.3736268e-02  2.1982193e-04 -1.9411577e-03
 -4.8131850e-02 -5.9340480e-03  2.3516465e-02 -3.6703300e-02
  1.2103863e-02 -8.0727983e-01 -1.5058252e-01  8.0905497e-02
 -3.6368328e-01 -3.8988072e-01 -1.1253142e+00 -1.7343758e-01
 -2.7716532e-01 -5.7936382e-01  7.5293946e-01 -7.0175827e-02
 -2.9833924e-02  5.9315611e-02 -5.0959498e-02  9.2951633e-02
  5.4620795e-02]","[-0.1670903  -0.06932697  0.05379441 -0.07395049 -0.09992482 -0.3008408
 -0.05721285 -0.06213832 -0.15418294  0.2284864 ]","[-0.468443363904953, -0.06291989982128143, 0.002890512812882662, -0.6024798154830933, 0.04385358840227127, -0.03141631931066513, -0.016736267134547234, -0.055857330560684204, 0.3622395694255829, 0.027346346527338028]"
740,5.7734375,"[-0.9891765   0.14673047  0.2         0.          0.         -0.26823425
 -0.00643131 -0.03062748 -0.17692852  0.00817753  0.0324831  -0.16714028
 -0.01286102 -0.06683445 -0.0518159   0.0046154   0.00285711  0.0485714
  0.0063736   0.0061141  -0.0257143  -0.01032963  0.00945053 -0.03362637
  0.01240729 -0.4335793  -0.36210507  0.67013323 -0.20932922  0.24250154
  1.7353001  -0.538312    0.07974054  0.90554386  0.35124674 -0.05154526
 -0.01449079  0.05744773 -0.0734508   0.08579747  0.08693492]","[-0.11534455 -0.09338996  0.17311886 -0.05192242  0.06575842  0.42426258
 -0.13424207  0.02129889  0.22407167  0.07689786]","[-0.3435121476650238, -0.12763607501983643, 0.17850302159786224, -0.5510650873184204, 0.200553759932518, 0.7117537260055542, -0.09731544554233551, 0.02250088006258011, 0.7367016673088074, -0.04437977075576782]"
750,5.8515625,"[-8.0320752e-01  5.9569931e-01  2.0000000e-01  0.0000000e+00
  0.0000000e+00 -2.6861572e-01  1.2643127e-02  4.4142492e-02
 -1.6281414e-01  3.7384018e-02  6.7959785e-02 -1.7400673e-01
 -6.7575071e-03 -4.8142433e-02 -3.1555220e-02 -7.2527886e-03
  4.3296721e-02  6.0439587e-02  6.3735964e-03  2.8765544e-02
  6.0000040e-02  5.0549507e-03  2.1982193e-04  7.0109844e-02
  6.9437646e-03 -6.2072539e-01 -4.4541436e-01  6.0598028e-01
 -1.9529036e-01  5.3815120e-01  1.2539032e+00 -1.6767310e-01
  7.5949468e-02  6.2680608e-01 -2.1929295e-01  5.0574694e-02
  4.3856222e-02 -8.7327473e-02 -7.6464519e-02  9.6160568e-02
  8.4431611e-02]","[-0.1562522  -0.10643692  0.14872788 -0.04924522  0.14167139  0.29420346
 -0.02620838  0.01730826  0.14601575 -0.07090371]","[-0.3901807963848114, -0.1351436972618103, 0.14614519476890564, -0.5499177575111389, 0.27695631980895996, 0.5887783765792847, -0.023043544963002205, 0.025130948051810265, 0.6720250844955444, -0.17950692772865295]"
760,5.9296875,"[-4.2755508e-01  9.0398932e-01  2.0000000e-01  0.0000000e+00
  0.0000000e+00 -2.6518250e-01  5.2315980e-02  6.3215978e-02
 -1.5671062e-01  5.8825359e-02  1.5913296e-01 -1.4844826e-01
 -3.7057493e-03  5.8670998e-02 -4.8746899e-02  6.8131448e-03
  1.1648369e-02 -2.7472496e-02  2.1982193e-04  1.4774038e-02
  2.3956014e-02  1.6483499e-02  9.0109827e-03  3.0109882e-02
 -2.4737958e-02 -4.8661700e-01 -3.2303423e-01  5.9655333e-01
 -2.1467534e-01  1.0610409e-01  9.1531610e-01  1.4274819e-01
  6.7940690e-02  4.7649214e-01  1.4293168e-02  1.0650387e-01
  5.0877174e-03 -1.2935077e-01 -5.1290032e-02  1.0016031e-01
  3.7722968e-02]","[-0.11391933 -0.07794001  0.1517316  -0.05112784  0.0077216   0.22613026
  0.03630646  0.01030559  0.11580529  0.01527049]","[-0.3795109689235687, -0.11184697598218918, 0.1336793303489685, -0.5544463396072388, 0.20246155560016632, 0.4815685749053955, 0.06494336575269699, 0.02692827396094799, 0.6196683645248413, -0.1645621806383133]"
770,6.0078125,"[ 4.90676761e-02  9.98795450e-01  2.00000003e-01  0.00000000e+00
  0.00000000e+00 -2.30468750e-01  6.87201321e-02  3.84194925e-02
 -1.43739700e-01  7.03460723e-02  1.79350853e-01 -1.20600015e-01
  4.30511497e-03  9.18588638e-02 -8.94729346e-02  2.39560138e-02
  2.19821930e-04  1.03296284e-02  1.12088202e-02 -5.34947217e-03
 -2.41756439e-03  5.05495071e-03  9.45053156e-03  5.93404798e-03
 -1.63218882e-02  2.05776393e-02 -1.33002222e-01  8.38376999e-01
 -2.53654495e-02 -4.00910318e-01  1.08889842e+00  1.13024704e-01
 -2.54485726e-01  4.23787385e-01  2.93233544e-01  5.59490249e-02
 -2.78402260e-03 -1.23781234e-01 -2.18047109e-02  9.64830518e-02
 -1.38283996e-02]","[ 0.01674913 -0.0318668   0.21682493 -0.00155775 -0.09961908  0.28619432
  0.03072288 -0.06812919  0.11093245  0.07696493]","[-0.2579868733882904, -0.07095318287611008, 0.19334429502487183, -0.5118011236190796, 0.05116593465209007, 0.5145195722579956, 0.055492475628852844, -0.04523657634854317, 0.6072114109992981, -0.07620368152856827]"
780,6.0859375,"[ 5.14102757e-01  8.57728601e-01  2.00000003e-01  0.00000000e+00
  0.00000000e+00 -1.88506126e-01  7.55865872e-02  7.77118281e-02
 -1.30769730e-01  5.07036597e-02  1.78969383e-01 -1.22125894e-01
 -1.13351438e-02  1.05592728e-01 -9.54178721e-02  1.64834987e-02
  5.49449911e-03  4.46153656e-02  1.03296284e-02 -1.69714205e-02
 -2.19821930e-04 -2.85711302e-03 -2.96703335e-02  9.89007950e-03
  4.80654696e-03  6.75502419e-03 -1.42956197e-01  9.46837604e-01
  3.95990163e-03 -1.83551922e-01  1.45234346e+00  6.26252219e-02
 -2.10495144e-01  5.64158916e-01  1.48189679e-01  4.44928296e-02
 -9.91669949e-04 -6.73984066e-02 -9.86334402e-03  9.52264965e-02
 -5.23268059e-02]","[-0.01046528 -0.04761767  0.22659652 -0.00138301 -0.04018463  0.3518551
  0.03055891 -0.05512889  0.13485192  0.02737767]","[-0.2360471785068512, -0.06095745414495468, 0.2307836264371872, -0.49695998430252075, 0.09565595537424088, 0.6165177822113037, 0.04448144510388374, -0.042508285492658615, 0.644659698009491, -0.10145607590675354]"
790,6.1640625,"[ 0.8577286   0.51410276  0.2         0.          0.         -0.16256618
  0.09008244  0.14599587 -0.10406685  0.0514501   0.1927023  -0.12098148
 -0.03346039  0.12924385 -0.09668991  0.00153847  0.0054945   0.00989008
  0.00505495  0.00107541  0.01164837  0.00197802 -0.00285711  0.01604395
 -0.00090671 -0.33313307 -0.45296556  0.5304213  -0.05341812 -0.08785603
  0.9063038   0.69780844 -0.17135864  0.36095524 -0.0100871   0.03183752
  0.00617705 -0.01278219  0.00383735  0.09948137 -0.06824508]","[-0.09027866 -0.11151022  0.12158509 -0.01549653 -0.02410375  0.21152629
  0.18231545 -0.04276484  0.08420668 -0.00492703]","[-0.32626235485076904, -0.1386159509420395, 0.13090355694293976, -0.5123094320297241, 0.12841345369815826, 0.49125242233276367, 0.19457198679447174, -0.03610946610569954, 0.5947893857955933, -0.15025955438613892]"
800,6.2421875,"[ 9.98795450e-01  4.90676761e-02  2.00000003e-01  0.00000000e+00
  0.00000000e+00 -1.60277367e-01  8.62677395e-02  1.22344740e-01
 -9.52930450e-02  4.71708477e-02  2.05672264e-01 -1.11826211e-01
 -2.92642210e-02  1.47935867e-01 -1.04743242e-01  6.59370446e-04
 -1.03296284e-02 -3.09889801e-02  1.09891896e-03 -3.71111115e-03
 -1.09891896e-03  7.69233704e-03  9.45053156e-03  2.19821930e-04
 -8.96838959e-03 -5.68717122e-01 -2.30046138e-01 -5.78991026e-02
 -2.24827111e-01 -5.20460129e-01  7.72781745e-02  3.01486850e-01
 -5.36944717e-02  1.13838285e-01  8.17818865e-02  2.82365419e-02
 -1.00086872e-02  2.37507764e-02  1.44520234e-02  9.81150791e-02
 -6.66490942e-02]","[-0.16634376 -0.04187413 -0.03875698 -0.07306967 -0.14657001 -0.00260086
  0.04455561 -0.02758161  0.01584838  0.01172618]","[-0.39025482535362244, -0.09320403635501862, -0.00477234460413456, -0.5507325530052185, 0.038487549871206284, 0.2929091155529022, 0.1314464658498764, -0.0019953036680817604, 0.5370984077453613, -0.13168157637119293]"
810,6.3203125,"[ 9.0398932e-01 -4.2755508e-01  2.0000000e-01  0.0000000e+00
  0.0000000e+00 -1.5722561e-01  8.0164224e-02  5.1771887e-02
 -8.6899757e-02  3.0737549e-02  1.9117641e-01 -1.0228947e-01
 -1.8583069e-02  1.3382149e-01 -1.1253247e-01 -2.1982193e-04
 -8.5714338e-03 -6.1758231e-02  5.0549507e-03 -7.1386914e-03
 -1.1648369e-02  4.1758539e-03  1.4285755e-02 -1.6483499e-02
 -1.8721449e-03 -1.5849059e+00  1.4153433e-01 -4.8312891e-01
 -7.1306366e-01 -6.5110785e-01 -3.9320797e-02 -9.0343811e-02
 -1.6797924e-01  1.5747927e-01 -1.6232751e-01 -2.7296382e-03
 -7.9159141e-03  1.3641493e-02  2.0666339e-02  9.5310643e-02
 -5.6453757e-02]","[-0.39282125  0.03761259 -0.11480522 -0.17838803 -0.1621642  -0.01031592
 -0.02603009 -0.04810557  0.03567507 -0.04168014]","[-0.6582595705986023, 0.009314161725342274, -0.13036014139652252, -0.6837071776390076, -0.013152080588042736, 0.23689177632331848, 0.012599589303135872, -0.037517208606004715, 0.5377062559127808, -0.19354893267154694]"
820,6.398437499999999,"[ 5.95699310e-01 -8.03207517e-01  2.00000003e-01  0.00000000e+00
  0.00000000e+00 -1.85072899e-01  7.17718899e-02 -3.44421789e-02
 -1.04448318e-01  1.62063539e-02  1.77824974e-01 -1.00382119e-01
 -9.42779519e-03  1.09407425e-01 -1.16640568e-01 -3.45054641e-02
 -8.13188590e-03 -6.30768761e-02 -2.52747536e-02 -1.50115583e-02
  2.41756439e-03  1.09891896e-03  9.45053156e-03 -4.61540231e-03
  1.37182453e-03 -1.50093532e+00  1.20437838e-01 -2.67725796e-01
 -6.85883224e-01 -4.79682267e-01 -2.39847898e-02 -1.44028470e-01
 -3.32111895e-01  7.92083591e-02 -2.67537892e-01 -3.63176577e-02
  1.30469510e-02  3.96129042e-02  1.43597489e-02  9.73224714e-02
 -4.87595797e-02]","[-0.3728738   0.0295193  -0.0563413  -0.16895106 -0.1118156   0.00153711
 -0.03431389 -0.09030633  0.01793776 -0.0710541 ]","[-0.6341240406036377, 0.004185245372354984, -0.09037251025438309, -0.6733580827713013, 0.024829458445310593, 0.23980458080768585, -0.005237282253801823, -0.066045843064785, 0.5197941660881042, -0.21384677290916443]"
830,6.476562500000001,"[ 1.46730468e-01 -9.89176512e-01  2.00000003e-01  0.00000000e+00
  0.00000000e+00 -2.32376099e-01  5.88009655e-02 -1.14170305e-01
 -1.47172928e-01  5.45613468e-03  1.76680565e-01 -1.03052408e-01
  7.73834251e-03  9.98706818e-02 -1.14522040e-01 -1.47253042e-02
  2.19821930e-04  2.08790787e-02 -1.38461115e-02  2.22302447e-06
 -2.41756439e-03 -3.73630528e-03  6.59370446e-04 -4.61540231e-03
  6.13178418e-04 -1.63779342e+00  7.37919435e-02  5.77082261e-02
 -7.29918897e-01 -4.39341366e-01 -1.22151196e-01 -3.40567902e-02
 -5.62125206e-01 -1.38758942e-02 -1.34223789e-01 -4.02411334e-02
  2.84253480e-03  5.90302199e-02  3.51683877e-04  9.98856127e-02
 -2.73884237e-02]","[-0.41175395  0.01832827  0.0128395  -0.18132035 -0.1086762  -0.03658842
 -0.00636596 -0.13944547 -0.00677576 -0.02931955]","[-0.6552457213401794, -0.011419123038649559, 0.0022125677205622196, -0.6810445189476013, 0.04139397293329239, 0.22886040806770325, 0.01937965303659439, -0.12816588580608368, 0.500101625919342, -0.19053994119167328]"
840,6.5546875,"[-3.3688986e-01 -9.4154406e-01  2.0000000e-01  0.0000000e+00
  0.0000000e+00 -2.5488281e-01  6.4523965e-02 -4.3978922e-02
 -1.7273235e-01  5.6665242e-03  1.6371059e-01 -1.1182621e-01
 -7.5204466e-03  8.5373878e-02 -1.0966286e-01 -8.1318859e-03
  6.3735964e-03  6.3516520e-02 -1.1208820e-02  5.9275009e-04
 -6.8131448e-03 -9.4505316e-03 -1.9999981e-02 -9.4505316e-03
  3.5028048e-03 -1.5280122e+00 -6.0990263e-02 -3.7229322e-02
 -6.2467176e-01 -5.2088052e-01 -4.8980147e-01 -6.2063992e-02
 -3.0475622e-01 -1.5506281e-01  1.9585912e-01 -3.7008133e-02
 -9.9802288e-05  3.2262214e-02 -1.3173623e-02  1.0012135e-01
 -7.3644863e-03]","[-0.36674428 -0.01572976 -0.01726691 -0.14962709 -0.13084088 -0.13685237
 -0.02025277 -0.06632195 -0.04710945  0.05994336]","[-0.6399598121643066, -0.0422092005610466, -0.01366248819977045, -0.661134660243988, 0.02225571870803833, 0.1400398463010788, 0.01827004738152027, -0.07701621949672699, 0.46689102053642273, -0.11248400062322617]"
850,6.6328125,"[-7.40951121e-01 -6.71558976e-01  2.00000003e-01  0.00000000e+00
  0.00000000e+00 -2.63275146e-01  6.64313138e-02  9.04632546e-03
 -1.87991142e-01  7.93668628e-03  1.42728806e-01 -1.22125894e-01
 -2.46865842e-02  6.32486343e-02 -9.80917513e-02 -6.59370446e-04
 -3.73630528e-03 -1.12088202e-02 -3.73630528e-03 -2.31378406e-04
 -1.60439499e-02 -3.73630528e-03  1.97801599e-03 -1.91208851e-02
  6.10244367e-03 -1.22357237e+00 -1.71943724e-01 -9.61803272e-02
 -5.28443515e-01 -6.25805914e-01 -8.90283406e-01 -1.61082104e-01
 -7.75188357e-02 -3.17077875e-01  5.33962250e-01 -2.98559051e-02
 -6.18556049e-03  1.62240141e-03 -2.56224629e-02  9.87682566e-02
 -8.95388832e-04]","[-0.30211827 -0.04631176 -0.02027317 -0.12859455 -0.15693317 -0.22729228
 -0.04352181 -0.01783935 -0.08441586  0.13810217]","[-0.561129093170166, -0.0665874034166336, -0.03772621601819992, -0.6337964534759521, -0.0020198137499392033, 0.033391620963811874, -0.010454968549311161, -0.012129410170018673, 0.4215812087059021, -0.026464279741048813]"
860,6.7109375,"[-9.7003126e-01 -2.4298018e-01  2.0000000e-01  0.0000000e+00
  0.0000000e+00 -2.6174927e-01  5.3841859e-02 -1.0027161e-02
 -1.9409466e-01  7.8262538e-03  1.1144829e-01 -1.2975624e-01
 -1.2861023e-02  2.5100708e-02 -7.9650223e-02  2.1982193e-04
 -1.3406563e-02 -1.0769272e-02  6.5937045e-04 -4.6902621e-04
 -2.9670333e-02 -9.8900795e-03  8.5714338e-03 -2.9230786e-02
  1.2451393e-02 -5.8676791e-01 -4.2823839e-01  3.4657878e-01
 -2.0485571e-01 -4.0713400e-01 -9.3930584e-01 -2.4980485e-01
  2.4947219e-02 -3.9384249e-01  9.1544229e-01 -5.8895424e-02
 -1.1931791e-02  4.6048593e-03 -4.1574948e-02  9.3665347e-02
 -2.5416531e-03]","[-0.04801802 -0.15837696  0.15946862 -0.00714992 -0.06271373 -0.16377029
 -0.08964571  0.01000552 -0.07058094  0.27674222]","[-0.4289935827255249, -0.12134788930416107, 0.059161484241485596, -0.5713266730308533, 0.043607499450445175, 0.023157542571425438, -0.024734219536185265, 0.005858994089066982, 0.4093749523162842, 0.0554807074368]"
870,6.789062499999999,"[-0.97003126  0.24298018  0.2         0.          0.         -0.25450134
  0.0343869   0.00980926 -0.18379498  0.01632959  0.07330036 -0.15111855
  0.00888275 -0.03326511 -0.04984221  0.00989008 -0.00373631  0.04109888
  0.01296701  0.00775048 -0.02263737 -0.01824179  0.00417585 -0.02879124
  0.01707941 -0.45668003 -0.3096183   0.6485847  -0.24419329  0.23941328
  1.5609291  -0.49553144  0.10961328  0.86827874  0.32275817 -0.06256951
 -0.00819018  0.02875804 -0.06517756  0.09107766  0.00953178]","[-0.11527251 -0.07913223  0.16400096 -0.06179317  0.061967    0.38664633
 -0.11661445  0.02745918  0.2186657   0.07974747]","[-0.3558286428451538, -0.10611852258443832, 0.16433721780776978, -0.5600405335426331, 0.19975978136062622, 0.6520276069641113, -0.09454894065856934, 0.03339873254299164, 0.7203710675239563, -0.05803535878658295]"
880,6.867187500000001,"[-7.40951121e-01  6.71558976e-01  2.00000003e-01  0.00000000e+00
  0.00000000e+00 -2.51068115e-01  4.20162976e-02  7.69488886e-02
 -1.59380913e-01  4.91487384e-02  9.92412567e-02 -1.67521745e-01
  1.23159792e-02 -3.02124023e-02 -2.66871005e-02 -6.81314478e-03
  2.30769161e-02  3.27472687e-02  3.29666142e-03  2.20514536e-02
  6.48351684e-02  6.81314478e-03  6.59370446e-04  5.34066223e-02
  4.00203746e-03 -5.90334177e-01 -3.93490195e-01  4.72785681e-01
 -2.12170333e-01  5.05110562e-01  1.14959550e+00 -7.13291764e-02
  1.18576236e-01  6.18346751e-01 -1.40351459e-01  6.17623366e-02
  2.98459418e-02 -4.87447605e-02 -6.90609664e-02  9.89215821e-02
  1.05617028e-02]","[-0.15064892 -0.09123474  0.10825648 -0.05185147  0.13977778  0.267633
  0.00153199  0.03129289  0.1366761  -0.0602364 ]","[-0.387927770614624, -0.12000250816345215, 0.10678143054246902, -0.5540714859962463, 0.2749216854572296, 0.5549439787864685, -0.0007535897311754525, 0.041149161756038666, 0.6639429926872253, -0.17185717821121216]"
890,6.9453125,"[-3.3688986e-01  9.4154406e-01  2.0000000e-01  0.0000000e+00
  0.0000000e+00 -2.4763489e-01  6.1853677e-02  5.5586584e-02
 -1.5060616e-01  6.7224979e-02  1.7324734e-01 -1.4501503e-01
  1.3078919e-02  5.5237770e-02 -4.5438260e-02  8.5714338e-03
  1.9780160e-03 -3.4505464e-02  1.0989190e-03  1.2883964e-02
  1.5604401e-02  1.4285755e-02 -6.5937045e-04  2.0439530e-02
 -2.4056304e-02 -4.0765685e-01 -2.8132170e-01  5.8055604e-01
 -2.0092079e-01  5.1752254e-02  8.6824805e-01  1.8682732e-01
  2.6370540e-02  4.6469817e-01  1.0737517e-01  1.0556932e-01
  2.1313918e-03 -1.2291279e-01 -4.1630708e-02  1.0070941e-01
 -2.8235255e-02]","[-0.08829394 -0.06612802  0.15517227 -0.04601072 -0.01009148  0.22013804
  0.04429147 -0.00031263  0.1145919   0.04147562]","[-0.3621896505355835, -0.10024865716695786, 0.12745365500450134, -0.5519538521766663, 0.19059254229068756, 0.4676614999771118, 0.07588473707437515, 0.021455438807606697, 0.6160098314285278, -0.14414432644844055]"
900,7.0234375,"[ 1.46730468e-01  9.89176512e-01  2.00000003e-01  0.00000000e+00
  0.00000000e+00 -2.13683128e-01  7.06274807e-02  2.54495237e-02
 -1.34965897e-01  7.40131736e-02  1.91557884e-01 -1.26323014e-01
  1.23159792e-02  8.30850601e-02 -7.93181062e-02  2.08790787e-02
  1.53846748e-03  1.91208851e-02  7.69233704e-03 -8.89537390e-03
 -6.59370446e-04 -6.59370446e-04  6.59370446e-04  8.13188590e-03
 -5.00380201e-03  1.84413880e-01  2.17888597e-02  8.46895099e-01
  1.90850720e-02 -3.14102709e-01  1.15740943e+00  6.53411224e-02
 -2.64597654e-01  4.50318724e-01  2.67020375e-01  3.99010070e-02
 -8.46285746e-03 -1.05876826e-01 -1.60223674e-02  9.76501629e-02
 -7.80146495e-02]","[ 0.04963306  0.00789142  0.21789846  0.00770263 -0.0730205   0.3046834
  0.01495387 -0.06473155  0.11760741  0.06601015]","[-0.21790924668312073, -0.03452872112393379, 0.19820964336395264, -0.4994153678417206, 0.06889431923627853, 0.5280832052230835, 0.04664456099271774, -0.05126376077532768, 0.6094352006912231, -0.08441487699747086]"
910,7.1015625,"[ 5.95699310e-01  8.03207517e-01  2.00000003e-01  0.00000000e+00
  0.00000000e+00 -1.75917625e-01  8.01642239e-02  8.57226923e-02
 -1.21995926e-01  5.74000925e-02  1.90794945e-01 -1.32045060e-01
 -5.99456765e-03  1.03303909e-01 -8.28586668e-02  1.78022385e-02
  1.07692722e-02  5.20878807e-02  1.16483690e-02 -1.73980463e-02
 -1.09891896e-03 -6.59370446e-04 -2.52747536e-02  1.29670147e-02
  2.11113584e-04  4.07420099e-03 -1.43515110e-01  7.99104869e-01
 -8.20651650e-04 -1.12629145e-01  1.36656857e+00  1.45701140e-01
 -1.95151091e-01  5.48748553e-01  1.15838662e-01  4.88711409e-02
 -7.35496124e-03 -2.29756944e-02 -4.09271009e-03  9.47346091e-02
 -1.03899725e-01]","[-0.01204892 -0.04701719  0.18975405 -0.00302996 -0.02433389  0.3282209
  0.05428651 -0.0504832   0.12974384  0.02021422]","[-0.2382318079471588, -0.05564570799469948, 0.19889616966247559, -0.49805840849876404, 0.11870889365673065, 0.599054753780365, 0.056100886315107346, -0.0371919721364975, 0.6407697796821594, -0.11321054399013519]"
920,7.179687499999999,"[ 9.03989315e-01  4.27555084e-01  2.00000003e-01  0.00000000e+00
  0.00000000e+00 -1.47306442e-01  9.54230130e-02  1.39129415e-01
 -9.41486359e-02  5.47394753e-02  2.00713158e-01 -1.24797136e-01
 -2.88827512e-02  1.30006790e-01 -9.19186920e-02  4.17585392e-03
  3.29666142e-03 -5.49449911e-03  3.73630528e-03  3.58568534e-04
  5.05495071e-03  4.61540231e-03 -2.19821930e-04  1.25274658e-02
 -4.01425688e-03 -3.56120676e-01 -3.76407385e-01  4.03358340e-01
 -6.00937977e-02 -1.02561787e-01  6.88789725e-01  7.57468581e-01
 -1.65260196e-01  2.77781665e-01 -2.98933499e-02  2.94690952e-02
 -4.31819772e-03 -2.39971443e-03  1.20871384e-02  9.55802724e-02
 -1.07552968e-01]","[-0.09857096 -0.08873881  0.09315157 -0.01834128 -0.03476219  0.14883393
  0.18541838 -0.03781331  0.06283904 -0.0060953 ]","[-0.3312581479549408, -0.12494422495365143, 0.10045163333415985, -0.5125232934951782, 0.12751956284046173, 0.4428039789199829, 0.2120443433523178, -0.03241964057087898, 0.5764041543006897, -0.15481020510196686]"
930,7.257812500000001,"[ 9.98795450e-01 -4.90676761e-02  2.00000003e-01  0.00000000e+00
  0.00000000e+00 -1.41584396e-01  9.08453763e-02  1.08993299e-01
 -8.61368179e-02  5.10583818e-02  2.05672264e-01 -1.16022378e-01
 -2.23977659e-02  1.45265579e-01 -1.03154838e-01  2.19821930e-04
 -9.89007950e-03 -4.19779792e-02  2.19821930e-04 -4.52313991e-03
 -2.41756439e-03  6.37359638e-03  6.37359638e-03 -2.19821930e-04
 -8.48817080e-03 -8.22134018e-01 -1.15491875e-01 -1.67680711e-01
 -3.61188293e-01 -5.39291501e-01 -1.52824670e-02  1.36358947e-01
 -1.69653922e-01  7.99761117e-02 -4.01944332e-02  2.20974125e-02
 -5.99327777e-03  2.50079464e-02  2.16523446e-02  9.33062807e-02
 -1.04526602e-01]","[-0.26493528 -0.00544506 -0.05801956 -0.12355983 -0.14730422 -0.00989345
  0.01452549 -0.06384512  0.0184174  -0.02808306]","[-0.4381793737411499, -0.06717463582754135, -0.030453620478510857, -0.5769242644309998, 0.03403294458985329, 0.2638106942176819, 0.0932399109005928, -0.023793745785951614, 0.5290093421936035, -0.1562669575214386]"
940,7.3359375,"[ 8.57728601e-01 -5.14102757e-01  2.00000003e-01  0.00000000e+00
  0.00000000e+00 -1.46924973e-01  8.28345120e-02  3.04086301e-02
 -8.19406509e-02  3.52216512e-02  1.89269066e-01 -1.07248574e-01
 -1.59127805e-02  1.28480911e-01 -1.13290131e-01 -5.05495071e-03
 -6.81314478e-03 -5.03296852e-02 -1.09891896e-03 -5.85444551e-03
 -1.03296284e-02  2.19821930e-04  2.85711302e-03 -2.13187225e-02
 -3.76896863e-03 -1.61567867e+00  1.25729680e-01 -4.26442385e-01
 -7.26765037e-01 -6.25461280e-01 -3.56417447e-02 -8.43211338e-02
 -2.33426094e-01  1.43738091e-01 -1.91102624e-01 -1.16570368e-02
 -8.39991681e-03  2.46552415e-02  2.53141522e-02  9.23652723e-02
 -9.22106653e-02]","[-0.4026414   0.03520639 -0.09821261 -0.18336314 -0.1513494  -0.00546038
 -0.02387306 -0.06807038  0.03324789 -0.05152526]","[-0.6652525067329407, 0.0017944596474990249, -0.11691136658191681, -0.6841430068016052, -0.00426048319786787, 0.24479807913303375, 0.015149148181080818, -0.04911410063505173, 0.5388091206550598, -0.20159120857715607]"
950,7.4140625,"[ 5.1410276e-01 -8.5772860e-01  2.0000000e-01  0.0000000e+00
  0.0000000e+00 -1.7401028e-01  7.4060708e-02 -4.3215983e-02
 -1.0597420e-01  2.3936868e-02  1.7706203e-01 -1.0877445e-01
 -1.2479553e-02  1.0750008e-01 -1.1394313e-01 -2.9230786e-02
 -5.4944991e-03 -4.1977979e-02 -3.0549431e-02 -8.4350668e-03
  6.5937045e-04 -2.1982193e-04  9.8900795e-03 -3.2966614e-03
  4.5881193e-04 -1.5462235e+00  9.1881372e-02 -2.0284250e-01
 -6.9742125e-01 -4.1735870e-01  3.6236160e-02 -8.8608116e-02
 -3.7660205e-01  9.7525343e-02 -2.9662359e-01 -3.8200285e-02
  7.6448871e-03  3.8421683e-02  1.6373422e-02  9.4214588e-02
 -8.4646158e-02]","[-0.38229984  0.02025835 -0.03942282 -0.17289546 -0.10047106  0.01049554
 -0.01961243 -0.10189865  0.0229283  -0.07393254]","[-0.6488429307937622, -0.0015941973542794585, -0.06979241967201233, -0.6801612377166748, 0.03721349686384201, 0.25367844104766846, 0.00916873849928379, -0.08117138594388962, 0.5253105759620667, -0.22016006708145142]"
960,7.4921875,"[ 4.90676761e-02 -9.98795450e-01  2.00000003e-01  0.00000000e+00
  0.00000000e+00 -2.22076416e-01  6.56683743e-02 -8.47971365e-02
 -1.55946732e-01  1.80901140e-02  1.76680565e-01 -1.11063272e-01
  2.77923606e-03  1.00252151e-01 -1.12786382e-01 -1.64834987e-02
 -1.09891896e-03  1.51648521e-02 -1.69230457e-02  2.42550755e-06
 -1.53846748e-03 -4.61540231e-03  2.19821930e-04 -4.17585392e-03
  9.81303281e-04 -1.60428977e+00 -1.97278317e-02  7.09388778e-02
 -6.84791327e-01 -3.89884293e-01 -9.45378095e-02  1.83297601e-02
 -5.04840434e-01  1.22909658e-02 -1.24354765e-01 -3.86924110e-02
  5.19790873e-03  5.45015000e-02  1.40872516e-03  9.67084020e-02
 -6.57564476e-02]","[-0.40041667 -0.00654579  0.01816521 -0.17083585 -0.09923145 -0.03079125
  0.00644777 -0.12702277  0.00103116 -0.02303242]","[-0.6497541069984436, -0.03209890052676201, 0.0055655380710959435, -0.6722725033760071, 0.05237052962183952, 0.2331560254096985, 0.032827816903591156, -0.11815273016691208, 0.506049394607544, -0.18661342561244965]"
970,7.570312499999999,"[-4.27555084e-01 -9.03989315e-01  2.00000003e-01  0.00000000e+00
  0.00000000e+00 -2.43438721e-01  7.02460110e-02 -3.52051184e-02
 -1.81887627e-01  1.80943012e-02  1.67525291e-01 -1.14877969e-01
 -4.46868874e-03  8.95700455e-02 -1.07830495e-01 -8.13188590e-03
  4.61540231e-03  3.49450111e-02 -9.01098270e-03  1.25886509e-04
 -7.69233704e-03 -5.05495071e-03 -1.07692722e-02 -6.37359638e-03
  1.91058649e-03 -1.51974118e+00 -1.98586941e-01  3.77482995e-02
 -6.05106056e-01 -5.28556824e-01 -4.35836792e-01 -5.23684360e-03
 -2.45446384e-01 -8.71241242e-02  2.40666240e-01 -3.32071483e-02
 -7.54038978e-04  2.39623096e-02 -1.07863788e-02  9.71684679e-02
 -4.83208522e-02]","[-0.36805755 -0.05118717  0.00387714 -0.1456716  -0.13568276 -0.12283529
 -0.00685944 -0.05230719 -0.02958707  0.07209401]","[-0.637042224407196, -0.0738433375954628, 0.0017289705574512482, -0.6557235717773438, 0.022283444181084633, 0.15304870903491974, 0.032342538237571716, -0.06289119273424149, 0.48224759101867676, -0.10223449021577835]"
980,7.648437500000001,"[-8.03207517e-01 -5.95699310e-01  2.00000003e-01  0.00000000e+00
  0.00000000e+00 -2.48779297e-01  7.13904202e-02  1.41693093e-03
 -1.95239067e-01  1.94364041e-02  1.49595261e-01 -1.20218545e-01
 -7.90191628e-03  6.74448013e-02 -9.42907333e-02 -2.19821930e-04
 -3.73630528e-03  2.19821930e-04 -4.61540231e-03 -9.31975141e-04
 -1.47253042e-02 -3.73630528e-03 -2.19821930e-04 -1.91208851e-02
  6.29182626e-03 -1.16338086e+00 -2.89463282e-01  6.91940188e-02
 -4.75140661e-01 -5.61493516e-01 -7.50104189e-01 -8.39233920e-02
 -3.91862802e-02 -2.18984872e-01  5.71156561e-01 -3.19853052e-02
 -7.55858887e-03 -1.01841707e-02 -2.25116052e-02  9.47355777e-02
 -4.58349288e-02]","[-0.27099788 -0.07894965  0.02516359 -0.11092906 -0.1413885  -0.19657922
 -0.02480455 -0.00487833 -0.05996014  0.15571243]","[-0.551537811756134, -0.09843691438436508, 0.004151687491685152, -0.6247247457504272, 0.007778876926749945, 0.0642508715391159, 0.010740556754171848, -0.0041483324021101, 0.44647133350372314, -0.014912160113453865]"
990,7.7265625,"[-9.89176512e-01 -1.46730468e-01  2.00000003e-01  0.00000000e+00
  0.00000000e+00 -2.48779297e-01  6.03268445e-02  1.79840066e-03
 -1.99053764e-01  1.91236734e-02  1.20985031e-01 -1.29374772e-01
  2.01629661e-03  3.08227539e-02 -7.35736936e-02 -2.19821930e-04
 -8.57143383e-03 -1.09891896e-03 -2.19821930e-04 -1.20925426e-04
 -2.87912376e-02 -1.12088202e-02  4.17585392e-03 -3.01098824e-02
  1.32427095e-02 -2.99033940e-01 -4.47430015e-01  1.05205500e+00
 -1.88226134e-01 -3.70895863e-03  1.71091676e+00 -1.98104143e-01
 -8.22406560e-02  8.64233077e-01  5.46294391e-01 -5.50996587e-02
 -8.19560327e-03  5.25834085e-03 -3.90484072e-02  9.16585326e-02
 -4.95710522e-02]","[-0.08349241 -0.08781156  0.22589931 -0.05228662  0.00697944  0.4180519
 -0.08510186  0.00275089  0.21341448  0.12419522]","[-0.31272318959236145, -0.1649947315454483, 0.23775170743465424, -0.5319429039955139, 0.1271434724330902, 0.49972590804100037, -0.017978442832827568, -0.01393398642539978, 0.6376607418060303, 0.033807698637247086]"
1000,7.8046875,"[-0.94154406  0.33688986  0.2         0.          0.         -0.23657227
  0.05040863  0.08610416 -0.17730999  0.039873    0.12747002 -0.15073708
  0.00392365  0.01670837 -0.04202615  0.0147253   0.00285711  0.14483519
  0.0367033   0.02464799  0.02175827 -0.01516485 -0.01956043  0.02263737
  0.01946126 -0.48161647 -0.33721244  0.48251197 -0.24961981  0.37406594
  1.2930474  -0.07882839  0.04231226  0.7118678   0.18424425 -0.02866067
  0.04154186 -0.01727186 -0.05764522  0.09754086 -0.04842704]","[-0.11902697 -0.08872094  0.10926623 -0.06211761  0.09666823  0.31640422
  0.0053904   0.01439027  0.17896613  0.0504197 ]","[-0.3657315671443939, -0.11062704771757126, 0.12432987242937088, -0.5617446303367615, 0.22976356744766235, 0.5854683518409729, -0.016295602545142174, 0.022691726684570312, 0.6837575435638428, -0.09554634988307953]"
1010,7.8828125,"[-0.671559    0.7409511   0.2         0.          0.         -0.23161316
  0.07177189  0.1620176  -0.1570921   0.06569061  0.17553616 -0.15836647
 -0.00523163  0.0548563  -0.01999314  0.00109892 -0.00593405 -0.06351652
  0.00241756  0.02006791  0.01868134  0.01208792  0.00769234  0.02351646
 -0.00580452 -0.48875505 -0.1983008   0.29525194 -0.20637599  0.35675222
  0.8177075   0.272504    0.28472027  0.48175123 -0.00808791  0.09486465
  0.0099535  -0.09481851 -0.04964535  0.10028412 -0.0725347 ]","[-0.11328125 -0.04653778  0.07875817 -0.05174027  0.06760865  0.19077319
  0.06648384  0.07416201  0.11838184  0.01246977]","[-0.37517789006233215, -0.08218244463205338, 0.0697576180100441, -0.5515119433403015, 0.24782632291316986, 0.4627387225627899, 0.08653277903795242, 0.08522848784923553, 0.6281615495681763, -0.15421494841575623]"
1020,7.960937499999999,"[-2.42980182e-01  9.70031261e-01  2.00000003e-01  0.00000000e+00
  0.00000000e+00 -2.13683128e-01  6.68127835e-02  4.10897806e-02
 -1.37636185e-01  7.74014443e-02  2.08342552e-01 -1.25560075e-01
  2.71942522e-02  8.72812271e-02 -5.75738847e-02  1.60439499e-02
  1.97801599e-03 -4.85713966e-02  1.69230457e-02  2.54525454e-03
  9.01098270e-03  2.39560138e-02  4.41758148e-02  2.19821930e-04
 -2.56495122e-02 -3.85546833e-02  1.04339287e-01  4.00200576e-01
 -1.43369257e-01 -4.52038348e-01  3.97660524e-01  1.82151720e-01
 -1.67989790e-01  2.23691776e-01  2.61342794e-01  9.34647620e-02
 -2.60493439e-03 -1.09517731e-01 -1.16947005e-02  1.00915216e-01
 -1.18832245e-01]","[-0.01549154  0.03518832  0.09539122 -0.03921759 -0.11739175  0.07477594
  0.0446908  -0.07696991  0.04025712  0.04170142]","[-0.27651721239089966, -0.015590595081448555, 0.08960479497909546, -0.5416349768638611, 0.061724789440631866, 0.36119315028190613, 0.08227799087762833, -0.012949950061738491, 0.5665145516395569, -0.08416533470153809]"
1030,8.0390625,"[ 2.4298018e-01  9.7003126e-01  2.0000000e-01  0.0000000e+00
  0.0000000e+00 -1.7591763e-01  7.4060708e-02  2.3923645e-02
 -1.1322212e-01  5.1605150e-02  2.0376492e-01 -1.1030033e-01
  4.8175089e-02  9.0332985e-02 -7.2961509e-02  1.9120885e-02
  8.1318859e-03  3.2307722e-02  7.2527886e-03 -3.9108790e-02
 -1.3406563e-02 -6.8131448e-03 -3.9340686e-02 -2.1982193e-04
  3.3897904e-04 -1.7267421e+00 -1.2164656e-01  6.4077131e-02
 -6.1495447e-01 -4.4507205e-01  1.2758300e-02  1.7219767e-01
 -2.5553244e-01  1.9318025e-01 -7.1011081e-02  2.7644437e-02
 -2.8468747e-02 -5.4151595e-02  7.1527064e-04  9.3556732e-02
 -1.5190443e-01]","[-0.40449253 -0.02852801  0.00660305 -0.14627448 -0.11264482  0.005465
  0.03160003 -0.05043545  0.04952    -0.0164067 ]","[-0.6925666928291321, -0.05355101451277733, 0.0268564410507679, -0.6639975309371948, 0.043647702783346176, 0.2513156533241272, 0.08563660830259323, -0.08256740868091583, 0.5438170433044434, -0.16944696009159088]"
1040,8.1171875,"[ 6.71558976e-01  7.40951121e-01  2.00000003e-01  0.00000000e+00
  0.00000000e+00 -1.75917625e-01  7.71124661e-02  5.36792353e-02
 -1.24284744e-01  4.05402482e-02  1.86598778e-01 -1.17929727e-01
  2.39776634e-03  8.84256363e-02 -9.11516547e-02 -1.99999809e-02
 -7.69233704e-03 -1.69230457e-02 -3.23077217e-02 -2.04638555e-03
  1.97801599e-03 -2.85711302e-03 -5.49449911e-03  2.19821930e-04
 -7.76077760e-03 -1.13488245e+00 -2.73826029e-02 -1.74958467e-01
 -4.49467272e-01 -4.68842268e-01 -1.81243241e-01 -1.13233298e-01
 -1.57236069e-01  3.68856974e-02 -2.01339014e-02 -1.55319683e-02
  7.28273066e-03  1.60799269e-02  6.70984806e-03  9.47224945e-02
 -1.59225181e-01]","[-0.27471906 -0.00648289 -0.03253105 -0.11498033 -0.11732048 -0.05255145
 -0.02901145 -0.04601785  0.00616025  0.00053384]","[-0.553399920463562, -0.044192541390657425, -0.05090968310832977, -0.6175017952919006, 0.028671711683273315, 0.21097390353679657, 0.008679037913680077, -0.025775153189897537, 0.5180848240852356, -0.15733012557029724]"
